id,tvt
000d7d20_1442,11745.897
000d7d20_1443,11746.873
000d7d20_1444,11747.19
000d7d20_1445,11747.334
000d7d20_1446,11747.261
000d7d20_1447,11746.888
000d7d20_1448,11746.951
000d7d20_1449,11747.25
000d7d20_1450,11747.639
000d7d20_1451,11747.169
000d7d20_1452,11746.994
000d7d20_1453,11746.086
000d7d20_1454,11746.061
000d7d20_1455,11746.215
000d7d20_1456,11746.678
000d7d20_1457,11747.015
000d7d20_1458,11747.205
000d7d20_1459,11746.88
000d7d20_1460,11747.049
000d7d20_1461,11747.1
000d7d20_1462,11747.455
000d7d20_1463,11747.784
000d7d20_1464,11747.533
000d7d20_1465,11747.266
000d7d20_1466,11746.946
000d7d20_1467,11746.322
000d7d20_1468,11746.076
000d7d20_1469,11744.672
000d7d20_1470,11742.964
000d7d20_1471,11741.287
000d7d20_1472,11743.032
000d7d20_1473,11743.573
000d7d20_1474,11745.303
000d7d20_1475,11746.153
000d7d20_1476,11746.211
000d7d20_1477,11746.298
000d7d20_1478,11746.224
000d7d20_1479,11746.184
000d7d20_1480,11746.212
000d7d20_1481,11746.464
000d7d20_1482,11746.697
000d7d20_1483,11746.999
000d7d20_1484,11746.797
000d7d20_1485,11746.574
000d7d20_1486,11746.809
000d7d20_1487,11746.682
000d7d20_1488,11746.995
000d7d20_1489,11746.925
000d7d20_1490,11746.68
000d7d20_1491,11746.148
000d7d20_1492,11746.119
000d7d20_1493,11746.108
000d7d20_1494,11746.357
000d7d20_1495,11746.031
000d7d20_1496,11746.799
000d7d20_1497,11747.049
000d7d20_1498,11746.112
000d7d20_1499,11746.306
000d7d20_1500,11746.578
000d7d20_1501,11746.709
000d7d20_1502,11746.891
000d7d20_1503,11746.443
000d7d20_1504,11746.178
000d7d20_1505,11745.786
000d7d20_1506,11745.8955
000d7d20_1507,11746.3
000d7d20_1508,11746.971
000d7d20_1509,11747.237
000d7d20_1510,11747.303
000d7d20_1511,11747.058
000d7d20_1512,11747.413
000d7d20_1513,11747.68
000d7d20_1514,11747.592
000d7d20_1515,11747.166
000d7d20_1516,11746.08
000d7d20_1517,11746.048
000d7d20_1518,11745.929
000d7d20_1519,11746.505
000d7d20_1520,11746.639
000d7d20_1521,11747.158
000d7d20_1522,11746.852
000d7d20_1523,11747.047
000d7d20_1524,11747.146
000d7d20_1525,11747.226
000d7d20_1526,11747.537
000d7d20_1527,11747.606
000d7d20_1528,11747.406
000d7d20_1529,11747.596
000d7d20_1530,11746.869
000d7d20_1531,11746.404
000d7d20_1532,11746.158
000d7d20_1533,11744.518
000d7d20_1534,11743.223
000d7d20_1535,11741.588
000d7d20_1536,11743.377
000d7d20_1537,11743.889
000d7d20_1538,11745.575
000d7d20_1539,11746.672
000d7d20_1540,11746.432
000d7d20_1541,11746.28
000d7d20_1542,11746.311
000d7d20_1543,11746.12
000d7d20_1544,11747.016
000d7d20_1545,11747.041
000d7d20_1546,11747.341
000d7d20_1547,11747.539
000d7d20_1548,11747.286
000d7d20_1549,11747.231
000d7d20_1550,11746.7705
000d7d20_1551,11747.301
000d7d20_1552,11747.333
000d7d20_1553,11747.283
000d7d20_1554,11746.984
000d7d20_1555,11746.379
000d7d20_1556,11745.839
000d7d20_1557,11745.5205
000d7d20_1558,11746.161
000d7d20_1559,11746.528
000d7d20_1560,11746.829
000d7d20_1561,11747.159
000d7d20_1562,11746.83
000d7d20_1563,11746.864
000d7d20_1564,11747.204
000d7d20_1565,11747.351
000d7d20_1566,11746.88
000d7d20_1567,11746.817
000d7d20_1568,11746.015
000d7d20_1569,11745.992
000d7d20_1570,11746.381
000d7d20_1571,11747.269
000d7d20_1572,11747.542
000d7d20_1573,11747.083
000d7d20_1574,11747.41
000d7d20_1575,11746.95
000d7d20_1576,11746.832
000d7d20_1577,11747.529
000d7d20_1578,11747.437
000d7d20_1579,11747.739
000d7d20_1580,11747.025
000d7d20_1581,11746.798
000d7d20_1582,11746.251
000d7d20_1583,11746.506
000d7d20_1584,11746.609
000d7d20_1585,11746.763
000d7d20_1586,11747.295
000d7d20_1587,11747.661
000d7d20_1588,11747.166
000d7d20_1589,11747.628
000d7d20_1590,11747.062
000d7d20_1591,11747.892
000d7d20_1592,11747.704
000d7d20_1593,11747.7
000d7d20_1594,11746.885
000d7d20_1595,11746.846
000d7d20_1596,11746.654
000d7d20_1597,11744.639
000d7d20_1598,11742.799
000d7d20_1599,11740.834
000d7d20_1600,11743.13
000d7d20_1601,11743.021
000d7d20_1602,11745.329
000d7d20_1603,11746.761
000d7d20_1604,11746.604
000d7d20_1605,11746.436
000d7d20_1606,11746.33
000d7d20_1607,11746.458
000d7d20_1608,11746.553
000d7d20_1609,11746.925
000d7d20_1610,11747.257
000d7d20_1611,11747.349
000d7d20_1612,11747.139
000d7d20_1613,11747.028
000d7d20_1614,11746.848
000d7d20_1615,11746.992
000d7d20_1616,11747.266
000d7d20_1617,11747.264
000d7d20_1618,11746.81
000d7d20_1619,11746.428
000d7d20_1620,11745.951
000d7d20_1621,11745.992
000d7d20_1622,11746.536
000d7d20_1623,11747.086
000d7d20_1624,11747.149
000d7d20_1625,11747.244
000d7d20_1626,11746.768
000d7d20_1627,11746.817
000d7d20_1628,11746.989
000d7d20_1629,11747.118
000d7d20_1630,11746.998
000d7d20_1631,11746.968
000d7d20_1632,11746.547
000d7d20_1633,11746.076
000d7d20_1634,11746.305
000d7d20_1635,11746.662
000d7d20_1636,11747.275
000d7d20_1637,11747.403
000d7d20_1638,11747.622
000d7d20_1639,11747.311
000d7d20_1640,11747.257
000d7d20_1641,11747.425
000d7d20_1642,11747.714
000d7d20_1643,11747.426
000d7d20_1644,11746.922
000d7d20_1645,11746.627
000d7d20_1646,11746.281
000d7d20_1647,11746.466
000d7d20_1648,11747.104
000d7d20_1649,11747.305
000d7d20_1650,11747.392
000d7d20_1651,11747.017
000d7d20_1652,11747.283
000d7d20_1653,11747.436
000d7d20_1654,11747.69
000d7d20_1655,11748.019
000d7d20_1656,11747.958
000d7d20_1657,11747.549
000d7d20_1658,11746.818
000d7d20_1659,11746.822
000d7d20_1660,11746.401
000d7d20_1661,11744.795
000d7d20_1662,11743.278
000d7d20_1663,11741.523
000d7d20_1664,11743.322
000d7d20_1665,11743.729
000d7d20_1666,11745.785
000d7d20_1667,11746.777
000d7d20_1668,11746.692
000d7d20_1669,11746.465
000d7d20_1670,11746.624
000d7d20_1671,11746.722
000d7d20_1672,11746.791
000d7d20_1673,11746.805
000d7d20_1674,11747.183
000d7d20_1675,11747.433
000d7d20_1676,11747.494
000d7d20_1677,11747.209
000d7d20_1678,11747.106
000d7d20_1679,11747.221
000d7d20_1680,11747.436
000d7d20_1681,11747.171
000d7d20_1682,11747.068
000d7d20_1683,11746.432
000d7d20_1684,11745.993
000d7d20_1685,11746.05
000d7d20_1686,11746.465
000d7d20_1687,11747.127
000d7d20_1688,11747.33
000d7d20_1689,11746.916
000d7d20_1690,11746.811
000d7d20_1691,11746.642
000d7d20_1692,11747.217
000d7d20_1693,11747.09
000d7d20_1694,11747.058
000d7d20_1695,11746.558
000d7d20_1696,11746.123
000d7d20_1697,11746.015
000d7d20_1698,11746.893
000d7d20_1699,11746.949
000d7d20_1700,11746.705
000d7d20_1701,11746.871
000d7d20_1702,11747.742
000d7d20_1703,11746.567
000d7d20_1704,11747.107
000d7d20_1705,11747.055
000d7d20_1706,11747.631
000d7d20_1707,11747.409
000d7d20_1708,11747.01
000d7d20_1709,11746.586
000d7d20_1710,11746.4795
000d7d20_1711,11746.784
000d7d20_1712,11747.0
000d7d20_1713,11747.101
000d7d20_1714,11747.404
000d7d20_1715,11747.038
000d7d20_1716,11747.136
000d7d20_1717,11747.186
000d7d20_1718,11747.756
000d7d20_1719,11748.271
000d7d20_1720,11748.0
000d7d20_1721,11747.473
000d7d20_1722,11747.134
000d7d20_1723,11746.881
000d7d20_1724,11746.414
000d7d20_1725,11744.865
000d7d20_1726,11743.166
000d7d20_1727,11741.761
000d7d20_1728,11742.931
000d7d20_1729,11743.722
000d7d20_1730,11745.419
000d7d20_1731,11746.7
000d7d20_1732,11746.506
000d7d20_1733,11746.7295
000d7d20_1734,11746.76
000d7d20_1735,11746.756
000d7d20_1736,11746.435
000d7d20_1737,11746.536
000d7d20_1738,11746.861
000d7d20_1739,11747.061
000d7d20_1740,11747.399
000d7d20_1741,11747.408
000d7d20_1742,11746.94
000d7d20_1743,11747.099
000d7d20_1744,11747.182
000d7d20_1745,11747.067
000d7d20_1746,11746.724
000d7d20_1747,11746.123
000d7d20_1748,11745.903
000d7d20_1749,11745.83
000d7d20_1750,11746.121
000d7d20_1751,11746.943
000d7d20_1752,11747.014
000d7d20_1753,11746.992
000d7d20_1754,11746.77
000d7d20_1755,11746.91
000d7d20_1756,11747.0
000d7d20_1757,11747.21
000d7d20_1758,11747.341
000d7d20_1759,11746.735
000d7d20_1760,11746.248
000d7d20_1761,11745.971
000d7d20_1762,11746.418
000d7d20_1763,11746.932
000d7d20_1764,11747.916
000d7d20_1765,11747.615
000d7d20_1766,11747.252
000d7d20_1767,11746.671
000d7d20_1768,11746.896
000d7d20_1769,11747.073
000d7d20_1770,11747.37
000d7d20_1771,11747.268
000d7d20_1772,11747.153
000d7d20_1773,11746.611
000d7d20_1774,11746.428
000d7d20_1775,11746.721
000d7d20_1776,11746.842
000d7d20_1777,11747.521
000d7d20_1778,11747.322
000d7d20_1779,11747.107
000d7d20_1780,11747.154
000d7d20_1781,11747.435
000d7d20_1782,11747.633
000d7d20_1783,11747.8
000d7d20_1784,11747.856
000d7d20_1785,11747.3545
000d7d20_1786,11746.964
000d7d20_1787,11746.703
000d7d20_1788,11746.391
000d7d20_1789,11744.658
000d7d20_1790,11743.278
000d7d20_1791,11741.595
000d7d20_1792,11743.053
000d7d20_1793,11743.783
000d7d20_1794,11745.669
000d7d20_1795,11746.768
000d7d20_1796,11746.721
000d7d20_1797,11746.534
000d7d20_1798,11746.502
000d7d20_1799,11746.574
000d7d20_1800,11746.58
000d7d20_1801,11746.482
000d7d20_1802,11746.951
000d7d20_1803,11747.322
000d7d20_1804,11747.357
000d7d20_1805,11747.25
000d7d20_1806,11747.067
000d7d20_1807,11746.828
000d7d20_1808,11747.308
000d7d20_1809,11747.219
000d7d20_1810,11746.899
000d7d20_1811,11746.439
000d7d20_1812,11745.696
000d7d20_1813,11745.84
000d7d20_1814,11746.383
000d7d20_1815,11746.6875
000d7d20_1816,11747.055
000d7d20_1817,11747.006
000d7d20_1818,11746.858
000d7d20_1819,11746.664
000d7d20_1820,11746.702
000d7d20_1821,11746.963
000d7d20_1822,11746.974
000d7d20_1823,11746.607
000d7d20_1824,11746.226
000d7d20_1825,11746.416
000d7d20_1826,11746.345
000d7d20_1827,11746.281
000d7d20_1828,11746.28
000d7d20_1829,11748.137
000d7d20_1830,11746.8545
000d7d20_1831,11746.377
000d7d20_1832,11747.404
000d7d20_1833,11746.9795
000d7d20_1834,11747.569
000d7d20_1835,11747.63
000d7d20_1836,11747.0625
000d7d20_1837,11746.382
000d7d20_1838,11746.356
000d7d20_1839,11746.417
000d7d20_1840,11746.894
000d7d20_1841,11747.182
000d7d20_1842,11747.299
000d7d20_1843,11746.867
000d7d20_1844,11747.236
000d7d20_1845,11747.078
000d7d20_1846,11747.613
000d7d20_1847,11747.88
000d7d20_1848,11747.93
000d7d20_1849,11747.427
000d7d20_1850,11747.284
000d7d20_1851,11746.503
000d7d20_1852,11746.354
000d7d20_1853,11744.752
000d7d20_1854,11743.099
000d7d20_1855,11741.385
000d7d20_1856,11743.192
000d7d20_1857,11743.502
000d7d20_1858,11745.459
000d7d20_1859,11746.694
000d7d20_1860,11746.68
000d7d20_1861,11746.4375
000d7d20_1862,11746.612
000d7d20_1863,11746.443
000d7d20_1864,11746.675
000d7d20_1865,11746.911
000d7d20_1866,11747.306
000d7d20_1867,11747.079
000d7d20_1868,11747.289
000d7d20_1869,11746.996
000d7d20_1870,11747.009
000d7d20_1871,11747.162
000d7d20_1872,11747.217
000d7d20_1873,11747.529
000d7d20_1874,11746.834
000d7d20_1875,11746.348
000d7d20_1876,11745.893
000d7d20_1877,11746.051
000d7d20_1878,11746.187
000d7d20_1879,11746.826
000d7d20_1880,11746.817
000d7d20_1881,11746.9795
000d7d20_1882,11746.937
000d7d20_1883,11747.083
000d7d20_1884,11746.868
000d7d20_1885,11747.026
000d7d20_1886,11746.825
000d7d20_1887,11746.645
000d7d20_1888,11746.389
000d7d20_1889,11746.01
000d7d20_1890,11746.329
000d7d20_1891,11746.708
000d7d20_1892,11747.386
000d7d20_1893,11747.596
000d7d20_1894,11747.619
000d7d20_1895,11746.97
000d7d20_1896,11747.322
000d7d20_1897,11747.482
000d7d20_1898,11747.612
000d7d20_1899,11747.396
000d7d20_1900,11746.822
000d7d20_1901,11746.367
000d7d20_1902,11746.154
000d7d20_1903,11746.555
000d7d20_1904,11747.064
000d7d20_1905,11747.484
000d7d20_1906,11747.264
000d7d20_1907,11747.214
000d7d20_1908,11746.959
000d7d20_1909,11747.107
000d7d20_1910,11747.171
000d7d20_1911,11747.935
000d7d20_1912,11748.018
000d7d20_1913,11747.596
000d7d20_1914,11747.012
000d7d20_1915,11746.398
000d7d20_1916,11746.472
000d7d20_1917,11745.071
000d7d20_1918,11743.583
000d7d20_1919,11741.1
000d7d20_1920,11743.458
000d7d20_1921,11744.07
000d7d20_1922,11744.898
000d7d20_1923,11746.203
000d7d20_1924,11746.537
000d7d20_1925,11746.4
000d7d20_1926,11746.474
000d7d20_1927,11746.361
000d7d20_1928,11746.179
000d7d20_1929,11747.194
000d7d20_1930,11747.591
000d7d20_1931,11747.682
000d7d20_1932,11747.489
000d7d20_1933,11746.959
000d7d20_1934,11746.727
000d7d20_1935,11746.008
000d7d20_1936,11746.62
000d7d20_1937,11746.551
000d7d20_1938,11746.625
000d7d20_1939,11746.894
000d7d20_1940,11746.34
000d7d20_1941,11746.997
000d7d20_1942,11747.305
000d7d20_1943,11747.383
000d7d20_1944,11747.292
000d7d20_1945,11746.673
000d7d20_1946,11746.817
000d7d20_1947,11746.782
000d7d20_1948,11747.0625
000d7d20_1949,11747.254
000d7d20_1950,11747.748
000d7d20_1951,11747.051
000d7d20_1952,11746.514
000d7d20_1953,11746.402
000d7d20_1954,11746.602
000d7d20_1955,11746.792
000d7d20_1956,11747.04
000d7d20_1957,11747.357
000d7d20_1958,11747.748
000d7d20_1959,11747.692
000d7d20_1960,11747.447
000d7d20_1961,11747.663
000d7d20_1962,11747.518
000d7d20_1963,11747.444
000d7d20_1964,11746.711
000d7d20_1965,11747.102
000d7d20_1966,11746.795
000d7d20_1967,11746.719
000d7d20_1968,11746.747
000d7d20_1969,11746.6
000d7d20_1970,11747.394
000d7d20_1971,11747.008
000d7d20_1972,11747.465
000d7d20_1973,11746.822
000d7d20_1974,11747.347
000d7d20_1975,11748.139
000d7d20_1976,11747.542
000d7d20_1977,11747.428
000d7d20_1978,11746.79
000d7d20_1979,11746.817
000d7d20_1980,11746.57
000d7d20_1981,11744.885
000d7d20_1982,11743.206
000d7d20_1983,11741.596
000d7d20_1984,11742.969
000d7d20_1985,11743.295
000d7d20_1986,11745.5205
000d7d20_1987,11747.153
000d7d20_1988,11746.521
000d7d20_1989,11746.363
000d7d20_1990,11746.494
000d7d20_1991,11746.42
000d7d20_1992,11746.474
000d7d20_1993,11747.121
000d7d20_1994,11747.258
000d7d20_1995,11747.04
000d7d20_1996,11747.392
000d7d20_1997,11747.043
000d7d20_1998,11746.86
000d7d20_1999,11746.927
000d7d20_2000,11747.486
000d7d20_2001,11747.383
000d7d20_2002,11746.921
000d7d20_2003,11745.893
000d7d20_2004,11746.035
000d7d20_2005,11745.806
000d7d20_2006,11746.874
000d7d20_2007,11747.066
000d7d20_2008,11746.744
000d7d20_2009,11747.459
000d7d20_2010,11746.623
000d7d20_2011,11747.326
000d7d20_2012,11748.317
000d7d20_2013,11747.305
000d7d20_2014,11747.065
000d7d20_2015,11746.842
000d7d20_2016,11746.6045
000d7d20_2017,11746.76
000d7d20_2018,11745.572
000d7d20_2019,11746.475
000d7d20_2020,11746.839
000d7d20_2021,11747.715
000d7d20_2022,11748.004
000d7d20_2023,11747.719
000d7d20_2024,11747.539
000d7d20_2025,11747.625
000d7d20_2026,11747.284
000d7d20_2027,11747.927
000d7d20_2028,11747.08
000d7d20_2029,11746.643
000d7d20_2030,11746.67
000d7d20_2031,11746.664
000d7d20_2032,11746.8545
000d7d20_2033,11747.785
000d7d20_2034,11747.1875
000d7d20_2035,11747.127
000d7d20_2036,11747.361
000d7d20_2037,11747.313
000d7d20_2038,11747.672
000d7d20_2039,11748.004
000d7d20_2040,11748.029
000d7d20_2041,11747.43
000d7d20_2042,11747.654
000d7d20_2043,11746.782
000d7d20_2044,11746.623
000d7d20_2045,11745.218
000d7d20_2046,11743.456
000d7d20_2047,11741.857
000d7d20_2048,11743.208
000d7d20_2049,11744.062
000d7d20_2050,11745.341
000d7d20_2051,11746.381
000d7d20_2052,11746.097
000d7d20_2053,11746.328
000d7d20_2054,11746.628
000d7d20_2055,11746.431
000d7d20_2056,11746.803
000d7d20_2057,11746.816
000d7d20_2058,11747.318
000d7d20_2059,11747.361
000d7d20_2060,11747.04
000d7d20_2061,11747.053
000d7d20_2062,11746.842
000d7d20_2063,11746.828
000d7d20_2064,11747.299
000d7d20_2065,11747.148
000d7d20_2066,11747.072
000d7d20_2067,11746.433
000d7d20_2068,11745.816
000d7d20_2069,11746.045
000d7d20_2070,11746.432
000d7d20_2071,11746.734
000d7d20_2072,11747.109
000d7d20_2073,11746.901
000d7d20_2074,11746.81
000d7d20_2075,11746.847
000d7d20_2076,11746.849
000d7d20_2077,11747.069
000d7d20_2078,11746.221
000d7d20_2079,11746.102
000d7d20_2080,11746.674
000d7d20_2081,11745.433
000d7d20_2082,11746.002
000d7d20_2083,11746.914
000d7d20_2084,11747.3545
000d7d20_2085,11746.737
000d7d20_2086,11747.266
000d7d20_2087,11746.943
000d7d20_2088,11747.049
000d7d20_2089,11747.182
000d7d20_2090,11747.123
000d7d20_2091,11747.94
000d7d20_2092,11746.685
000d7d20_2093,11746.638
000d7d20_2094,11746.533
000d7d20_2095,11746.246
000d7d20_2096,11746.719
000d7d20_2097,11746.943
000d7d20_2098,11747.627
000d7d20_2099,11746.959
000d7d20_2100,11746.826
000d7d20_2101,11747.109
000d7d20_2102,11747.852
000d7d20_2103,11747.662
000d7d20_2104,11747.954
000d7d20_2105,11747.018
000d7d20_2106,11747.092
000d7d20_2107,11746.242
000d7d20_2108,11746.612
000d7d20_2109,11744.951
000d7d20_2110,11742.83
000d7d20_2111,11740.961
000d7d20_2112,11743.079
000d7d20_2113,11743.467
000d7d20_2114,11745.64
000d7d20_2115,11746.158
000d7d20_2116,11746.956
000d7d20_2117,11746.145
000d7d20_2118,11746.4
000d7d20_2119,11746.13
000d7d20_2120,11746.468
000d7d20_2121,11746.981
000d7d20_2122,11746.49
000d7d20_2123,11747.47
000d7d20_2124,11746.851
000d7d20_2125,11747.037
000d7d20_2126,11746.95
000d7d20_2127,11746.575
000d7d20_2128,11747.041
000d7d20_2129,11746.971
000d7d20_2130,11746.319
000d7d20_2131,11746.44
000d7d20_2132,11745.835
000d7d20_2133,11745.862
000d7d20_2134,11746.346
000d7d20_2135,11746.311
000d7d20_2136,11746.804
000d7d20_2137,11746.919
000d7d20_2138,11746.771
000d7d20_2139,11746.661
000d7d20_2140,11746.571
000d7d20_2141,11746.859
000d7d20_2142,11746.631
000d7d20_2143,11746.781
000d7d20_2144,11746.182
000d7d20_2145,11745.934
000d7d20_2146,11746.217
000d7d20_2147,11746.576
000d7d20_2148,11747.104
000d7d20_2149,11747.283
000d7d20_2150,11746.992
000d7d20_2151,11747.293
000d7d20_2152,11746.953
000d7d20_2153,11747.361
000d7d20_2154,11747.486
000d7d20_2155,11747.1045
000d7d20_2156,11746.635
000d7d20_2157,11745.949
000d7d20_2158,11746.105
000d7d20_2159,11746.4375
000d7d20_2160,11746.714
000d7d20_2161,11747.175
000d7d20_2162,11746.872
000d7d20_2163,11746.929
000d7d20_2164,11746.963
000d7d20_2165,11747.152
000d7d20_2166,11747.35
000d7d20_2167,11747.864
000d7d20_2168,11747.65
000d7d20_2169,11747.066
000d7d20_2170,11746.893
000d7d20_2171,11746.489
000d7d20_2172,11746.592
000d7d20_2173,11744.803
000d7d20_2174,11743.033
000d7d20_2175,11741.43
000d7d20_2176,11743.125
000d7d20_2177,11743.554
000d7d20_2178,11746.068
000d7d20_2179,11746.435
000d7d20_2180,11746.178
000d7d20_2181,11746.127
000d7d20_2182,11745.873
000d7d20_2183,11746.553
000d7d20_2184,11746.503
000d7d20_2185,11747.0205
000d7d20_2186,11747.123
000d7d20_2187,11746.92
000d7d20_2188,11746.928
000d7d20_2189,11746.568
000d7d20_2190,11746.717
000d7d20_2191,11747.025
000d7d20_2192,11747.145
000d7d20_2193,11746.959
000d7d20_2194,11746.808
000d7d20_2195,11746.089
000d7d20_2196,11745.908
000d7d20_2197,11745.989
000d7d20_2198,11746.442
000d7d20_2199,11746.631
000d7d20_2200,11747.076
000d7d20_2201,11746.877
000d7d20_2202,11746.752
000d7d20_2203,11746.776
000d7d20_2204,11746.547
000d7d20_2205,11747.439
000d7d20_2206,11747.417
000d7d20_2207,11746.914
000d7d20_2208,11745.553
000d7d20_2209,11745.862
000d7d20_2210,11746.967
000d7d20_2211,11746.17
000d7d20_2212,11746.621
000d7d20_2213,11747.334
000d7d20_2214,11747.34
000d7d20_2215,11747.14
000d7d20_2216,11746.924
000d7d20_2217,11747.437
000d7d20_2218,11747.52
000d7d20_2219,11747.222
000d7d20_2220,11746.606
000d7d20_2221,11746.626
000d7d20_2222,11746.263
000d7d20_2223,11746.109
000d7d20_2224,11747.042
000d7d20_2225,11747.25
000d7d20_2226,11747.049
000d7d20_2227,11746.92
000d7d20_2228,11747.1455
000d7d20_2229,11747.146
000d7d20_2230,11747.434
000d7d20_2231,11747.979
000d7d20_2232,11747.82
000d7d20_2233,11747.396
000d7d20_2234,11747.208
000d7d20_2235,11746.703
000d7d20_2236,11746.368
000d7d20_2237,11744.851
000d7d20_2238,11743.438
000d7d20_2239,11741.916
000d7d20_2240,11743.559
000d7d20_2241,11743.925
000d7d20_2242,11746.005
000d7d20_2243,11746.857
000d7d20_2244,11746.943
000d7d20_2245,11746.817
000d7d20_2246,11746.3955
000d7d20_2247,11746.106
000d7d20_2248,11746.677
000d7d20_2249,11747.646
000d7d20_2250,11747.1045
000d7d20_2251,11747.055
000d7d20_2252,11747.184
000d7d20_2253,11746.527
000d7d20_2254,11746.689
000d7d20_2255,11746.955
000d7d20_2256,11747.103
000d7d20_2257,11747.446
000d7d20_2258,11747.01
000d7d20_2259,11746.572
000d7d20_2260,11745.994
000d7d20_2261,11746.262
000d7d20_2262,11746.616
000d7d20_2263,11746.856
000d7d20_2264,11747.854
000d7d20_2265,11747.383
000d7d20_2266,11747.072
000d7d20_2267,11745.883
000d7d20_2268,11746.758
000d7d20_2269,11747.59
000d7d20_2270,11746.685
000d7d20_2271,11746.886
000d7d20_2272,11745.924
000d7d20_2273,11745.998
000d7d20_2274,11746.229
000d7d20_2275,11746.694
000d7d20_2276,11747.58
000d7d20_2277,11747.391
000d7d20_2278,11747.6
000d7d20_2279,11746.994
000d7d20_2280,11747.408
000d7d20_2281,11747.572
000d7d20_2282,11747.486
000d7d20_2283,11747.557
000d7d20_2284,11746.624
000d7d20_2285,11746.442
000d7d20_2286,11746.061
000d7d20_2287,11746.25
000d7d20_2288,11747.375
000d7d20_2289,11746.607
000d7d20_2290,11746.646
000d7d20_2291,11747.344
000d7d20_2292,11747.396
000d7d20_2293,11746.182
000d7d20_2294,11746.789
000d7d20_2295,11747.71
000d7d20_2296,11747.745
000d7d20_2297,11747.812
000d7d20_2298,11746.771
000d7d20_2299,11746.703
000d7d20_2300,11746.425
000d7d20_2301,11744.244
000d7d20_2302,11743.059
000d7d20_2303,11740.633
000d7d20_2304,11742.33
000d7d20_2305,11743.237
000d7d20_2306,11745.265
000d7d20_2307,11746.881
000d7d20_2308,11746.789
000d7d20_2309,11746.531
000d7d20_2310,11745.372
000d7d20_2311,11746.061
000d7d20_2312,11746.865
000d7d20_2313,11746.014
000d7d20_2314,11746.919
000d7d20_2315,11746.934
000d7d20_2316,11747.044
000d7d20_2317,11746.829
000d7d20_2318,11747.026
000d7d20_2319,11747.05
000d7d20_2320,11746.953
000d7d20_2321,11747.08
000d7d20_2322,11746.402
000d7d20_2323,11746.24
000d7d20_2324,11745.955
000d7d20_2325,11745.731
000d7d20_2326,11746.314
000d7d20_2327,11746.557
000d7d20_2328,11746.974
000d7d20_2329,11747.095
000d7d20_2330,11746.62
000d7d20_2331,11746.781
000d7d20_2332,11746.139
000d7d20_2333,11746.75
000d7d20_2334,11747.261
000d7d20_2335,11745.965
000d7d20_2336,11745.951
000d7d20_2337,11745.594
000d7d20_2338,11746.289
000d7d20_2339,11746.505
000d7d20_2340,11747.346
000d7d20_2341,11747.6
000d7d20_2342,11747.376
000d7d20_2343,11747.57
000d7d20_2344,11746.866
000d7d20_2345,11747.315
000d7d20_2346,11747.455
000d7d20_2347,11747.035
000d7d20_2348,11747.329
000d7d20_2349,11746.68
000d7d20_2350,11746.482
000d7d20_2351,11745.916
000d7d20_2352,11746.623
000d7d20_2353,11747.803
000d7d20_2354,11746.44
000d7d20_2355,11746.72
000d7d20_2356,11747.11
000d7d20_2357,11746.914
000d7d20_2358,11747.744
000d7d20_2359,11747.872
000d7d20_2360,11748.042
000d7d20_2361,11747.67
000d7d20_2362,11746.667
000d7d20_2363,11746.607
000d7d20_2364,11746.076
000d7d20_2365,11744.307
000d7d20_2366,11742.903
000d7d20_2367,11741.807
000d7d20_2368,11743.128
000d7d20_2369,11743.553
000d7d20_2370,11744.724
000d7d20_2371,11746.651
000d7d20_2372,11746.92
000d7d20_2373,11746.407
000d7d20_2374,11745.736
000d7d20_2375,11745.927
000d7d20_2376,11747.132
000d7d20_2377,11746.183
000d7d20_2378,11746.439
000d7d20_2379,11746.854
000d7d20_2380,11747.141
000d7d20_2381,11746.791
000d7d20_2382,11746.958
000d7d20_2383,11747.24
000d7d20_2384,11746.92
000d7d20_2385,11747.353
000d7d20_2386,11746.407
000d7d20_2387,11745.512
000d7d20_2388,11746.119
000d7d20_2389,11745.734
000d7d20_2390,11746.643
000d7d20_2391,11746.7
000d7d20_2392,11746.693
000d7d20_2393,11746.45
000d7d20_2394,11746.1
000d7d20_2395,11746.99
000d7d20_2396,11746.786
000d7d20_2397,11747.385
000d7d20_2398,11745.783
000d7d20_2399,11745.83
000d7d20_2400,11746.615
000d7d20_2401,11745.228
000d7d20_2402,11745.8
000d7d20_2403,11746.56
000d7d20_2404,11746.884
000d7d20_2405,11747.203
000d7d20_2406,11747.303
000d7d20_2407,11747.018
000d7d20_2408,11746.85
000d7d20_2409,11747.599
000d7d20_2410,11747.396
000d7d20_2411,11747.044
000d7d20_2412,11747.026
000d7d20_2413,11746.467
000d7d20_2414,11746.177
000d7d20_2415,11746.089
000d7d20_2416,11746.992
000d7d20_2417,11747.086
000d7d20_2418,11746.83
000d7d20_2419,11747.199
000d7d20_2420,11747.001
000d7d20_2421,11747.224
000d7d20_2422,11747.207
000d7d20_2423,11747.725
000d7d20_2424,11747.46
000d7d20_2425,11747.042
000d7d20_2426,11747.672
000d7d20_2427,11746.775
000d7d20_2428,11745.6875
000d7d20_2429,11743.99
000d7d20_2430,11743.748
000d7d20_2431,11741.356
000d7d20_2432,11742.743
000d7d20_2433,11743.724
000d7d20_2434,11745.611
000d7d20_2435,11746.714
000d7d20_2436,11746.093
000d7d20_2437,11746.248
000d7d20_2438,11746.266
000d7d20_2439,11746.273
000d7d20_2440,11746.356
000d7d20_2441,11746.857
000d7d20_2442,11747.078
000d7d20_2443,11747.128
000d7d20_2444,11746.782
000d7d20_2445,11747.0
000d7d20_2446,11746.852
000d7d20_2447,11746.735
000d7d20_2448,11746.855
000d7d20_2449,11747.129
000d7d20_2450,11746.939
000d7d20_2451,11746.445
000d7d20_2452,11745.8955
000d7d20_2453,11746.096
000d7d20_2454,11746.416
000d7d20_2455,11746.942
000d7d20_2456,11747.044
000d7d20_2457,11746.62
000d7d20_2458,11746.639
000d7d20_2459,11746.612
000d7d20_2460,11746.686
000d7d20_2461,11746.973
000d7d20_2462,11747.308
000d7d20_2463,11746.872
000d7d20_2464,11745.87
000d7d20_2465,11745.344
000d7d20_2466,11746.294
000d7d20_2467,11745.755
000d7d20_2468,11746.994
000d7d20_2469,11747.511
000d7d20_2470,11747.109
000d7d20_2471,11747.113
000d7d20_2472,11746.7705
000d7d20_2473,11747.32
000d7d20_2474,11747.269
000d7d20_2475,11747.45
000d7d20_2476,11746.611
000d7d20_2477,11745.943
000d7d20_2478,11745.893
000d7d20_2479,11746.242
000d7d20_2480,11746.901
000d7d20_2481,11747.491
000d7d20_2482,11746.846
000d7d20_2483,11747.338
000d7d20_2484,11746.494
000d7d20_2485,11746.955
000d7d20_2486,11747.216
000d7d20_2487,11747.76
000d7d20_2488,11747.568
000d7d20_2489,11747.494
000d7d20_2490,11746.67
000d7d20_2491,11746.502
000d7d20_2492,11746.467
000d7d20_2493,11744.822
000d7d20_2494,11743.016
000d7d20_2495,11741.529
000d7d20_2496,11742.885
000d7d20_2497,11743.412
000d7d20_2498,11745.82
000d7d20_2499,11746.663
000d7d20_2500,11746.438
000d7d20_2501,11745.81
000d7d20_2502,11746.171
000d7d20_2503,11746.135
000d7d20_2504,11746.4795
000d7d20_2505,11746.653
000d7d20_2506,11746.873
000d7d20_2507,11747.096
000d7d20_2508,11746.964
000d7d20_2509,11746.565
000d7d20_2510,11746.729
000d7d20_2511,11746.745
000d7d20_2512,11746.811
000d7d20_2513,11746.6875
000d7d20_2514,11746.363
000d7d20_2515,11745.848
000d7d20_2516,11745.894
000d7d20_2517,11745.945
000d7d20_2518,11746.001
000d7d20_2519,11746.464
000d7d20_2520,11746.386
000d7d20_2521,11746.525
000d7d20_2522,11746.582
000d7d20_2523,11746.529
000d7d20_2524,11746.799
000d7d20_2525,11746.751
000d7d20_2526,11746.838
000d7d20_2527,11746.365
000d7d20_2528,11745.891
000d7d20_2529,11745.57
000d7d20_2530,11746.18
000d7d20_2531,11746.838
000d7d20_2532,11747.221
000d7d20_2533,11747.514
000d7d20_2534,11747.24
000d7d20_2535,11747.041
000d7d20_2536,11747.003
000d7d20_2537,11747.173
000d7d20_2538,11747.381
000d7d20_2539,11747.221
000d7d20_2540,11746.846
000d7d20_2541,11746.445
000d7d20_2542,11746.302
000d7d20_2543,11746.497
000d7d20_2544,11746.751
000d7d20_2545,11747.286
000d7d20_2546,11747.175
000d7d20_2547,11747.08
000d7d20_2548,11747.032
000d7d20_2549,11747.248
000d7d20_2550,11747.6
000d7d20_2551,11747.928
000d7d20_2552,11747.897
000d7d20_2553,11747.604
000d7d20_2554,11747.141
000d7d20_2555,11746.711
000d7d20_2556,11746.439
000d7d20_2557,11744.6045
000d7d20_2558,11743.511
000d7d20_2559,11741.854
000d7d20_2560,11743.664
000d7d20_2561,11743.975
000d7d20_2562,11746.096
000d7d20_2563,11746.906
000d7d20_2564,11746.514
000d7d20_2565,11746.503
000d7d20_2566,11746.516
000d7d20_2567,11746.658
000d7d20_2568,11746.823
000d7d20_2569,11746.996
000d7d20_2570,11747.075
000d7d20_2571,11747.255
000d7d20_2572,11747.112
000d7d20_2573,11747.019
000d7d20_2574,11746.933
000d7d20_2575,11747.047
000d7d20_2576,11747.255
000d7d20_2577,11747.344
000d7d20_2578,11746.836
000d7d20_2579,11746.286
000d7d20_2580,11745.802
000d7d20_2581,11746.261
000d7d20_2582,11746.592
000d7d20_2583,11747.014
000d7d20_2584,11747.361
000d7d20_2585,11747.041
000d7d20_2586,11746.516
000d7d20_2587,11746.151
000d7d20_2588,11746.768
000d7d20_2589,11746.975
000d7d20_2590,11747.365
000d7d20_2591,11746.529
000d7d20_2592,11746.132
000d7d20_2593,11745.676
000d7d20_2594,11746.125
000d7d20_2595,11746.959
000d7d20_2596,11746.934
000d7d20_2597,11747.597
000d7d20_2598,11747.223
000d7d20_2599,11747.56
000d7d20_2600,11746.999
000d7d20_2601,11746.156
000d7d20_2602,11747.913
000d7d20_2603,11746.751
000d7d20_2604,11747.444
000d7d20_2605,11746.053
000d7d20_2606,11746.086
000d7d20_2607,11746.261
000d7d20_2608,11746.385
000d7d20_2609,11747.502
000d7d20_2610,11746.612
000d7d20_2611,11747.054
000d7d20_2612,11746.372
000d7d20_2613,11747.045
000d7d20_2614,11747.37
000d7d20_2615,11747.529
000d7d20_2616,11747.756
000d7d20_2617,11747.295
000d7d20_2618,11746.998
000d7d20_2619,11746.439
000d7d20_2620,11746.007
000d7d20_2621,11744.403
000d7d20_2622,11743.166
000d7d20_2623,11741.264
000d7d20_2624,11743.221
000d7d20_2625,11743.627
000d7d20_2626,11746.65
000d7d20_2627,11746.922
000d7d20_2628,11745.986
000d7d20_2629,11746.165
000d7d20_2630,11746.018
000d7d20_2631,11746.3955
000d7d20_2632,11746.539
000d7d20_2633,11746.723
000d7d20_2634,11747.119
000d7d20_2635,11747.263
000d7d20_2636,11747.214
000d7d20_2637,11746.904
000d7d20_2638,11746.729
000d7d20_2639,11746.793
000d7d20_2640,11746.962
000d7d20_2641,11746.954
000d7d20_2642,11746.708
000d7d20_2643,11746.118
000d7d20_2644,11745.777
000d7d20_2645,11745.883
000d7d20_2646,11746.345
000d7d20_2647,11746.647
000d7d20_2648,11746.814
000d7d20_2649,11746.558
000d7d20_2650,11746.554
000d7d20_2651,11746.541
000d7d20_2652,11746.567
000d7d20_2653,11747.049
000d7d20_2654,11746.97
000d7d20_2655,11746.611
000d7d20_2656,11746.164
000d7d20_2657,11745.618
000d7d20_2658,11746.025
000d7d20_2659,11746.463
000d7d20_2660,11747.039
000d7d20_2661,11747.463
000d7d20_2662,11747.177
000d7d20_2663,11747.1045
000d7d20_2664,11746.669
000d7d20_2665,11747.083
000d7d20_2666,11747.487
000d7d20_2667,11747.105
000d7d20_2668,11747.065
000d7d20_2669,11746.364
000d7d20_2670,11745.986
000d7d20_2671,11746.688
000d7d20_2672,11746.345
000d7d20_2673,11747.115
000d7d20_2674,11746.921
000d7d20_2675,11746.74
000d7d20_2676,11747.144
000d7d20_2677,11746.977
000d7d20_2678,11747.825
000d7d20_2679,11747.437
000d7d20_2680,11747.828
000d7d20_2681,11747.294
000d7d20_2682,11746.756
000d7d20_2683,11746.818
000d7d20_2684,11746.101
000d7d20_2685,11744.862
000d7d20_2686,11743.282
000d7d20_2687,11741.824
000d7d20_2688,11743.589
000d7d20_2689,11744.076
000d7d20_2690,11745.834
000d7d20_2691,11746.198
000d7d20_2692,11746.332
000d7d20_2693,11746.217
000d7d20_2694,11746.353
000d7d20_2695,11746.475
000d7d20_2696,11746.49
000d7d20_2697,11746.545
000d7d20_2698,11747.245
000d7d20_2699,11747.373
000d7d20_2700,11747.186
000d7d20_2701,11746.374
000d7d20_2702,11746.814
000d7d20_2703,11746.915
000d7d20_2704,11747.232
000d7d20_2705,11747.261
000d7d20_2706,11747.198
000d7d20_2707,11746.669
000d7d20_2708,11746.315
000d7d20_2709,11746.908
000d7d20_2710,11747.221
000d7d20_2711,11747.533
000d7d20_2712,11747.456
000d7d20_2713,11746.603
000d7d20_2714,11748.154
000d7d20_2715,11747.835
000d7d20_2716,11748.458
000d7d20_2717,11747.488
000d7d20_2718,11747.076
000d7d20_2719,11746.788
000d7d20_2720,11747.023
000d7d20_2721,11746.017
000d7d20_2722,11746.463
000d7d20_2723,11746.959
000d7d20_2724,11747.631
000d7d20_2725,11747.861
000d7d20_2726,11747.628
000d7d20_2727,11747.607
000d7d20_2728,11747.693
000d7d20_2729,11747.74
000d7d20_2730,11748.0205
000d7d20_2731,11747.756
000d7d20_2732,11747.154
000d7d20_2733,11746.834
000d7d20_2734,11746.3955
000d7d20_2735,11747.391
000d7d20_2736,11747.564
000d7d20_2737,11747.644
000d7d20_2738,11747.44
000d7d20_2739,11747.338
000d7d20_2740,11747.542
000d7d20_2741,11747.879
000d7d20_2742,11748.006
000d7d20_2743,11748.565
000d7d20_2744,11748.933
000d7d20_2745,11748.263
000d7d20_2746,11747.826
000d7d20_2747,11746.755
000d7d20_2748,11746.619
000d7d20_2749,11745.744
000d7d20_2750,11744.287
000d7d20_2751,11742.218
000d7d20_2752,11743.98
000d7d20_2753,11744.521
000d7d20_2754,11746.229
000d7d20_2755,11747.46
000d7d20_2756,11747.094
000d7d20_2757,11747.002
000d7d20_2758,11746.864
000d7d20_2759,11746.584
000d7d20_2760,11746.943
000d7d20_2761,11747.173
000d7d20_2762,11747.394
000d7d20_2763,11747.873
000d7d20_2764,11747.56
000d7d20_2765,11747.16
000d7d20_2766,11747.338
000d7d20_2767,11747.339
000d7d20_2768,11747.389
000d7d20_2769,11747.671
000d7d20_2770,11747.144
000d7d20_2771,11746.498
000d7d20_2772,11746.689
000d7d20_2773,11746.482
000d7d20_2774,11747.37
000d7d20_2775,11747.817
000d7d20_2776,11747.527
000d7d20_2777,11746.682
000d7d20_2778,11747.035
000d7d20_2779,11747.6
000d7d20_2780,11746.838
000d7d20_2781,11746.795
000d7d20_2782,11747.117
000d7d20_2783,11746.76
000d7d20_2784,11746.32
000d7d20_2785,11746.564
000d7d20_2786,11746.572
000d7d20_2787,11746.993
000d7d20_2788,11747.703
000d7d20_2789,11747.781
000d7d20_2790,11747.644
000d7d20_2791,11747.734
000d7d20_2792,11747.484
000d7d20_2793,11746.947
000d7d20_2794,11747.821
000d7d20_2795,11747.578
000d7d20_2796,11747.325
000d7d20_2797,11746.687
000d7d20_2798,11746.91
000d7d20_2799,11746.986
000d7d20_2800,11747.08
000d7d20_2801,11747.744
000d7d20_2802,11747.386
000d7d20_2803,11746.954
000d7d20_2804,11747.381
000d7d20_2805,11747.584
000d7d20_2806,11747.732
000d7d20_2807,11747.639
000d7d20_2808,11747.988
000d7d20_2809,11747.667
000d7d20_2810,11747.402
000d7d20_2811,11746.687
000d7d20_2812,11746.216
000d7d20_2813,11744.376
000d7d20_2814,11743.295
000d7d20_2815,11742.338
000d7d20_2816,11743.169
000d7d20_2817,11743.484
000d7d20_2818,11746.231
000d7d20_2819,11746.039
000d7d20_2820,11746.144
000d7d20_2821,11746.028
000d7d20_2822,11746.528
000d7d20_2823,11746.846
000d7d20_2824,11746.724
000d7d20_2825,11747.326
000d7d20_2826,11747.19
000d7d20_2827,11747.312
000d7d20_2828,11746.77
000d7d20_2829,11747.116
000d7d20_2830,11747.049
000d7d20_2831,11747.365
000d7d20_2832,11747.215
000d7d20_2833,11747.622
000d7d20_2834,11747.209
000d7d20_2835,11746.602
000d7d20_2836,11746.034
000d7d20_2837,11746.451
000d7d20_2838,11746.6455
000d7d20_2839,11747.063
000d7d20_2840,11747.229
000d7d20_2841,11747.303
000d7d20_2842,11747.303
000d7d20_2843,11746.802
000d7d20_2844,11746.906
000d7d20_2845,11747.438
000d7d20_2846,11747.634
000d7d20_2847,11747.224
000d7d20_2848,11746.377
000d7d20_2849,11746.486
000d7d20_2850,11746.67
000d7d20_2851,11747.18
000d7d20_2852,11747.428
000d7d20_2853,11748.083
000d7d20_2854,11747.847
000d7d20_2855,11747.661
000d7d20_2856,11747.351
000d7d20_2857,11747.594
000d7d20_2858,11747.739
000d7d20_2859,11747.575
000d7d20_2860,11747.529
000d7d20_2861,11747.201
000d7d20_2862,11746.692
000d7d20_2863,11746.201
000d7d20_2864,11746.463
000d7d20_2865,11747.826
000d7d20_2866,11746.417
000d7d20_2867,11747.405
000d7d20_2868,11747.424
000d7d20_2869,11747.589
000d7d20_2870,11747.536
000d7d20_2871,11748.144
000d7d20_2872,11748.122
000d7d20_2873,11747.876
000d7d20_2874,11747.508
000d7d20_2875,11746.869
000d7d20_2876,11746.807
000d7d20_2877,11745.17
000d7d20_2878,11743.91
000d7d20_2879,11742.378
000d7d20_2880,11743.4
000d7d20_2881,11744.009
000d7d20_2882,11746.1045
000d7d20_2883,11747.383
000d7d20_2884,11747.079
000d7d20_2885,11746.505
000d7d20_2886,11746.51
000d7d20_2887,11746.391
000d7d20_2888,11746.693
000d7d20_2889,11747.076
000d7d20_2890,11747.317
000d7d20_2891,11747.093
000d7d20_2892,11747.179
000d7d20_2893,11746.854
000d7d20_2894,11747.141
000d7d20_2895,11747.278
000d7d20_2896,11747.443
000d7d20_2897,11747.005
000d7d20_2898,11747.021
000d7d20_2899,11746.257
000d7d20_2900,11746.133
000d7d20_2901,11746.278
000d7d20_2902,11746.645
000d7d20_2903,11746.929
000d7d20_2904,11747.336
000d7d20_2905,11747.033
000d7d20_2906,11746.874
000d7d20_2907,11746.886
000d7d20_2908,11747.119
000d7d20_2909,11747.088
000d7d20_2910,11747.289
000d7d20_2911,11746.905
000d7d20_2912,11746.229
000d7d20_2913,11746.164
000d7d20_2914,11746.445
000d7d20_2915,11747.042
000d7d20_2916,11747.338
000d7d20_2917,11747.721
000d7d20_2918,11747.435
000d7d20_2919,11747.122
000d7d20_2920,11747.268
000d7d20_2921,11747.412
000d7d20_2922,11747.558
000d7d20_2923,11747.504
000d7d20_2924,11747.08
000d7d20_2925,11746.617
000d7d20_2926,11746.294
000d7d20_2927,11746.35
000d7d20_2928,11747.197
000d7d20_2929,11747.373
000d7d20_2930,11747.309
000d7d20_2931,11747.132
000d7d20_2932,11746.969
000d7d20_2933,11746.914
000d7d20_2934,11748.148
000d7d20_2935,11748.296
000d7d20_2936,11747.977
000d7d20_2937,11746.541
000d7d20_2938,11746.874
000d7d20_2939,11747.265
000d7d20_2940,11746.235
000d7d20_2941,11744.725
000d7d20_2942,11742.467
000d7d20_2943,11741.987
000d7d20_2944,11743.083
000d7d20_2945,11743.751
000d7d20_2946,11745.719
000d7d20_2947,11747.083
000d7d20_2948,11746.659
000d7d20_2949,11746.221
000d7d20_2950,11746.021
000d7d20_2951,11746.486
000d7d20_2952,11746.65
000d7d20_2953,11747.033
000d7d20_2954,11747.233
000d7d20_2955,11747.542
000d7d20_2956,11746.805
000d7d20_2957,11746.297
000d7d20_2958,11747.115
000d7d20_2959,11747.018
000d7d20_2960,11747.469
000d7d20_2961,11746.987
000d7d20_2962,11747.099
000d7d20_2963,11746.264
000d7d20_2964,11745.49
000d7d20_2965,11746.368
000d7d20_2966,11745.865
000d7d20_2967,11746.92
000d7d20_2968,11746.791
000d7d20_2969,11746.819
000d7d20_2970,11746.339
000d7d20_2971,11746.695
000d7d20_2972,11746.775
000d7d20_2973,11747.266
000d7d20_2974,11747.435
000d7d20_2975,11746.674
000d7d20_2976,11745.572
000d7d20_2977,11745.908
000d7d20_2978,11746.873
000d7d20_2979,11746.621
000d7d20_2980,11747.178
000d7d20_2981,11747.135
000d7d20_2982,11746.937
000d7d20_2983,11747.174
000d7d20_2984,11747.166
000d7d20_2985,11747.225
000d7d20_2986,11747.537
000d7d20_2987,11747.06
000d7d20_2988,11747.029
000d7d20_2989,11746.479
000d7d20_2990,11746.053
000d7d20_2991,11746.532
000d7d20_2992,11746.76
000d7d20_2993,11746.822
000d7d20_2994,11746.974
000d7d20_2995,11746.536
000d7d20_2996,11746.893
000d7d20_2997,11747.003
000d7d20_2998,11747.248
000d7d20_2999,11748.08
000d7d20_3000,11747.588
000d7d20_3001,11746.526
000d7d20_3002,11746.317
000d7d20_3003,11746.833
000d7d20_3004,11745.463
000d7d20_3005,11743.97
000d7d20_3006,11742.869
000d7d20_3007,11741.053
000d7d20_3008,11743.119
000d7d20_3009,11743.389
000d7d20_3010,11745.539
000d7d20_3011,11746.33
000d7d20_3012,11746.407
000d7d20_3013,11746.217
000d7d20_3014,11745.882
000d7d20_3015,11746.185
000d7d20_3016,11746.119
000d7d20_3017,11746.484
000d7d20_3018,11747.028
000d7d20_3019,11747.588
000d7d20_3020,11747.218
000d7d20_3021,11746.0
000d7d20_3022,11746.567
000d7d20_3023,11747.215
000d7d20_3024,11746.772
000d7d20_3025,11746.676
000d7d20_3026,11746.469
000d7d20_3027,11746.061
000d7d20_3028,11745.754
000d7d20_3029,11746.264
000d7d20_3030,11746.447
000d7d20_3031,11746.947
000d7d20_3032,11746.666
000d7d20_3033,11746.768
000d7d20_3034,11746.546
000d7d20_3035,11746.747
000d7d20_3036,11746.966
000d7d20_3037,11747.147
000d7d20_3038,11747.158
000d7d20_3039,11746.807
000d7d20_3040,11746.424
000d7d20_3041,11747.004
000d7d20_3042,11746.352
000d7d20_3043,11746.854
000d7d20_3044,11746.656
000d7d20_3045,11747.834
000d7d20_3046,11746.576
000d7d20_3047,11746.924
000d7d20_3048,11747.683
000d7d20_3049,11747.164
000d7d20_3050,11747.604
000d7d20_3051,11747.109
000d7d20_3052,11746.713
000d7d20_3053,11746.689
000d7d20_3054,11746.193
000d7d20_3055,11746.783
000d7d20_3056,11746.88
000d7d20_3057,11747.053
000d7d20_3058,11747.178
000d7d20_3059,11747.041
000d7d20_3060,11746.704
000d7d20_3061,11747.065
000d7d20_3062,11747.251
000d7d20_3063,11748.235
000d7d20_3064,11748.678
000d7d20_3065,11747.632
000d7d20_3066,11746.6455
000d7d20_3067,11746.174
000d7d20_3068,11747.184
000d7d20_3069,11744.608
000d7d20_3070,11743.193
000d7d20_3071,11741.879
000d7d20_3072,11743.588
000d7d20_3073,11743.861
000d7d20_3074,11746.114
000d7d20_3075,11746.842
000d7d20_3076,11746.845
000d7d20_3077,11746.457
000d7d20_3078,11746.292
000d7d20_3079,11746.455
000d7d20_3080,11746.732
000d7d20_3081,11746.665
000d7d20_3082,11747.141
000d7d20_3083,11746.995
000d7d20_3084,11747.261
000d7d20_3085,11747.071
000d7d20_3086,11747.194
000d7d20_3087,11747.26
000d7d20_3088,11746.971
000d7d20_3089,11746.74
000d7d20_3090,11747.002
000d7d20_3091,11746.561
000d7d20_3092,11746.822
000d7d20_3093,11746.942
000d7d20_3094,11746.42
000d7d20_3095,11746.283
000d7d20_3096,11746.789
000d7d20_3097,11747.62
000d7d20_3098,11746.23
000d7d20_3099,11746.526
000d7d20_3100,11746.799
000d7d20_3101,11747.37
000d7d20_3102,11747.427
000d7d20_3103,11746.657
000d7d20_3104,11746.269
000d7d20_3105,11746.068
000d7d20_3106,11746.31
000d7d20_3107,11747.381
000d7d20_3108,11747.877
000d7d20_3109,11748.025
000d7d20_3110,11748.016
000d7d20_3111,11747.461
000d7d20_3112,11747.2705
000d7d20_3113,11747.408
000d7d20_3114,11747.667
000d7d20_3115,11747.513
000d7d20_3116,11747.797
000d7d20_3117,11747.021
000d7d20_3118,11746.42
000d7d20_3119,11746.758
000d7d20_3120,11747.006
000d7d20_3121,11747.38
000d7d20_3122,11747.418
000d7d20_3123,11748.089
000d7d20_3124,11747.725
000d7d20_3125,11747.096
000d7d20_3126,11747.55
000d7d20_3127,11747.822
000d7d20_3128,11748.607
000d7d20_3129,11747.553
000d7d20_3130,11746.967
000d7d20_3131,11746.722
000d7d20_3132,11746.783
000d7d20_3133,11745.3955
000d7d20_3134,11743.806
000d7d20_3135,11742.354
000d7d20_3136,11743.416
000d7d20_3137,11744.025
000d7d20_3138,11745.817
000d7d20_3139,11747.565
000d7d20_3140,11746.95
000d7d20_3141,11746.489
000d7d20_3142,11746.42
000d7d20_3143,11746.467
000d7d20_3144,11746.133
000d7d20_3145,11747.01
000d7d20_3146,11747.24
000d7d20_3147,11747.27
000d7d20_3148,11747.182
000d7d20_3149,11747.407
000d7d20_3150,11747.365
000d7d20_3151,11747.342
000d7d20_3152,11747.508
000d7d20_3153,11747.138
000d7d20_3154,11746.992
000d7d20_3155,11746.463
000d7d20_3156,11746.502
000d7d20_3157,11746.525
000d7d20_3158,11746.51
000d7d20_3159,11747.476
000d7d20_3160,11747.396
000d7d20_3161,11747.116
000d7d20_3162,11746.799
000d7d20_3163,11746.987
000d7d20_3164,11747.164
000d7d20_3165,11747.021
000d7d20_3166,11747.968
000d7d20_3167,11747.403
000d7d20_3168,11746.523
000d7d20_3169,11745.893
000d7d20_3170,11746.086
000d7d20_3171,11747.599
000d7d20_3172,11747.002
000d7d20_3173,11747.169
000d7d20_3174,11747.607
000d7d20_3175,11747.194
000d7d20_3176,11747.175
000d7d20_3177,11747.049
000d7d20_3178,11747.737
000d7d20_3179,11747.668
000d7d20_3180,11747.302
000d7d20_3181,11746.515
000d7d20_3182,11745.869
000d7d20_3183,11746.258
000d7d20_3184,11746.349
000d7d20_3185,11747.893
000d7d20_3186,11747.358
000d7d20_3187,11746.936
000d7d20_3188,11746.194
000d7d20_3189,11746.694
000d7d20_3190,11747.253
000d7d20_3191,11747.791
000d7d20_3192,11747.717
000d7d20_3193,11747.016
000d7d20_3194,11746.953
000d7d20_3195,11746.669
000d7d20_3196,11746.419
000d7d20_3197,11744.437
000d7d20_3198,11743.391
000d7d20_3199,11741.555
000d7d20_3200,11743.388
000d7d20_3201,11743.748
000d7d20_3202,11746.188
000d7d20_3203,11747.07
000d7d20_3204,11746.805
000d7d20_3205,11745.936
000d7d20_3206,11746.185
000d7d20_3207,11746.182
000d7d20_3208,11746.26
000d7d20_3209,11746.659
000d7d20_3210,11747.139
000d7d20_3211,11747.459
000d7d20_3212,11747.193
000d7d20_3213,11746.807
000d7d20_3214,11746.205
000d7d20_3215,11746.687
000d7d20_3216,11746.954
000d7d20_3217,11746.968
000d7d20_3218,11746.419
000d7d20_3219,11746.094
000d7d20_3220,11745.947
000d7d20_3221,11746.437
000d7d20_3222,11746.127
000d7d20_3223,11745.934
000d7d20_3224,11746.259
000d7d20_3225,11747.255
000d7d20_3226,11746.405
000d7d20_3227,11746.278
000d7d20_3228,11746.92
000d7d20_3229,11746.619
000d7d20_3230,11746.99
000d7d20_3231,11746.287
000d7d20_3232,11746.447
000d7d20_3233,11746.251
000d7d20_3234,11746.408
000d7d20_3235,11746.773
000d7d20_3236,11747.237
000d7d20_3237,11747.432
000d7d20_3238,11747.412
000d7d20_3239,11747.276
000d7d20_3240,11747.041
000d7d20_3241,11747.789
000d7d20_3242,11747.781
000d7d20_3243,11747.6
000d7d20_3244,11746.867
000d7d20_3245,11746.619
000d7d20_3246,11746.321
000d7d20_3247,11746.2705
000d7d20_3248,11746.812
000d7d20_3249,11746.799
000d7d20_3250,11747.227
000d7d20_3251,11747.25
000d7d20_3252,11747.409
000d7d20_3253,11747.584
000d7d20_3254,11748.34
000d7d20_3255,11747.904
000d7d20_3256,11747.644
000d7d20_3257,11747.15
000d7d20_3258,11746.852
000d7d20_3259,11746.624
000d7d20_3260,11746.5
000d7d20_3261,11744.857
000d7d20_3262,11743.398
000d7d20_3263,11742.053
000d7d20_3264,11743.602
000d7d20_3265,11744.039
000d7d20_3266,11745.764
000d7d20_3267,11746.838
000d7d20_3268,11746.632
000d7d20_3269,11746.365
000d7d20_3270,11746.33
000d7d20_3271,11746.011
000d7d20_3272,11746.5625
000d7d20_3273,11746.794
000d7d20_3274,11746.998
000d7d20_3275,11746.986
000d7d20_3276,11747.053
000d7d20_3277,11746.943
000d7d20_3278,11746.994
000d7d20_3279,11746.992
000d7d20_3280,11746.813
000d7d20_3281,11746.781
000d7d20_3282,11746.704
000d7d20_3283,11746.294
000d7d20_3284,11746.151
000d7d20_3285,11745.784
000d7d20_3286,11746.591
000d7d20_3287,11746.886
000d7d20_3288,11747.205
000d7d20_3289,11746.939
000d7d20_3290,11746.956
000d7d20_3291,11747.037
000d7d20_3292,11746.998
000d7d20_3293,11747.131
000d7d20_3294,11746.824
000d7d20_3295,11747.01
000d7d20_3296,11747.506
000d7d20_3297,11746.963
000d7d20_3298,11746.666
000d7d20_3299,11746.602
000d7d20_3300,11747.104
000d7d20_3301,11748.232
000d7d20_3302,11747.162
000d7d20_3303,11747.01
000d7d20_3304,11746.891
000d7d20_3305,11747.404
000d7d20_3306,11747.534
000d7d20_3307,11747.265
000d7d20_3308,11746.995
000d7d20_3309,11746.575
000d7d20_3310,11746.2
000d7d20_3311,11746.863
000d7d20_3312,11747.194
000d7d20_3313,11747.412
000d7d20_3314,11747.325
000d7d20_3315,11747.042
000d7d20_3316,11747.021
000d7d20_3317,11747.316
000d7d20_3318,11747.591
000d7d20_3319,11748.619
000d7d20_3320,11748.428
000d7d20_3321,11748.092
000d7d20_3322,11747.1045
000d7d20_3323,11746.8545
000d7d20_3324,11746.516
000d7d20_3325,11744.943
000d7d20_3326,11743.833
000d7d20_3327,11742.614
000d7d20_3328,11744.256
000d7d20_3329,11744.639
000d7d20_3330,11746.278
000d7d20_3331,11747.189
000d7d20_3332,11746.961
000d7d20_3333,11746.814
000d7d20_3334,11746.572
000d7d20_3335,11746.428
000d7d20_3336,11746.6
000d7d20_3337,11746.88
000d7d20_3338,11747.243
000d7d20_3339,11747.248
000d7d20_3340,11747.514
000d7d20_3341,11746.958
000d7d20_3342,11746.875
000d7d20_3343,11747.239
000d7d20_3344,11747.49
000d7d20_3345,11747.528
000d7d20_3346,11747.088
000d7d20_3347,11746.455
000d7d20_3348,11746.201
000d7d20_3349,11746.195
000d7d20_3350,11746.652
000d7d20_3351,11747.107
000d7d20_3352,11747.58
000d7d20_3353,11747.508
000d7d20_3354,11747.257
000d7d20_3355,11747.065
000d7d20_3356,11746.951
000d7d20_3357,11747.169
000d7d20_3358,11747.075
000d7d20_3359,11747.021
000d7d20_3360,11746.769
000d7d20_3361,11746.425
000d7d20_3362,11746.654
000d7d20_3363,11746.946
000d7d20_3364,11747.473
000d7d20_3365,11747.722
000d7d20_3366,11747.635
000d7d20_3367,11747.477
000d7d20_3368,11747.287
000d7d20_3369,11747.479
000d7d20_3370,11747.385
000d7d20_3371,11747.261
000d7d20_3372,11747.151
000d7d20_3373,11746.719
000d7d20_3374,11746.658
000d7d20_3375,11746.631
000d7d20_3376,11746.865
000d7d20_3377,11746.9375
000d7d20_3378,11747.061
000d7d20_3379,11747.103
000d7d20_3380,11747.232
000d7d20_3381,11747.295
000d7d20_3382,11747.453
000d7d20_3383,11747.834
000d7d20_3384,11747.772
000d7d20_3385,11747.484
000d7d20_3386,11746.597
000d7d20_3387,11746.729
000d7d20_3388,11746.325
000d7d20_3389,11745.014
000d7d20_3390,11743.506
000d7d20_3391,11742.06
000d7d20_3392,11743.463
000d7d20_3393,11743.919
000d7d20_3394,11745.917
000d7d20_3395,11746.903
000d7d20_3396,11746.502
000d7d20_3397,11746.099
000d7d20_3398,11746.261
000d7d20_3399,11746.391
000d7d20_3400,11746.606
000d7d20_3401,11747.067
000d7d20_3402,11747.127
000d7d20_3403,11747.146
000d7d20_3404,11746.67
000d7d20_3405,11746.44
000d7d20_3406,11746.58
000d7d20_3407,11746.937
000d7d20_3408,11747.322
000d7d20_3409,11747.145
000d7d20_3410,11747.049
000d7d20_3411,11746.436
000d7d20_3412,11746.076
000d7d20_3413,11746.107
000d7d20_3414,11746.521
000d7d20_3415,11746.933
000d7d20_3416,11747.14
000d7d20_3417,11747.06
000d7d20_3418,11746.798
000d7d20_3419,11746.922
000d7d20_3420,11747.126
000d7d20_3421,11747.403
000d7d20_3422,11747.468
000d7d20_3423,11747.333
000d7d20_3424,11746.719
000d7d20_3425,11746.423
000d7d20_3426,11747.109
000d7d20_3427,11747.112
000d7d20_3428,11747.459
000d7d20_3429,11748.011
000d7d20_3430,11747.914
000d7d20_3431,11747.819
000d7d20_3432,11747.193
000d7d20_3433,11747.658
000d7d20_3434,11747.514
000d7d20_3435,11747.994
000d7d20_3436,11747.258
000d7d20_3437,11746.728
000d7d20_3438,11746.668
000d7d20_3439,11746.494
000d7d20_3440,11746.908
000d7d20_3441,11747.148
000d7d20_3442,11747.539
000d7d20_3443,11747.278
000d7d20_3444,11747.341
000d7d20_3445,11747.308
000d7d20_3446,11747.628
000d7d20_3447,11747.853
000d7d20_3448,11747.797
000d7d20_3449,11747.533
000d7d20_3450,11747.127
000d7d20_3451,11746.713
000d7d20_3452,11746.314
000d7d20_3453,11744.822
000d7d20_3454,11743.635
000d7d20_3455,11742.277
000d7d20_3456,11743.604
000d7d20_3457,11744.332
000d7d20_3458,11746.117
000d7d20_3459,11747.092
000d7d20_3460,11746.996
000d7d20_3461,11746.514
000d7d20_3462,11746.2
000d7d20_3463,11746.037
000d7d20_3464,11746.398
000d7d20_3465,11746.777
000d7d20_3466,11747.079
000d7d20_3467,11747.18
000d7d20_3468,11747.042
000d7d20_3469,11747.014
000d7d20_3470,11746.711
000d7d20_3471,11746.727
000d7d20_3472,11746.614
000d7d20_3473,11746.839
000d7d20_3474,11746.62
000d7d20_3475,11746.33
000d7d20_3476,11745.86
000d7d20_3477,11746.107
000d7d20_3478,11746.561
000d7d20_3479,11746.998
000d7d20_3480,11747.017
000d7d20_3481,11746.564
000d7d20_3482,11746.393
000d7d20_3483,11746.417
000d7d20_3484,11747.011
000d7d20_3485,11747.213
000d7d20_3486,11747.252
000d7d20_3487,11746.701
000d7d20_3488,11746.247
000d7d20_3489,11745.942
000d7d20_3490,11746.158
000d7d20_3491,11746.789
000d7d20_3492,11747.363
000d7d20_3493,11747.641
000d7d20_3494,11747.527
000d7d20_3495,11747.295
000d7d20_3496,11747.101
000d7d20_3497,11747.35
000d7d20_3498,11747.317
000d7d20_3499,11747.256
000d7d20_3500,11746.915
000d7d20_3501,11746.381
000d7d20_3502,11746.256
000d7d20_3503,11746.378
000d7d20_3504,11746.967
000d7d20_3505,11747.459
000d7d20_3506,11747.646
000d7d20_3507,11746.918
000d7d20_3508,11746.35
000d7d20_3509,11746.398
000d7d20_3510,11748.084
000d7d20_3511,11747.563
000d7d20_3512,11747.491
000d7d20_3513,11747.25
000d7d20_3514,11746.891
000d7d20_3515,11746.461
000d7d20_3516,11746.253
000d7d20_3517,11744.568
000d7d20_3518,11743.412
000d7d20_3519,11742.121
000d7d20_3520,11743.857
000d7d20_3521,11744.247
000d7d20_3522,11745.876
000d7d20_3523,11746.963
000d7d20_3524,11746.859
000d7d20_3525,11746.693
000d7d20_3526,11746.283
000d7d20_3527,11746.37
000d7d20_3528,11746.561
000d7d20_3529,11746.763
000d7d20_3530,11747.207
000d7d20_3531,11747.247
000d7d20_3532,11747.158
000d7d20_3533,11746.992
000d7d20_3534,11747.043
000d7d20_3535,11747.028
000d7d20_3536,11746.938
000d7d20_3537,11746.977
000d7d20_3538,11746.797
000d7d20_3539,11746.4795
000d7d20_3540,11746.252
000d7d20_3541,11746.404
000d7d20_3542,11746.658
000d7d20_3543,11746.924
000d7d20_3544,11747.154
000d7d20_3545,11747.003
000d7d20_3546,11746.909
000d7d20_3547,11746.952
000d7d20_3548,11746.922
000d7d20_3549,11747.258
000d7d20_3550,11747.213
000d7d20_3551,11746.907
000d7d20_3552,11746.095
000d7d20_3553,11746.287
000d7d20_3554,11746.465
000d7d20_3555,11747.26
000d7d20_3556,11747.553
000d7d20_3557,11747.725
000d7d20_3558,11747.644
000d7d20_3559,11747.42
000d7d20_3560,11747.452
000d7d20_3561,11747.347
000d7d20_3562,11747.722
000d7d20_3563,11747.269
000d7d20_3564,11747.279
000d7d20_3565,11746.761
000d7d20_3566,11746.372
000d7d20_3567,11746.705
000d7d20_3568,11747.03
000d7d20_3569,11747.409
000d7d20_3570,11747.266
000d7d20_3571,11747.242
000d7d20_3572,11747.022
000d7d20_3573,11746.993
000d7d20_3574,11747.65
000d7d20_3575,11747.844
000d7d20_3576,11747.718
000d7d20_3577,11747.393
000d7d20_3578,11746.689
000d7d20_3579,11746.255
000d7d20_3580,11746.067
000d7d20_3581,11744.779
000d7d20_3582,11743.269
000d7d20_3583,11741.705
000d7d20_3584,11743.302
000d7d20_3585,11743.572
000d7d20_3586,11745.475
000d7d20_3587,11746.459
000d7d20_3588,11746.302
000d7d20_3589,11745.978
000d7d20_3590,11745.81
000d7d20_3591,11745.954
000d7d20_3592,11746.154
000d7d20_3593,11746.39
000d7d20_3594,11746.498
000d7d20_3595,11746.855
000d7d20_3596,11746.666
000d7d20_3597,11746.412
000d7d20_3598,11746.644
000d7d20_3599,11746.687
000d7d20_3600,11746.945
000d7d20_3601,11746.4
000d7d20_3602,11745.994
000d7d20_3603,11745.553
000d7d20_3604,11745.645
000d7d20_3605,11746.01
000d7d20_3606,11746.169
000d7d20_3607,11746.561
000d7d20_3608,11746.591
000d7d20_3609,11746.336
000d7d20_3610,11746.178
000d7d20_3611,11746.132
000d7d20_3612,11746.343
000d7d20_3613,11746.506
000d7d20_3614,11746.506
000d7d20_3615,11746.221
000d7d20_3616,11745.846
000d7d20_3617,11745.896
000d7d20_3618,11745.846
000d7d20_3619,11746.033
000d7d20_3620,11746.492
000d7d20_3621,11746.849
000d7d20_3622,11747.006
000d7d20_3623,11746.846
000d7d20_3624,11746.829
000d7d20_3625,11746.728
000d7d20_3626,11746.836
000d7d20_3627,11746.404
000d7d20_3628,11746.161
000d7d20_3629,11746.112
000d7d20_3630,11745.764
000d7d20_3631,11746.188
000d7d20_3632,11745.865
000d7d20_3633,11746.56
000d7d20_3634,11746.752
000d7d20_3635,11746.662
000d7d20_3636,11746.984
000d7d20_3637,11746.946
000d7d20_3638,11746.282
000d7d20_3639,11747.139
000d7d20_3640,11747.523
000d7d20_3641,11746.611
000d7d20_3642,11746.188
000d7d20_3643,11746.046
000d7d20_3644,11745.954
000d7d20_3645,11744.292
000d7d20_3646,11742.967
000d7d20_3647,11741.684
000d7d20_3648,11743.016
000d7d20_3649,11743.494
000d7d20_3650,11745.417
000d7d20_3651,11746.571
000d7d20_3652,11746.562
000d7d20_3653,11745.8545
000d7d20_3654,11745.805
000d7d20_3655,11745.526
000d7d20_3656,11745.977
000d7d20_3657,11746.095
000d7d20_3658,11746.412
000d7d20_3659,11746.837
000d7d20_3660,11746.84
000d7d20_3661,11746.562
000d7d20_3662,11746.346
000d7d20_3663,11746.354
000d7d20_3664,11746.576
000d7d20_3665,11746.528
000d7d20_3666,11746.057
000d7d20_3667,11745.465
000d7d20_3668,11745.268
000d7d20_3669,11745.505
000d7d20_3670,11745.864
000d7d20_3671,11746.26
000d7d20_3672,11746.363
000d7d20_3673,11746.134
000d7d20_3674,11746.016
000d7d20_3675,11746.003
000d7d20_3676,11746.295
000d7d20_3677,11746.326
000d7d20_3678,11746.294
000d7d20_3679,11745.886
000d7d20_3680,11745.602
000d7d20_3681,11745.394
000d7d20_3682,11745.674
000d7d20_3683,11746.225
000d7d20_3684,11746.764
000d7d20_3685,11746.939
000d7d20_3686,11746.827
000d7d20_3687,11746.619
000d7d20_3688,11746.619
000d7d20_3689,11746.788
000d7d20_3690,11747.115
000d7d20_3691,11746.908
000d7d20_3692,11746.437
000d7d20_3693,11745.908
000d7d20_3694,11745.796
000d7d20_3695,11746.142
000d7d20_3696,11746.659
000d7d20_3697,11746.952
000d7d20_3698,11746.928
000d7d20_3699,11746.864
000d7d20_3700,11746.729
000d7d20_3701,11746.911
000d7d20_3702,11747.051
000d7d20_3703,11747.459
000d7d20_3704,11747.464
000d7d20_3705,11747.387
000d7d20_3706,11746.908
000d7d20_3707,11746.453
000d7d20_3708,11746.239
000d7d20_3709,11744.49
000d7d20_3710,11743.404
000d7d20_3711,11742.041
000d7d20_3712,11743.607
000d7d20_3713,11744.07
000d7d20_3714,11745.886
000d7d20_3715,11746.989
000d7d20_3716,11746.671
000d7d20_3717,11746.369
000d7d20_3718,11746.174
000d7d20_3719,11746.229
000d7d20_3720,11746.7295
000d7d20_3721,11746.709
000d7d20_3722,11747.013
000d7d20_3723,11747.073
000d7d20_3724,11747.092
000d7d20_3725,11746.846
000d7d20_3726,11746.92
000d7d20_3727,11747.034
000d7d20_3728,11747.162
000d7d20_3729,11747.165
000d7d20_3730,11746.849
000d7d20_3731,11746.246
000d7d20_3732,11746.462
000d7d20_3733,11746.503
000d7d20_3734,11746.451
000d7d20_3735,11746.37
000d7d20_3736,11746.52
000d7d20_3737,11747.112
000d7d20_3738,11746.089
000d7d20_3739,11746.018
000d7d20_3740,11746.399
000d7d20_3741,11746.646
000d7d20_3742,11746.568
000d7d20_3743,11746.649
000d7d20_3744,11746.138
000d7d20_3745,11745.664
000d7d20_3746,11745.583
000d7d20_3747,11745.609
000d7d20_3748,11746.076
000d7d20_3749,11746.242
000d7d20_3750,11746.103
000d7d20_3751,11746.238
000d7d20_3752,11746.123
000d7d20_3753,11746.544
000d7d20_3754,11746.778
000d7d20_3755,11746.426
000d7d20_3756,11745.805
000d7d20_3757,11745.246
000d7d20_3758,11745.047
000d7d20_3759,11745.318
000d7d20_3760,11746.166
000d7d20_3761,11746.412
000d7d20_3762,11746.39
000d7d20_3763,11745.825
000d7d20_3764,11745.707
000d7d20_3765,11745.917
000d7d20_3766,11746.163
000d7d20_3767,11747.131
000d7d20_3768,11746.99
000d7d20_3769,11746.796
000d7d20_3770,11745.964
000d7d20_3771,11745.303
000d7d20_3772,11745.08
000d7d20_3773,11742.887
000d7d20_3774,11741.38
000d7d20_3775,11740.023
000d7d20_3776,11741.911
000d7d20_3777,11742.279
000d7d20_3778,11744.974
000d7d20_3779,11746.104
000d7d20_3780,11745.224
000d7d20_3781,11745.361
000d7d20_3782,11745.105
000d7d20_3783,11745.248
000d7d20_3784,11745.494
000d7d20_3785,11745.945
000d7d20_3786,11746.375
000d7d20_3787,11746.4
000d7d20_3788,11745.861
000d7d20_3789,11746.143
000d7d20_3790,11746.072
000d7d20_3791,11746.189
000d7d20_3792,11746.338
000d7d20_3793,11745.886
000d7d20_3794,11746.07
000d7d20_3795,11745.387
000d7d20_3796,11745.46
000d7d20_3797,11745.234
000d7d20_3798,11745.417
000d7d20_3799,11746.047
000d7d20_3800,11746.15
000d7d20_3801,11746.0
000d7d20_3802,11746.219
000d7d20_3803,11746.292
000d7d20_3804,11746.781
000d7d20_3805,11746.317
000d7d20_3806,11746.155
000d7d20_3807,11745.925
000d7d20_3808,11745.846
000d7d20_3809,11746.06
000d7d20_3810,11746.415
000d7d20_3811,11747.078
000d7d20_3812,11746.65
000d7d20_3813,11746.6
000d7d20_3814,11746.639
000d7d20_3815,11746.877
000d7d20_3816,11747.056
000d7d20_3817,11748.021
000d7d20_3818,11748.268
000d7d20_3819,11747.472
000d7d20_3820,11746.995
000d7d20_3821,11746.542
000d7d20_3822,11746.848
000d7d20_3823,11746.652
000d7d20_3824,11746.41
000d7d20_3825,11747.284
000d7d20_3826,11747.647
000d7d20_3827,11747.448
000d7d20_3828,11747.695
000d7d20_3829,11747.742
000d7d20_3830,11748.005
000d7d20_3831,11748.153
000d7d20_3832,11748.299
000d7d20_3833,11748.187
000d7d20_3834,11747.716
000d7d20_3835,11747.045
000d7d20_3836,11747.189
000d7d20_3837,11745.606
000d7d20_3838,11745.49
000d7d20_3839,11743.7
000d7d20_3840,11745.858
000d7d20_3841,11746.025
000d7d20_3842,11747.693
000d7d20_3843,11748.144
000d7d20_3844,11748.057
000d7d20_3845,11747.658
000d7d20_3846,11747.354
000d7d20_3847,11747.354
000d7d20_3848,11747.311
000d7d20_3849,11747.88
000d7d20_3850,11747.7705
000d7d20_3851,11748.08
000d7d20_3852,11747.76
000d7d20_3853,11747.58
000d7d20_3854,11747.158
000d7d20_3855,11747.346
000d7d20_3856,11747.635
000d7d20_3857,11748.257
000d7d20_3858,11747.913
000d7d20_3859,11747.22
000d7d20_3860,11746.499
000d7d20_3861,11746.614
000d7d20_3862,11747.0
000d7d20_3863,11747.352
000d7d20_3864,11747.514
000d7d20_3865,11747.572
000d7d20_3866,11747.264
000d7d20_3867,11747.22
000d7d20_3868,11747.221
000d7d20_3869,11747.237
000d7d20_3870,11747.197
000d7d20_3871,11747.0625
000d7d20_3872,11746.45
000d7d20_3873,11746.409
000d7d20_3874,11746.52
000d7d20_3875,11747.264
000d7d20_3876,11747.652
000d7d20_3877,11747.853
000d7d20_3878,11747.964
000d7d20_3879,11748.131
000d7d20_3880,11747.607
000d7d20_3881,11747.215
000d7d20_3882,11747.371
000d7d20_3883,11748.564
000d7d20_3884,11746.961
000d7d20_3885,11746.849
000d7d20_3886,11746.284
000d7d20_3887,11746.3545
000d7d20_3888,11746.81
000d7d20_3889,11747.611
000d7d20_3890,11747.643
000d7d20_3891,11746.719
000d7d20_3892,11746.5205
000d7d20_3893,11746.49
000d7d20_3894,11747.57
000d7d20_3895,11746.754
000d7d20_3896,11747.231
000d7d20_3897,11746.661
000d7d20_3898,11746.565
000d7d20_3899,11746.12
000d7d20_3900,11745.709
000d7d20_3901,11743.284
000d7d20_3902,11741.125
000d7d20_3903,11740.905
000d7d20_3904,11741.239
000d7d20_3905,11742.407
000d7d20_3906,11744.64
000d7d20_3907,11746.464
000d7d20_3908,11745.867
000d7d20_3909,11745.674
000d7d20_3910,11746.019
000d7d20_3911,11745.088
000d7d20_3912,11745.328
000d7d20_3913,11745.639
000d7d20_3914,11745.915
000d7d20_3915,11746.448
000d7d20_3916,11746.193
000d7d20_3917,11746.115
000d7d20_3918,11746.434
000d7d20_3919,11746.271
000d7d20_3920,11746.229
000d7d20_3921,11746.447
000d7d20_3922,11746.281
000d7d20_3923,11746.127
000d7d20_3924,11745.331
000d7d20_3925,11745.631
000d7d20_3926,11745.597
000d7d20_3927,11746.648
000d7d20_3928,11746.971
000d7d20_3929,11746.912
000d7d20_3930,11746.682
000d7d20_3931,11746.759
000d7d20_3932,11746.791
000d7d20_3933,11747.326
000d7d20_3934,11747.232
000d7d20_3935,11746.339
000d7d20_3936,11746.25
000d7d20_3937,11746.031
000d7d20_3938,11747.0205
000d7d20_3939,11747.252
000d7d20_3940,11746.903
000d7d20_3941,11746.756
000d7d20_3942,11747.119
000d7d20_3943,11747.0
000d7d20_3944,11747.146
000d7d20_3945,11747.201
000d7d20_3946,11747.078
000d7d20_3947,11747.068
000d7d20_3948,11746.423
000d7d20_3949,11746.502
000d7d20_3950,11746.451
000d7d20_3951,11746.498
000d7d20_3952,11746.729
000d7d20_3953,11746.898
000d7d20_3954,11747.102
000d7d20_3955,11747.003
000d7d20_3956,11747.239
000d7d20_3957,11747.107
000d7d20_3958,11747.398
000d7d20_3959,11747.63
000d7d20_3960,11747.658
000d7d20_3961,11747.676
000d7d20_3962,11747.342
000d7d20_3963,11746.997
000d7d20_3964,11746.557
000d7d20_3965,11744.969
000d7d20_3966,11743.908
000d7d20_3967,11742.275
000d7d20_3968,11743.481
000d7d20_3969,11744.014
000d7d20_3970,11746.264
000d7d20_3971,11747.412
000d7d20_3972,11746.273
000d7d20_3973,11745.808
000d7d20_3974,11745.968
000d7d20_3975,11745.685
000d7d20_3976,11746.052
000d7d20_3977,11746.249
000d7d20_3978,11747.057
000d7d20_3979,11747.425
000d7d20_3980,11747.201
000d7d20_3981,11746.644
000d7d20_3982,11745.408
000d7d20_3983,11746.458
000d7d20_3984,11746.425
000d7d20_3985,11746.921
000d7d20_3986,11746.0625
000d7d20_3987,11745.912
000d7d20_3988,11745.39
000d7d20_3989,11745.873
000d7d20_3990,11745.752
000d7d20_3991,11746.598
000d7d20_3992,11746.74
000d7d20_3993,11746.761
000d7d20_3994,11746.482
000d7d20_3995,11746.862
000d7d20_3996,11747.038
000d7d20_3997,11746.896
000d7d20_3998,11746.619
000d7d20_3999,11746.86
000d7d20_4000,11746.099
000d7d20_4001,11745.995
000d7d20_4002,11746.35
000d7d20_4003,11747.178
000d7d20_4004,11747.542
000d7d20_4005,11747.397
000d7d20_4006,11747.573
000d7d20_4007,11747.143
000d7d20_4008,11746.904
000d7d20_4009,11747.005
000d7d20_4010,11747.553
000d7d20_4011,11747.497
000d7d20_4012,11746.928
000d7d20_4013,11748.1455
000d7d20_4014,11747.24
000d7d20_4015,11746.138
000d7d20_4016,11746.973
000d7d20_4017,11746.886
000d7d20_4018,11748.148
000d7d20_4019,11747.341
000d7d20_4020,11747.294
000d7d20_4021,11747.521
000d7d20_4022,11747.498
000d7d20_4023,11747.753
000d7d20_4024,11747.949
000d7d20_4025,11747.455
000d7d20_4026,11747.153
000d7d20_4027,11746.552
000d7d20_4028,11746.203
000d7d20_4029,11744.129
000d7d20_4030,11743.648
000d7d20_4031,11742.039
000d7d20_4032,11743.074
000d7d20_4033,11743.084
000d7d20_4034,11745.2295
000d7d20_4035,11746.541
000d7d20_4036,11746.23
000d7d20_4037,11746.21
000d7d20_4038,11745.4795
000d7d20_4039,11745.6
000d7d20_4040,11746.066
000d7d20_4041,11746.442
000d7d20_4042,11746.685
000d7d20_4043,11747.07
000d7d20_4044,11746.731
000d7d20_4045,11746.315
000d7d20_4046,11746.332
000d7d20_4047,11746.39
000d7d20_4048,11746.496
000d7d20_4049,11747.049
000d7d20_4050,11746.61
000d7d20_4051,11746.896
000d7d20_4052,11746.46
000d7d20_4053,11745.922
000d7d20_4054,11745.82
000d7d20_4055,11746.146
000d7d20_4056,11747.078
000d7d20_4057,11746.13
000d7d20_4058,11745.81
000d7d20_4059,11746.424
000d7d20_4060,11746.475
000d7d20_4061,11746.717
000d7d20_4062,11745.918
000d7d20_4063,11746.231
000d7d20_4064,11745.912
000d7d20_4065,11746.536
000d7d20_4066,11746.094
000d7d20_4067,11746.847
000d7d20_4068,11747.875
000d7d20_4069,11747.018
000d7d20_4070,11746.386
000d7d20_4071,11746.584
000d7d20_4072,11746.859
000d7d20_4073,11747.435
000d7d20_4074,11747.634
000d7d20_4075,11746.851
000d7d20_4076,11746.993
000d7d20_4077,11746.42
000d7d20_4078,11746.146
000d7d20_4079,11745.9
000d7d20_4080,11746.617
000d7d20_4081,11746.638
000d7d20_4082,11747.041
000d7d20_4083,11746.458
000d7d20_4084,11746.698
000d7d20_4085,11746.6045
000d7d20_4086,11747.283
000d7d20_4087,11747.881
000d7d20_4088,11747.448
000d7d20_4089,11747.959
000d7d20_4090,11746.483
000d7d20_4091,11746.264
000d7d20_4092,11745.913
000d7d20_4093,11744.119
000d7d20_4094,11742.92
000d7d20_4095,11741.897
000d7d20_4096,11742.728
000d7d20_4097,11744.068
000d7d20_4098,11745.392
000d7d20_4099,11746.417
000d7d20_4100,11746.596
000d7d20_4101,11746.212
000d7d20_4102,11746.184
000d7d20_4103,11744.888
000d7d20_4104,11745.903
000d7d20_4105,11745.435
000d7d20_4106,11746.975
000d7d20_4107,11747.279
000d7d20_4108,11746.437
000d7d20_4109,11746.312
000d7d20_4110,11745.695
000d7d20_4111,11746.088
000d7d20_4112,11746.287
000d7d20_4113,11746.383
000d7d20_4114,11746.185
000d7d20_4115,11745.668
000d7d20_4116,11745.372
000d7d20_4117,11745.421
000d7d20_4118,11745.844
000d7d20_4119,11746.208
000d7d20_4120,11746.479
000d7d20_4121,11746.335
000d7d20_4122,11746.096
000d7d20_4123,11745.893
000d7d20_4124,11746.182
000d7d20_4125,11746.272
000d7d20_4126,11746.33
000d7d20_4127,11745.771
000d7d20_4128,11745.4375
000d7d20_4129,11745.24
000d7d20_4130,11745.547
000d7d20_4131,11746.347
000d7d20_4132,11746.888
000d7d20_4133,11747.028
000d7d20_4134,11746.979
000d7d20_4135,11746.111
000d7d20_4136,11746.356
000d7d20_4137,11746.209
000d7d20_4138,11746.74
000d7d20_4139,11746.591
000d7d20_4140,11746.319
000d7d20_4141,11745.795
000d7d20_4142,11745.619
000d7d20_4143,11745.841
000d7d20_4144,11746.276
000d7d20_4145,11746.356
000d7d20_4146,11746.612
000d7d20_4147,11746.316
000d7d20_4148,11746.403
000d7d20_4149,11746.628
000d7d20_4150,11746.963
000d7d20_4151,11746.905
000d7d20_4152,11747.052
000d7d20_4153,11746.55
000d7d20_4154,11746.095
000d7d20_4155,11746.042
000d7d20_4156,11746.045
000d7d20_4157,11743.955
000d7d20_4158,11741.971
000d7d20_4159,11740.624
000d7d20_4160,11742.412
000d7d20_4161,11742.518
000d7d20_4162,11744.307
000d7d20_4163,11745.651
000d7d20_4164,11745.392
000d7d20_4165,11745.342
000d7d20_4166,11745.3125
000d7d20_4167,11744.922
000d7d20_4168,11745.104
000d7d20_4169,11745.11
000d7d20_4170,11745.607
000d7d20_4171,11745.433
000d7d20_4172,11745.492
000d7d20_4173,11745.146
000d7d20_4174,11745.061
000d7d20_4175,11745.44
000d7d20_4176,11745.241
000d7d20_4177,11745.4
000d7d20_4178,11745.083
000d7d20_4179,11744.185
000d7d20_4180,11743.786
000d7d20_4181,11744.012
000d7d20_4182,11744.525
000d7d20_4183,11745.209
000d7d20_4184,11745.269
000d7d20_4185,11745.362
000d7d20_4186,11744.894
000d7d20_4187,11744.732
000d7d20_4188,11744.561
000d7d20_4189,11745.459
000d7d20_4190,11745.624
000d7d20_4191,11745.2295
000d7d20_4192,11744.837
000d7d20_4193,11744.483
000d7d20_4194,11744.31
000d7d20_4195,11745.094
000d7d20_4196,11745.65
000d7d20_4197,11746.029
000d7d20_4198,11745.912
000d7d20_4199,11745.961
000d7d20_4200,11745.583
000d7d20_4201,11745.469
000d7d20_4202,11745.888
000d7d20_4203,11745.57
000d7d20_4204,11745.046
000d7d20_4205,11745.009
000d7d20_4206,11744.731
000d7d20_4207,11743.896
000d7d20_4208,11744.903
000d7d20_4209,11745.83
000d7d20_4210,11745.247
000d7d20_4211,11745.016
000d7d20_4212,11745.264
000d7d20_4213,11745.106
000d7d20_4214,11746.586
000d7d20_4215,11746.377
000d7d20_4216,11746.564
000d7d20_4217,11746.139
000d7d20_4218,11745.664
000d7d20_4219,11744.93
000d7d20_4220,11744.949
000d7d20_4221,11743.097
000d7d20_4222,11741.25
000d7d20_4223,11740.097
000d7d20_4224,11740.8955
000d7d20_4225,11741.51
000d7d20_4226,11743.689
000d7d20_4227,11745.103
000d7d20_4228,11745.0205
000d7d20_4229,11744.732
000d7d20_4230,11744.036
000d7d20_4231,11744.643
000d7d20_4232,11744.573
000d7d20_4233,11744.577
000d7d20_4234,11745.058
000d7d20_4235,11745.732
000d7d20_4236,11744.686
000d7d20_4237,11744.814
000d7d20_4238,11744.844
000d7d20_4239,11744.986
000d7d20_4240,11745.333
000d7d20_4241,11745.443
000d7d20_4242,11744.861
000d7d20_4243,11744.579
000d7d20_4244,11744.307
000d7d20_4245,11744.252
000d7d20_4246,11744.617
000d7d20_4247,11744.548
000d7d20_4248,11745.08
000d7d20_4249,11744.801
000d7d20_4250,11744.999
000d7d20_4251,11745.052
000d7d20_4252,11745.368
000d7d20_4253,11744.724
000d7d20_4254,11745.128
000d7d20_4255,11744.316
000d7d20_4256,11744.099
000d7d20_4257,11743.516
000d7d20_4258,11744.037
000d7d20_4259,11744.85
000d7d20_4260,11744.33
000d7d20_4261,11744.73
000d7d20_4262,11745.357
000d7d20_4263,11744.584
000d7d20_4264,11744.305
000d7d20_4265,11745.064
000d7d20_4266,11745.034
000d7d20_4267,11745.82
000d7d20_4268,11744.673
000d7d20_4269,11743.706
000d7d20_4270,11744.103
000d7d20_4271,11744.352
000d7d20_4272,11744.314
000d7d20_4273,11744.917
000d7d20_4274,11744.557
000d7d20_4275,11743.731
000d7d20_4276,11744.987
000d7d20_4277,11743.357
000d7d20_4278,11745.792
000d7d20_4279,11745.861
000d7d20_4280,11745.844
000d7d20_4281,11745.545
000d7d20_4282,11744.345
000d7d20_4283,11743.922
000d7d20_4284,11743.657
000d7d20_4285,11742.865
000d7d20_4286,11740.502
000d7d20_4287,11738.877
000d7d20_4288,11739.879
000d7d20_4289,11740.612
000d7d20_4290,11743.643
000d7d20_4291,11744.417
000d7d20_4292,11744.843
000d7d20_4293,11744.299
000d7d20_4294,11743.058
000d7d20_4295,11743.825
000d7d20_4296,11743.765
000d7d20_4297,11744.428
000d7d20_4298,11744.557
000d7d20_4299,11745.223
000d7d20_4300,11744.846
000d7d20_4301,11745.178
000d7d20_4302,11745.067
000d7d20_4303,11744.421
000d7d20_4304,11744.978
000d7d20_4305,11744.646
000d7d20_4306,11744.183
000d7d20_4307,11743.572
000d7d20_4308,11743.51
000d7d20_4309,11743.928
000d7d20_4310,11744.056
000d7d20_4311,11744.779
000d7d20_4312,11744.922
000d7d20_4313,11744.775
000d7d20_4314,11744.243
000d7d20_4315,11744.476
000d7d20_4316,11744.724
000d7d20_4317,11744.724
000d7d20_4318,11744.805
000d7d20_4319,11744.193
000d7d20_4320,11743.784
000d7d20_4321,11743.533
000d7d20_4322,11744.374
000d7d20_4323,11744.685
000d7d20_4324,11745.293
000d7d20_4325,11744.912
000d7d20_4326,11744.912
000d7d20_4327,11744.612
000d7d20_4328,11744.644
000d7d20_4329,11744.356
000d7d20_4330,11745.004
000d7d20_4331,11744.689
000d7d20_4332,11744.441
000d7d20_4333,11743.732
000d7d20_4334,11743.6045
000d7d20_4335,11743.877
000d7d20_4336,11744.216
000d7d20_4337,11744.318
000d7d20_4338,11744.414
000d7d20_4339,11744.32
000d7d20_4340,11744.264
000d7d20_4341,11744.456
000d7d20_4342,11745.002
000d7d20_4343,11745.123
000d7d20_4344,11745.197
000d7d20_4345,11744.594
000d7d20_4346,11744.379
000d7d20_4347,11743.881
000d7d20_4348,11744.447
000d7d20_4349,11741.911
000d7d20_4350,11740.494
000d7d20_4351,11738.564
000d7d20_4352,11739.768
000d7d20_4353,11740.323
000d7d20_4354,11742.686
000d7d20_4355,11744.049
000d7d20_4356,11744.036
000d7d20_4357,11743.883
000d7d20_4358,11743.183
000d7d20_4359,11743.455
000d7d20_4360,11744.355
000d7d20_4361,11743.219
000d7d20_4362,11743.658
000d7d20_4363,11744.892
000d7d20_4364,11743.795
000d7d20_4365,11744.6
000d7d20_4366,11743.434
000d7d20_4367,11745.094
000d7d20_4368,11743.977
000d7d20_4369,11744.885
000d7d20_4370,11744.217
000d7d20_4371,11743.826
000d7d20_4372,11743.554
000d7d20_4373,11743.157
000d7d20_4374,11744.335
000d7d20_4375,11744.08
000d7d20_4376,11745.008
000d7d20_4377,11743.98
000d7d20_4378,11744.772
000d7d20_4379,11744.029
000d7d20_4380,11744.579
000d7d20_4381,11744.996
000d7d20_4382,11744.523
000d7d20_4383,11744.779
000d7d20_4384,11743.528
000d7d20_4385,11744.284
000d7d20_4386,11744.253
000d7d20_4387,11744.712
000d7d20_4388,11745.6875
000d7d20_4389,11745.519
000d7d20_4390,11745.871
000d7d20_4391,11745.328
000d7d20_4392,11745.261
000d7d20_4393,11745.388
000d7d20_4394,11745.686
000d7d20_4395,11745.536
000d7d20_4396,11745.232
000d7d20_4397,11744.761
000d7d20_4398,11744.536
000d7d20_4399,11744.614
000d7d20_4400,11745.076
000d7d20_4401,11745.447
000d7d20_4402,11745.422
000d7d20_4403,11745.232
000d7d20_4404,11745.9375
000d7d20_4405,11746.275
000d7d20_4406,11747.385
000d7d20_4407,11746.485
000d7d20_4408,11746.304
000d7d20_4409,11746.533
000d7d20_4410,11745.652
000d7d20_4411,11745.3
000d7d20_4412,11745.068
000d7d20_4413,11743.447
000d7d20_4414,11742.497
000d7d20_4415,11741.0205
000d7d20_4416,11742.605
000d7d20_4417,11742.996
000d7d20_4418,11744.646
000d7d20_4419,11745.694
000d7d20_4420,11745.5625
000d7d20_4421,11745.256
000d7d20_4422,11745.214
000d7d20_4423,11745.055
000d7d20_4424,11745.084
000d7d20_4425,11745.338
000d7d20_4426,11745.561
000d7d20_4427,11745.752
000d7d20_4428,11745.417
000d7d20_4429,11745.678
000d7d20_4430,11745.394
000d7d20_4431,11745.53
000d7d20_4432,11745.576
000d7d20_4433,11745.49
000d7d20_4434,11745.25
000d7d20_4435,11744.74
000d7d20_4436,11744.47
000d7d20_4437,11744.595
000d7d20_4438,11744.648
000d7d20_4439,11744.739
000d7d20_4440,11745.186
000d7d20_4441,11743.026
000d7d20_4442,11739.65
000d7d20_4443,11731.294
000d7d20_4444,11746.123
000d7d20_4445,11740.019
000d7d20_4446,11741.008
000d7d20_4447,11744.172
000d7d20_4448,11742.287
000d7d20_4449,11743.7295
000d7d20_4450,11744.806
000d7d20_4451,11745.516
000d7d20_4452,11746.322
000d7d20_4453,11746.52
000d7d20_4454,11746.121
000d7d20_4455,11745.923
000d7d20_4456,11746.021
000d7d20_4457,11746.572
000d7d20_4458,11746.47
000d7d20_4459,11746.426
000d7d20_4460,11745.936
000d7d20_4461,11745.807
000d7d20_4462,11746.13
000d7d20_4463,11745.638
000d7d20_4464,11745.618
000d7d20_4465,11745.922
000d7d20_4466,11745.791
000d7d20_4467,11745.908
000d7d20_4468,11745.818
000d7d20_4469,11746.205
000d7d20_4470,11746.693
000d7d20_4471,11747.135
000d7d20_4472,11746.766
000d7d20_4473,11746.362
000d7d20_4474,11745.873
000d7d20_4475,11745.043
000d7d20_4476,11744.941
000d7d20_4477,11743.1
000d7d20_4478,11741.944
000d7d20_4479,11741.11
000d7d20_4480,11742.674
000d7d20_4481,11742.723
000d7d20_4482,11744.736
000d7d20_4483,11745.587
000d7d20_4484,11745.543
000d7d20_4485,11745.1
000d7d20_4486,11745.091
000d7d20_4487,11745.291
000d7d20_4488,11745.416
000d7d20_4489,11745.451
000d7d20_4490,11745.967
000d7d20_4491,11745.883
000d7d20_4492,11745.588
000d7d20_4493,11745.275
000d7d20_4494,11745.354
000d7d20_4495,11745.486
000d7d20_4496,11745.688
000d7d20_4497,11745.811
000d7d20_4498,11745.437
000d7d20_4499,11744.6
000d7d20_4500,11744.432
000d7d20_4501,11744.339
000d7d20_4502,11744.88
000d7d20_4503,11745.107
000d7d20_4504,11745.57
000d7d20_4505,11745.389
000d7d20_4506,11745.295
000d7d20_4507,11745.336
000d7d20_4508,11745.525
000d7d20_4509,11745.484
000d7d20_4510,11745.582
000d7d20_4511,11745.271
000d7d20_4512,11744.852
000d7d20_4513,11744.786
000d7d20_4514,11744.673
000d7d20_4515,11745.506
000d7d20_4516,11745.873
000d7d20_4517,11746.218
000d7d20_4518,11746.342
000d7d20_4519,11745.995
000d7d20_4520,11745.712
000d7d20_4521,11746.105
000d7d20_4522,11746.152
000d7d20_4523,11746.322
000d7d20_4524,11745.678
000d7d20_4525,11745.0625
000d7d20_4526,11744.921
000d7d20_4527,11745.455
000d7d20_4528,11745.779
000d7d20_4529,11745.892
000d7d20_4530,11745.915
000d7d20_4531,11745.51
000d7d20_4532,11746.036
000d7d20_4533,11746.031
000d7d20_4534,11746.498
000d7d20_4535,11746.328
000d7d20_4536,11746.555
000d7d20_4537,11746.567
000d7d20_4538,11746.159
000d7d20_4539,11745.671
000d7d20_4540,11745.567
000d7d20_4541,11743.738
000d7d20_4542,11742.436
000d7d20_4543,11741.128
000d7d20_4544,11742.442
000d7d20_4545,11743.234
000d7d20_4546,11745.235
000d7d20_4547,11746.531
000d7d20_4548,11746.222
000d7d20_4549,11745.613
000d7d20_4550,11745.359
000d7d20_4551,11745.573
000d7d20_4552,11745.717
000d7d20_4553,11746.039
000d7d20_4554,11746.388
000d7d20_4555,11746.49
000d7d20_4556,11746.448
000d7d20_4557,11746.171
000d7d20_4558,11746.172
000d7d20_4559,11746.231
000d7d20_4560,11746.512
000d7d20_4561,11746.625
000d7d20_4562,11746.272
000d7d20_4563,11745.909
000d7d20_4564,11745.623
000d7d20_4565,11745.999
000d7d20_4566,11746.037
000d7d20_4567,11745.977
000d7d20_4568,11746.345
000d7d20_4569,11746.069
000d7d20_4570,11746.378
000d7d20_4571,11746.231
000d7d20_4572,11746.454
000d7d20_4573,11746.229
000d7d20_4574,11746.404
000d7d20_4575,11745.998
000d7d20_4576,11745.537
000d7d20_4577,11745.303
000d7d20_4578,11745.547
000d7d20_4579,11746.114
000d7d20_4580,11746.583
000d7d20_4581,11746.689
000d7d20_4582,11746.576
000d7d20_4583,11746.362
000d7d20_4584,11746.322
000d7d20_4585,11746.309
000d7d20_4586,11746.886
000d7d20_4587,11746.728
000d7d20_4588,11746.447
000d7d20_4589,11745.87
000d7d20_4590,11745.648
000d7d20_4591,11746.029
000d7d20_4592,11746.3
000d7d20_4593,11746.336
000d7d20_4594,11746.569
000d7d20_4595,11746.55
000d7d20_4596,11746.393
000d7d20_4597,11746.72
000d7d20_4598,11747.042
000d7d20_4599,11747.56
000d7d20_4600,11746.943
000d7d20_4601,11746.58
000d7d20_4602,11746.1455
000d7d20_4603,11745.807
000d7d20_4604,11745.675
000d7d20_4605,11743.92
000d7d20_4606,11742.537
000d7d20_4607,11741.197
000d7d20_4608,11742.742
000d7d20_4609,11743.292
000d7d20_4610,11745.201
000d7d20_4611,11746.283
000d7d20_4612,11746.011
000d7d20_4613,11745.807
000d7d20_4614,11745.765
000d7d20_4615,11745.369
000d7d20_4616,11745.798
000d7d20_4617,11745.981
000d7d20_4618,11746.435
000d7d20_4619,11746.297
000d7d20_4620,11746.135
000d7d20_4621,11746.002
000d7d20_4622,11746.122
000d7d20_4623,11746.195
000d7d20_4624,11746.44
000d7d20_4625,11746.295
000d7d20_4626,11745.929
000d7d20_4627,11745.419
000d7d20_4628,11745.229
000d7d20_4629,11745.429
000d7d20_4630,11745.812
000d7d20_4631,11746.716
000d7d20_4632,11747.178
000d7d20_4633,11746.362
000d7d20_4634,11746.091
000d7d20_4635,11745.578
000d7d20_4636,11746.613
000d7d20_4637,11746.3
000d7d20_4638,11746.69
000d7d20_4639,11746.99
000d7d20_4640,11746.323
000d7d20_4641,11744.946
000d7d20_4642,11745.971
000d7d20_4643,11745.998
000d7d20_4644,11747.528
000d7d20_4645,11747.561
000d7d20_4646,11746.602
000d7d20_4647,11746.675
000d7d20_4648,11745.834
000d7d20_4649,11747.248
000d7d20_4650,11746.356
000d7d20_4651,11747.003
000d7d20_4652,11746.445
000d7d20_4653,11746.453
000d7d20_4654,11745.967
000d7d20_4655,11746.447
000d7d20_4656,11746.693
000d7d20_4657,11746.217
000d7d20_4658,11746.333
000d7d20_4659,11746.806
000d7d20_4660,11746.664
000d7d20_4661,11747.154
000d7d20_4662,11746.911
000d7d20_4663,11747.428
000d7d20_4664,11747.4
000d7d20_4665,11747.645
000d7d20_4666,11746.612
000d7d20_4667,11746.131
000d7d20_4668,11745.8125
000d7d20_4669,11744.051
000d7d20_4670,11743.485
000d7d20_4671,11742.289
000d7d20_4672,11743.736
000d7d20_4673,11744.152
000d7d20_4674,11745.619
000d7d20_4675,11746.572
000d7d20_4676,11746.151
000d7d20_4677,11746.203
000d7d20_4678,11746.155
000d7d20_4679,11746.25
000d7d20_4680,11746.597
000d7d20_4681,11746.945
000d7d20_4682,11746.611
000d7d20_4683,11746.471
000d7d20_4684,11746.857
000d7d20_4685,11747.268
000d7d20_4686,11746.336
000d7d20_4687,11746.458
000d7d20_4688,11746.67
000d7d20_4689,11747.102
000d7d20_4690,11746.422
000d7d20_4691,11745.805
000d7d20_4692,11745.406
000d7d20_4693,11745.466
000d7d20_4694,11746.12
000d7d20_4695,11746.751
000d7d20_4696,11746.55
000d7d20_4697,11746.187
000d7d20_4698,11746.291
000d7d20_4699,11746.581
000d7d20_4700,11746.549
000d7d20_4701,11746.604
000d7d20_4702,11746.659
000d7d20_4703,11746.012
000d7d20_4704,11745.536
000d7d20_4705,11745.419
000d7d20_4706,11745.82
000d7d20_4707,11746.584
000d7d20_4708,11746.584
000d7d20_4709,11746.448
000d7d20_4710,11746.3545
000d7d20_4711,11746.025
000d7d20_4712,11746.154
000d7d20_4713,11746.339
000d7d20_4714,11746.525
000d7d20_4715,11746.326
000d7d20_4716,11745.781
000d7d20_4717,11745.445
000d7d20_4718,11745.182
000d7d20_4719,11745.402
000d7d20_4720,11745.881
000d7d20_4721,11746.167
000d7d20_4722,11746.214
000d7d20_4723,11746.08
000d7d20_4724,11746.041
000d7d20_4725,11746.209
000d7d20_4726,11746.569
000d7d20_4727,11746.865
000d7d20_4728,11746.764
000d7d20_4729,11746.486
000d7d20_4730,11746.056
000d7d20_4731,11745.512
000d7d20_4732,11745.565
000d7d20_4733,11743.496
000d7d20_4734,11742.443
000d7d20_4735,11740.76
000d7d20_4736,11742.025
000d7d20_4737,11742.845
000d7d20_4738,11744.068
000d7d20_4739,11746.055
000d7d20_4740,11746.129
000d7d20_4741,11745.212
000d7d20_4742,11744.775
000d7d20_4743,11744.704
000d7d20_4744,11745.017
000d7d20_4745,11745.386
000d7d20_4746,11745.599
000d7d20_4747,11745.992
000d7d20_4748,11745.138
000d7d20_4749,11745.846
000d7d20_4750,11745.745
000d7d20_4751,11745.389
000d7d20_4752,11745.221
000d7d20_4753,11745.79
000d7d20_4754,11745.011
000d7d20_4755,11744.758
000d7d20_4756,11744.21
000d7d20_4757,11744.729
000d7d20_4758,11744.37
000d7d20_4759,11744.911
000d7d20_4760,11744.612
000d7d20_4761,11744.904
000d7d20_4762,11745.01
000d7d20_4763,11745.037
000d7d20_4764,11745.378
000d7d20_4765,11745.426
000d7d20_4766,11745.067
000d7d20_4767,11744.291
000d7d20_4768,11744.318
000d7d20_4769,11744.262
000d7d20_4770,11744.572
000d7d20_4771,11745.386
000d7d20_4772,11745.585
000d7d20_4773,11745.719
000d7d20_4774,11745.487
000d7d20_4775,11745.231
000d7d20_4776,11745.451
000d7d20_4777,11745.835
000d7d20_4778,11746.045
000d7d20_4779,11745.916
000d7d20_4780,11745.33
000d7d20_4781,11744.519
000d7d20_4782,11744.743
000d7d20_4783,11745.042
000d7d20_4784,11745.896
000d7d20_4785,11745.854
000d7d20_4786,11745.92
000d7d20_4787,11745.53
000d7d20_4788,11745.587
000d7d20_4789,11745.893
000d7d20_4790,11746.202
000d7d20_4791,11746.282
000d7d20_4792,11746.485
000d7d20_4793,11746.153
000d7d20_4794,11745.766
000d7d20_4795,11745.197
000d7d20_4796,11744.68
000d7d20_4797,11743.166
000d7d20_4798,11741.708
000d7d20_4799,11740.927
000d7d20_4800,11742.1045
000d7d20_4801,11742.685
000d7d20_4802,11744.511
000d7d20_4803,11745.664
000d7d20_4804,11745.412
000d7d20_4805,11745.131
000d7d20_4806,11745.024
000d7d20_4807,11745.112
000d7d20_4808,11745.399
000d7d20_4809,11745.687
000d7d20_4810,11746.186
000d7d20_4811,11746.125
000d7d20_4812,11746.094
000d7d20_4813,11746.021
000d7d20_4814,11745.832
000d7d20_4815,11746.16
000d7d20_4816,11745.933
000d7d20_4817,11746.166
000d7d20_4818,11745.93
000d7d20_4819,11745.534
000d7d20_4820,11745.343
000d7d20_4821,11745.192
000d7d20_4822,11745.721
000d7d20_4823,11746.66
000d7d20_4824,11747.017
000d7d20_4825,11747.424
000d7d20_4826,11746.729
000d7d20_4827,11748.338
000d7d20_4828,11747.1875
000d7d20_4829,11746.44
000d7d20_4830,11746.607
000d7d20_4831,11745.914
000d7d20_4832,11745.791
000d7d20_4833,11745.828
000d7d20_4834,11746.086
000d7d20_4835,11746.516
000d7d20_4836,11746.877
000d7d20_4837,11746.901
000d7d20_4838,11746.452
000d7d20_4839,11746.132
000d7d20_4840,11746.021
000d7d20_4841,11746.811
000d7d20_4842,11746.149
000d7d20_4843,11745.742
000d7d20_4844,11745.074
000d7d20_4845,11744.994
000d7d20_4846,11745.369
000d7d20_4847,11745.372
000d7d20_4848,11745.504
000d7d20_4849,11745.919
000d7d20_4850,11745.814
000d7d20_4851,11745.65
000d7d20_4852,11745.498
000d7d20_4853,11745.576
000d7d20_4854,11745.979
000d7d20_4855,11746.567
000d7d20_4856,11746.225
000d7d20_4857,11746.033
000d7d20_4858,11745.163
000d7d20_4859,11744.833
000d7d20_4860,11744.675
000d7d20_4861,11742.877
000d7d20_4862,11741.498
000d7d20_4863,11740.588
000d7d20_4864,11741.748
000d7d20_4865,11742.056
000d7d20_4866,11743.758
000d7d20_4867,11745.108
000d7d20_4868,11745.186
000d7d20_4869,11744.803
000d7d20_4870,11745.036
000d7d20_4871,11744.859
000d7d20_4872,11744.82
000d7d20_4873,11744.904
000d7d20_4874,11745.32
000d7d20_4875,11745.864
000d7d20_4876,11745.701
000d7d20_4877,11745.247
000d7d20_4878,11745.353
000d7d20_4879,11745.324
000d7d20_4880,11745.593
000d7d20_4881,11745.498
000d7d20_4882,11745.213
000d7d20_4883,11745.027
000d7d20_4884,11744.984
000d7d20_4885,11745.433
000d7d20_4886,11744.465
000d7d20_4887,11744.552
000d7d20_4888,11745.557
000d7d20_4889,11744.97
000d7d20_4890,11745.132
000d7d20_4891,11745.036
000d7d20_4892,11744.887
000d7d20_4893,11745.336
000d7d20_4894,11745.299
000d7d20_4895,11745.096
000d7d20_4896,11744.505
000d7d20_4897,11744.24
000d7d20_4898,11744.32
000d7d20_4899,11744.917
000d7d20_4900,11745.0625
000d7d20_4901,11745.576
000d7d20_4902,11745.476
000d7d20_4903,11745.142
000d7d20_4904,11745.193
000d7d20_4905,11745.549
000d7d20_4906,11745.627
000d7d20_4907,11745.147
000d7d20_4908,11744.898
000d7d20_4909,11744.703
000d7d20_4910,11744.42
000d7d20_4911,11744.463
000d7d20_4912,11745.102
000d7d20_4913,11745.412
000d7d20_4914,11745.481
000d7d20_4915,11745.359
000d7d20_4916,11745.619
000d7d20_4917,11745.646
000d7d20_4918,11745.62
000d7d20_4919,11746.213
000d7d20_4920,11746.17
000d7d20_4921,11745.952
000d7d20_4922,11745.26
000d7d20_4923,11745.17
000d7d20_4924,11744.887
000d7d20_4925,11743.064
000d7d20_4926,11741.355
000d7d20_4927,11740.653
000d7d20_4928,11741.295
000d7d20_4929,11741.933
000d7d20_4930,11743.889
000d7d20_4931,11745.11
000d7d20_4932,11744.961
000d7d20_4933,11744.68
000d7d20_4934,11744.575
000d7d20_4935,11744.398
000d7d20_4936,11744.141
000d7d20_4937,11744.993
000d7d20_4938,11745.591
000d7d20_4939,11744.633
000d7d20_4940,11744.341
000d7d20_4941,11745.143
000d7d20_4942,11744.439
000d7d20_4943,11744.951
000d7d20_4944,11745.258
000d7d20_4945,11744.932
000d7d20_4946,11744.696
000d7d20_4947,11744.26
000d7d20_4948,11744.1
000d7d20_4949,11744.4375
000d7d20_4950,11744.886
000d7d20_4951,11744.875
000d7d20_4952,11744.998
000d7d20_4953,11745.04
000d7d20_4954,11744.703
000d7d20_4955,11744.796
000d7d20_4956,11745.209
000d7d20_4957,11745.226
000d7d20_4958,11746.334
000d7d20_4959,11745.033
000d7d20_4960,11744.831
000d7d20_4961,11744.463
000d7d20_4962,11744.898
000d7d20_4963,11745.261
000d7d20_4964,11745.648
000d7d20_4965,11745.616
000d7d20_4966,11745.568
000d7d20_4967,11745.773
000d7d20_4968,11745.969
000d7d20_4969,11745.737
000d7d20_4970,11746.143
000d7d20_4971,11745.896
000d7d20_4972,11745.239
000d7d20_4973,11745.121
000d7d20_4974,11745.052
000d7d20_4975,11745.236
000d7d20_4976,11745.33
000d7d20_4977,11745.78
000d7d20_4978,11746.386
000d7d20_4979,11745.93
000d7d20_4980,11746.119
000d7d20_4981,11746.139
000d7d20_4982,11746.381
000d7d20_4983,11746.569
000d7d20_4984,11747.436
000d7d20_4985,11747.034
000d7d20_4986,11746.245
000d7d20_4987,11744.739
000d7d20_4988,11745.111
000d7d20_4989,11744.561
000d7d20_4990,11742.389
000d7d20_4991,11741.316
000d7d20_4992,11742.145
000d7d20_4993,11743.127
000d7d20_4994,11744.852
000d7d20_4995,11746.293
000d7d20_4996,11745.656
000d7d20_4997,11745.295
000d7d20_4998,11745.163
000d7d20_4999,11745.422
000d7d20_5000,11745.182
000d7d20_5001,11745.602
000d7d20_5002,11746.31
000d7d20_5003,11746.484
000d7d20_5004,11746.167
000d7d20_5005,11745.3
000d7d20_5006,11745.916
000d7d20_5007,11746.856
000d7d20_5008,11746.315
000d7d20_5009,11746.377
000d7d20_5010,11746.315
000d7d20_5011,11745.833
000d7d20_5012,11745.569
000d7d20_5013,11746.037
000d7d20_5014,11746.672
000d7d20_5015,11746.689
000d7d20_5016,11746.903
000d7d20_5017,11746.525
000d7d20_5018,11746.35
000d7d20_5019,11747.0
000d7d20_5020,11747.008
000d7d20_5021,11747.008
000d7d20_5022,11747.003
000d7d20_5023,11746.38
000d7d20_5024,11745.76
000d7d20_5025,11746.065
000d7d20_5026,11746.564
000d7d20_5027,11746.732
000d7d20_5028,11746.786
000d7d20_5029,11747.877
000d7d20_5030,11747.613
000d7d20_5031,11746.856
000d7d20_5032,11747.213
000d7d20_5033,11746.912
000d7d20_5034,11747.146
000d7d20_5035,11747.229
000d7d20_5036,11746.641
000d7d20_5037,11746.217
000d7d20_5038,11745.592
000d7d20_5039,11746.096
000d7d20_5040,11746.771
000d7d20_5041,11746.971
000d7d20_5042,11747.32
000d7d20_5043,11747.303
000d7d20_5044,11746.461
000d7d20_5045,11746.359
000d7d20_5046,11747.461
000d7d20_5047,11747.203
000d7d20_5048,11747.658
000d7d20_5049,11747.389
000d7d20_5050,11747.56
000d7d20_5051,11746.948
000d7d20_5052,11745.849
000d7d20_5053,11743.719
000d7d20_5054,11743.086
000d7d20_5055,11741.8
000d7d20_5056,11743.211
000d7d20_5057,11743.762
000d7d20_5058,11745.287
000d7d20_5059,11746.588
000d7d20_5060,11746.864
000d7d20_5061,11745.625
000d7d20_5062,11744.959
000d7d20_5063,11745.754
000d7d20_5064,11745.447
000d7d20_5065,11745.802
000d7d20_5066,11746.037
000d7d20_5067,11746.275
000d7d20_5068,11747.209
000d7d20_5069,11746.508
000d7d20_5070,11746.197
000d7d20_5071,11745.58
000d7d20_5072,11746.187
000d7d20_5073,11746.128
000d7d20_5074,11746.215
000d7d20_5075,11745.947
000d7d20_5076,11745.6045
000d7d20_5077,11745.821
000d7d20_5078,11746.297
000d7d20_5079,11747.213
000d7d20_5080,11747.028
000d7d20_5081,11746.549
000d7d20_5082,11746.701
000d7d20_5083,11746.877
000d7d20_5084,11746.841
000d7d20_5085,11747.414
000d7d20_5086,11746.951
000d7d20_5087,11746.671
000d7d20_5088,11746.528
000d7d20_5089,11746.813
000d7d20_5090,11746.467
000d7d20_5091,11746.738
000d7d20_5092,11747.688
000d7d20_5093,11748.268
000d7d20_5094,11747.811
000d7d20_5095,11747.245
000d7d20_5096,11747.831
000d7d20_5097,11747.795
000d7d20_5098,11747.578
000d7d20_5099,11747.433
000d7d20_5100,11746.641
000d7d20_5101,11746.541
000d7d20_5102,11746.534
000d7d20_5103,11747.161
000d7d20_5104,11747.893
000d7d20_5105,11746.791
000d7d20_5106,11747.539
000d7d20_5107,11747.126
000d7d20_5108,11747.015
000d7d20_5109,11747.311
000d7d20_5110,11747.8545
000d7d20_5111,11747.771
000d7d20_5112,11747.507
000d7d20_5113,11747.4795
000d7d20_5114,11747.289
000d7d20_5115,11747.033
000d7d20_5116,11747.217
000d7d20_5117,11745.404
000d7d20_5118,11744.021
000d7d20_5119,11742.652
000d7d20_5120,11746.904
000d7d20_5121,11746.611
000d7d20_5122,11747.416
000d7d20_5123,11747.544
000d7d20_5124,11748.209
000d7d20_5125,11747.184
000d7d20_5126,11746.336
000d7d20_5127,11745.889
000d7d20_5128,11745.653
000d7d20_5129,11746.505
000d7d20_5130,11747.308
000d7d20_5131,11747.383
000d7d20_5132,11747.025
000d7d20_5133,11746.551
000d7d20_5134,11746.242
000d7d20_5135,11746.473
000d7d20_5136,11746.597
000d7d20_5137,11746.605
000d7d20_5138,11745.7
000d7d20_5139,11744.997
000d7d20_5140,11744.944
000d7d20_5141,11745.685
000d7d20_5142,11746.216
000d7d20_5143,11746.627
000d7d20_5144,11746.317
000d7d20_5145,11745.7
000d7d20_5146,11745.361
000d7d20_5147,11745.523
000d7d20_5148,11746.143
000d7d20_5149,11746.751
000d7d20_5150,11746.666
000d7d20_5151,11746.134
000d7d20_5152,11745.892
000d7d20_5153,11745.826
000d7d20_5154,11745.658
000d7d20_5155,11746.222
000d7d20_5156,11746.178
000d7d20_5157,11746.947
000d7d20_5158,11746.677
000d7d20_5159,11746.489
000d7d20_5160,11745.912
000d7d20_5161,11746.386
000d7d20_5162,11746.73
000d7d20_5163,11746.93
000d7d20_5164,11746.396
000d7d20_5165,11746.331
000d7d20_5166,11745.87
000d7d20_5167,11746.643
000d7d20_5168,11746.716
000d7d20_5169,11747.026
000d7d20_5170,11746.647
000d7d20_5171,11746.51
000d7d20_5172,11746.725
000d7d20_5173,11747.086
000d7d20_5174,11747.714
000d7d20_5175,11747.716
000d7d20_5176,11747.299
000d7d20_5177,11746.831
000d7d20_5178,11746.608
000d7d20_5179,11746.524
000d7d20_5180,11746.472
000d7d20_5181,11743.926
000d7d20_5182,11742.416
000d7d20_5183,11740.888
000d7d20_5184,11747.404
000d7d20_5185,11747.598
000d7d20_5186,11747.964
000d7d20_5187,11748.391
000d7d20_5188,11748.842
000d7d20_5189,11747.635
000d7d20_5190,11746.088
000d7d20_5191,11746.005
000d7d20_5192,11746.5205
000d7d20_5193,11746.372
000d7d20_5194,11746.378
000d7d20_5195,11745.725
000d7d20_5196,11745.38
000d7d20_5197,11745.837
000d7d20_5198,11746.322
000d7d20_5199,11747.453
000d7d20_5200,11747.325
000d7d20_5201,11746.717
000d7d20_5202,11745.166
000d7d20_5203,11744.189
000d7d20_5204,11744.123
000d7d20_5205,11745.386
000d7d20_5206,11746.903
000d7d20_5207,11746.836
000d7d20_5208,11746.463
000d7d20_5209,11746.116
000d7d20_5210,11746.44
000d7d20_5211,11746.747
000d7d20_5212,11747.769
000d7d20_5213,11747.706
000d7d20_5214,11747.97
000d7d20_5215,11746.994
000d7d20_5216,11746.383
000d7d20_5217,11746.791
000d7d20_5218,11747.14
000d7d20_5219,11747.923
000d7d20_5220,11748.006
000d7d20_5221,11747.307
000d7d20_5222,11746.745
000d7d20_5223,11746.457
000d7d20_5224,11747.674
000d7d20_5225,11746.76
000d7d20_5226,11746.533
000d7d20_5227,11746.058
000d7d20_5228,11745.716
000d7d20_5229,11746.453
000d7d20_5230,11747.235
000d7d20_5231,11747.81
000d7d20_5232,11747.79
000d7d20_5233,11747.998
000d7d20_5234,11747.802
000d7d20_5235,11746.597
000d7d20_5236,11747.08
000d7d20_5237,11749.067
000d7d20_5238,11750.114
000d7d20_5239,11749.258
000d7d20_5240,11749.237
000d7d20_5241,11748.055
000d7d20_5242,11747.768
000d7d20_5243,11748.222
000d7d20_5244,11747.643
000d7d20_5245,11743.557
000d7d20_5246,11741.145
000d7d20_5247,11738.516
000d7d20_5248,11749.779
000d7d20_5249,11750.099
000d7d20_5250,11750.123
000d7d20_5251,11749.516
000d7d20_5252,11748.432
000d7d20_5253,11748.13
000d7d20_5254,11746.948
000d7d20_5255,11747.808
000d7d20_5256,11747.416
000d7d20_5257,11747.658
000d7d20_5258,11747.205
000d7d20_5259,11746.572
000d7d20_5260,11745.326
000d7d20_5261,11745.552
000d7d20_5262,11747.119
000d7d20_5263,11748.721
000d7d20_5264,11749.365
000d7d20_5265,11748.048
000d7d20_5266,11746.995
000d7d20_5267,11746.003
000d7d20_5268,11746.159
000d7d20_5269,11747.342
000d7d20_5270,11747.825
000d7d20_5271,11747.953
000d7d20_5272,11747.322
000d7d20_5273,11745.761
000d7d20_5274,11744.014
000d7d20_5275,11739.091
000d7d20_5276,11729.244
000d7d20_5277,11719.081
00bbac68_1545,12230.735
00bbac68_1546,12233.311
00bbac68_1547,12230.097
00bbac68_1548,12229.867
00bbac68_1549,12230.518
00bbac68_1550,12230.678
00bbac68_1551,12231.585
00bbac68_1552,12232.245
00bbac68_1553,12231.412
00bbac68_1554,12232.742
00bbac68_1555,12230.716
00bbac68_1556,12229.738
00bbac68_1557,12230.424
00bbac68_1558,12230.067
00bbac68_1559,12229.893
00bbac68_1560,12231.597
00bbac68_1561,12232.018
00bbac68_1562,12231.463
00bbac68_1563,12230.393
00bbac68_1564,12231.722
00bbac68_1565,12232.887
00bbac68_1566,12233.266
00bbac68_1567,12233.32
00bbac68_1568,12232.89
00bbac68_1569,12231.479
00bbac68_1570,12231.206
00bbac68_1571,12230.8125
00bbac68_1572,12230.584
00bbac68_1573,12231.59
00bbac68_1574,12231.581
00bbac68_1575,12231.626
00bbac68_1576,12231.227
00bbac68_1577,12232.253
00bbac68_1578,12230.9795
00bbac68_1579,12232.028
00bbac68_1580,12230.807
00bbac68_1581,12231.557
00bbac68_1582,12232.28
00bbac68_1583,12230.871
00bbac68_1584,12231.057
00bbac68_1585,12231.674
00bbac68_1586,12232.157
00bbac68_1587,12232.687
00bbac68_1588,12233.234
00bbac68_1589,12234.778
00bbac68_1590,12234.211
00bbac68_1591,12234.063
00bbac68_1592,12234.197
00bbac68_1593,12233.698
00bbac68_1594,12233.713
00bbac68_1595,12232.462
00bbac68_1596,12232.927
00bbac68_1597,12231.393
00bbac68_1598,12232.514
00bbac68_1599,12230.314
00bbac68_1600,12231.307
00bbac68_1601,12231.794
00bbac68_1602,12231.68
00bbac68_1603,12232.326
00bbac68_1604,12232.685
00bbac68_1605,12231.471
00bbac68_1606,12230.783
00bbac68_1607,12229.93
00bbac68_1608,12231.186
00bbac68_1609,12231.678
00bbac68_1610,12231.632
00bbac68_1611,12232.076
00bbac68_1612,12232.111
00bbac68_1613,12231.704
00bbac68_1614,12230.768
00bbac68_1615,12231.437
00bbac68_1616,12232.0205
00bbac68_1617,12231.369
00bbac68_1618,12231.875
00bbac68_1619,12230.826
00bbac68_1620,12229.817
00bbac68_1621,12228.592
00bbac68_1622,12231.732
00bbac68_1623,12230.959
00bbac68_1624,12232.499
00bbac68_1625,12231.565
00bbac68_1626,12232.363
00bbac68_1627,12232.807
00bbac68_1628,12232.232
00bbac68_1629,12231.394
00bbac68_1630,12231.639
00bbac68_1631,12234.773
00bbac68_1632,12232.268
00bbac68_1633,12231.525
00bbac68_1634,12230.018
00bbac68_1635,12230.527
00bbac68_1636,12231.319
00bbac68_1637,12230.797
00bbac68_1638,12230.982
00bbac68_1639,12230.843
00bbac68_1640,12231.71
00bbac68_1641,12232.092
00bbac68_1642,12232.727
00bbac68_1643,12231.902
00bbac68_1644,12231.6
00bbac68_1645,12231.108
00bbac68_1646,12231.581
00bbac68_1647,12232.026
00bbac68_1648,12233.403
00bbac68_1649,12233.76
00bbac68_1650,12232.131
00bbac68_1651,12232.345
00bbac68_1652,12231.735
00bbac68_1653,12232.425
00bbac68_1654,12235.318
00bbac68_1655,12233.909
00bbac68_1656,12233.502
00bbac68_1657,12235.233
00bbac68_1658,12234.172
00bbac68_1659,12232.685
00bbac68_1660,12233.338
00bbac68_1661,12233.744
00bbac68_1662,12232.481
00bbac68_1663,12232.222
00bbac68_1664,12231.531
00bbac68_1665,12233.722
00bbac68_1666,12233.018
00bbac68_1667,12233.775
00bbac68_1668,12232.975
00bbac68_1669,12231.919
00bbac68_1670,12230.756
00bbac68_1671,12230.775
00bbac68_1672,12231.483
00bbac68_1673,12232.061
00bbac68_1674,12231.64
00bbac68_1675,12232.022
00bbac68_1676,12231.92
00bbac68_1677,12232.466
00bbac68_1678,12232.414
00bbac68_1679,12231.935
00bbac68_1680,12232.449
00bbac68_1681,12232.118
00bbac68_1682,12232.184
00bbac68_1683,12230.901
00bbac68_1684,12230.936
00bbac68_1685,12230.23
00bbac68_1686,12231.353
00bbac68_1687,12231.729
00bbac68_1688,12232.272
00bbac68_1689,12232.916
00bbac68_1690,12232.687
00bbac68_1691,12232.467
00bbac68_1692,12232.602
00bbac68_1693,12232.784
00bbac68_1694,12233.58
00bbac68_1695,12234.033
00bbac68_1696,12233.5205
00bbac68_1697,12232.949
00bbac68_1698,12231.839
00bbac68_1699,12230.936
00bbac68_1700,12231.64
00bbac68_1701,12231.15
00bbac68_1702,12233.161
00bbac68_1703,12232.102
00bbac68_1704,12233.131
00bbac68_1705,12232.016
00bbac68_1706,12232.375
00bbac68_1707,12231.315
00bbac68_1708,12232.339
00bbac68_1709,12231.539
00bbac68_1710,12232.019
00bbac68_1711,12232.38
00bbac68_1712,12231.802
00bbac68_1713,12232.574
00bbac68_1714,12232.855
00bbac68_1715,12234.13
00bbac68_1716,12234.65
00bbac68_1717,12234.393
00bbac68_1718,12234.62
00bbac68_1719,12234.511
00bbac68_1720,12235.088
00bbac68_1721,12235.26
00bbac68_1722,12234.773
00bbac68_1723,12234.814
00bbac68_1724,12234.769
00bbac68_1725,12231.899
00bbac68_1726,12234.342
00bbac68_1727,12231.611
00bbac68_1728,12231.4795
00bbac68_1729,12233.791
00bbac68_1730,12232.725
00bbac68_1731,12234.708
00bbac68_1732,12232.239
00bbac68_1733,12232.693
00bbac68_1734,12231.791
00bbac68_1735,12231.47
00bbac68_1736,12231.955
00bbac68_1737,12231.049
00bbac68_1738,12231.335
00bbac68_1739,12233.166
00bbac68_1740,12231.885
00bbac68_1741,12231.747
00bbac68_1742,12232.174
00bbac68_1743,12230.795
00bbac68_1744,12231.908
00bbac68_1745,12232.948
00bbac68_1746,12232.012
00bbac68_1747,12232.1455
00bbac68_1748,12230.741
00bbac68_1749,12230.814
00bbac68_1750,12230.743
00bbac68_1751,12232.478
00bbac68_1752,12231.859
00bbac68_1753,12232.792
00bbac68_1754,12231.984
00bbac68_1755,12232.208
00bbac68_1756,12232.919
00bbac68_1757,12233.422
00bbac68_1758,12234.031
00bbac68_1759,12234.231
00bbac68_1760,12233.108
00bbac68_1761,12232.889
00bbac68_1762,12231.318
00bbac68_1763,12231.932
00bbac68_1764,12230.388
00bbac68_1765,12232.397
00bbac68_1766,12232.648
00bbac68_1767,12233.267
00bbac68_1768,12233.346
00bbac68_1769,12232.768
00bbac68_1770,12232.351
00bbac68_1771,12232.836
00bbac68_1772,12231.451
00bbac68_1773,12232.252
00bbac68_1774,12231.834
00bbac68_1775,12232.25
00bbac68_1776,12232.479
00bbac68_1777,12232.602
00bbac68_1778,12233.984
00bbac68_1779,12233.85
00bbac68_1780,12235.0
00bbac68_1781,12235.383
00bbac68_1782,12234.189
00bbac68_1783,12235.918
00bbac68_1784,12231.932
00bbac68_1785,12235.658
00bbac68_1786,12234.26
00bbac68_1787,12234.254
00bbac68_1788,12234.963
00bbac68_1789,12233.768
00bbac68_1790,12233.734
00bbac68_1791,12231.421
00bbac68_1792,12231.4375
00bbac68_1793,12234.205
00bbac68_1794,12232.305
00bbac68_1795,12234.512
00bbac68_1796,12232.488
00bbac68_1797,12232.84
00bbac68_1798,12232.972
00bbac68_1799,12231.178
00bbac68_1800,12233.173
00bbac68_1801,12229.316
00bbac68_1802,12233.526
00bbac68_1803,12232.172
00bbac68_1804,12232.814
00bbac68_1805,12232.634
00bbac68_1806,12231.861
00bbac68_1807,12232.798
00bbac68_1808,12231.701
00bbac68_1809,12233.597
00bbac68_1810,12232.021
00bbac68_1811,12232.385
00bbac68_1812,12231.607
00bbac68_1813,12230.711
00bbac68_1814,12232.12
00bbac68_1815,12229.125
00bbac68_1816,12233.363
00bbac68_1817,12231.662
00bbac68_1818,12232.729
00bbac68_1819,12231.703
00bbac68_1820,12233.018
00bbac68_1821,12232.788
00bbac68_1822,12234.172
00bbac68_1823,12233.752
00bbac68_1824,12234.461
00bbac68_1825,12232.119
00bbac68_1826,12233.214
00bbac68_1827,12228.874
00bbac68_1828,12232.305
00bbac68_1829,12232.086
00bbac68_1830,12232.5625
00bbac68_1831,12233.119
00bbac68_1832,12232.347
00bbac68_1833,12232.635
00bbac68_1834,12231.551
00bbac68_1835,12232.45
00bbac68_1836,12231.291
00bbac68_1837,12233.881
00bbac68_1838,12229.166
00bbac68_1839,12232.964
00bbac68_1840,12230.752
00bbac68_1841,12232.414
00bbac68_1842,12233.244
00bbac68_1843,12235.358
00bbac68_1844,12234.587
00bbac68_1845,12235.485
00bbac68_1846,12235.513
00bbac68_1847,12232.266
00bbac68_1848,12235.067
00bbac68_1849,12233.173
00bbac68_1850,12234.97
00bbac68_1851,12234.068
00bbac68_1852,12235.542
00bbac68_1853,12233.422
00bbac68_1854,12233.447
00bbac68_1855,12231.733
00bbac68_1856,12231.456
00bbac68_1857,12234.575
00bbac68_1858,12233.619
00bbac68_1859,12234.219
00bbac68_1860,12233.2705
00bbac68_1861,12232.884
00bbac68_1862,12232.59
00bbac68_1863,12232.823
00bbac68_1864,12231.893
00bbac68_1865,12231.63
00bbac68_1866,12232.622
00bbac68_1867,12233.426
00bbac68_1868,12232.717
00bbac68_1869,12233.18
00bbac68_1870,12233.117
00bbac68_1871,12231.641
00bbac68_1872,12233.751
00bbac68_1873,12229.279
00bbac68_1874,12233.744
00bbac68_1875,12230.51
00bbac68_1876,12231.547
00bbac68_1877,12231.197
00bbac68_1878,12230.805
00bbac68_1879,12233.142
00bbac68_1880,12229.41
00bbac68_1881,12234.13
00bbac68_1882,12231.371
00bbac68_1883,12233.141
00bbac68_1884,12232.623
00bbac68_1885,12232.736
00bbac68_1886,12235.078
00bbac68_1887,12230.903
00bbac68_1888,12234.155
00bbac68_1889,12232.018
00bbac68_1890,12232.592
00bbac68_1891,12232.697
00bbac68_1892,12231.639
00bbac68_1893,12233.123
00bbac68_1894,12230.994
00bbac68_1895,12232.719
00bbac68_1896,12233.013
00bbac68_1897,12232.693
00bbac68_1898,12233.058
00bbac68_1899,12231.872
00bbac68_1900,12233.025
00bbac68_1901,12231.572
00bbac68_1902,12232.627
00bbac68_1903,12233.054
00bbac68_1904,12233.021
00bbac68_1905,12233.671
00bbac68_1906,12234.049
00bbac68_1907,12233.717
00bbac68_1908,12235.029
00bbac68_1909,12231.939
00bbac68_1910,12235.697
00bbac68_1911,12234.963
00bbac68_1912,12235.625
00bbac68_1913,12235.279
00bbac68_1914,12234.185
00bbac68_1915,12235.402
00bbac68_1916,12231.373
00bbac68_1917,12234.869
00bbac68_1918,12233.031
00bbac68_1919,12232.396
00bbac68_1920,12231.834
00bbac68_1921,12233.692
00bbac68_1922,12233.401
00bbac68_1923,12234.441
00bbac68_1924,12233.159
00bbac68_1925,12233.072
00bbac68_1926,12232.758
00bbac68_1927,12232.122
00bbac68_1928,12232.119
00bbac68_1929,12233.245
00bbac68_1930,12231.861
00bbac68_1931,12233.947
00bbac68_1932,12229.674
00bbac68_1933,12233.185
00bbac68_1934,12230.907
00bbac68_1935,12232.385
00bbac68_1936,12232.409
00bbac68_1937,12233.468
00bbac68_1938,12232.158
00bbac68_1939,12232.088
00bbac68_1940,12231.057
00bbac68_1941,12231.284
00bbac68_1942,12231.736
00bbac68_1943,12231.761
00bbac68_1944,12233.048
00bbac68_1945,12232.433
00bbac68_1946,12233.431
00bbac68_1947,12232.019
00bbac68_1948,12233.47
00bbac68_1949,12233.198
00bbac68_1950,12234.609
00bbac68_1951,12234.615
00bbac68_1952,12233.942
00bbac68_1953,12233.218
00bbac68_1954,12231.807
00bbac68_1955,12232.386
00bbac68_1956,12230.842
00bbac68_1957,12232.797
00bbac68_1958,12229.837
00bbac68_1959,12233.276
00bbac68_1960,12231.643
00bbac68_1961,12232.865
00bbac68_1962,12231.967
00bbac68_1963,12233.54
00bbac68_1964,12232.289
00bbac68_1965,12232.771
00bbac68_1966,12232.284
00bbac68_1967,12231.89
00bbac68_1968,12233.116
00bbac68_1969,12232.44
00bbac68_1970,12233.955
00bbac68_1971,12234.145
00bbac68_1972,12235.685
00bbac68_1973,12235.233
00bbac68_1974,12236.004
00bbac68_1975,12234.139
00bbac68_1976,12235.672
00bbac68_1977,12231.079
00bbac68_1978,12235.314
00bbac68_1979,12232.909
00bbac68_1980,12234.832
00bbac68_1981,12232.998
00bbac68_1982,12233.794
00bbac68_1983,12232.063
00bbac68_1984,12232.6
00bbac68_1985,12233.309
00bbac68_1986,12234.458
00bbac68_1987,12230.783
00bbac68_1988,12233.646
00bbac68_1989,12231.304
00bbac68_1990,12232.912
00bbac68_1991,12231.346
00bbac68_1992,12232.442
00bbac68_1993,12232.088
00bbac68_1994,12233.275
00bbac68_1995,12232.369
00bbac68_1996,12234.292
00bbac68_1997,12228.873
00bbac68_1998,12232.824
00bbac68_1999,12230.958
00bbac68_2000,12233.391
00bbac68_2001,12231.985
00bbac68_2002,12233.144
00bbac68_2003,12230.904
00bbac68_2004,12231.673
00bbac68_2005,12230.162
00bbac68_2006,12232.854
00bbac68_2007,12228.996
00bbac68_2008,12233.619
00bbac68_2009,12231.662
00bbac68_2010,12232.948
00bbac68_2011,12231.636
00bbac68_2012,12233.398
00bbac68_2013,12232.85
00bbac68_2014,12234.583
00bbac68_2015,12233.844
00bbac68_2016,12235.286
00bbac68_2017,12232.362
00bbac68_2018,12232.592
00bbac68_2019,12230.42
00bbac68_2020,12231.028
00bbac68_2021,12231.67
00bbac68_2022,12233.279
00bbac68_2023,12234.649
00bbac68_2024,12231.453
00bbac68_2025,12232.248
00bbac68_2026,12229.301
00bbac68_2027,12233.495
00bbac68_2028,12230.619
00bbac68_2029,12232.51
00bbac68_2030,12231.036
00bbac68_2031,12232.636
00bbac68_2032,12232.053
00bbac68_2033,12233.63
00bbac68_2034,12232.927
00bbac68_2035,12235.042
00bbac68_2036,12232.334
00bbac68_2037,12236.283
00bbac68_2038,12234.167
00bbac68_2039,12235.486
00bbac68_2040,12234.201
00bbac68_2041,12235.197
00bbac68_2042,12234.807
00bbac68_2043,12234.289
00bbac68_2044,12235.858
00bbac68_2045,12230.909
00bbac68_2046,12234.596
00bbac68_2047,12231.833
00bbac68_2048,12232.24
00bbac68_2049,12233.05
00bbac68_2050,12233.593
00bbac68_2051,12234.412
00bbac68_2052,12234.003
00bbac68_2053,12232.815
00bbac68_2054,12231.882
00bbac68_2055,12231.884
00bbac68_2056,12232.305
00bbac68_2057,12232.526
00bbac68_2058,12233.272
00bbac68_2059,12233.086
00bbac68_2060,12232.985
00bbac68_2061,12232.734
00bbac68_2062,12232.15
00bbac68_2063,12232.301
00bbac68_2064,12232.943
00bbac68_2065,12233.618
00bbac68_2066,12232.625
00bbac68_2067,12232.223
00bbac68_2068,12230.778
00bbac68_2069,12231.555
00bbac68_2070,12230.104
00bbac68_2071,12233.116
00bbac68_2072,12230.216
00bbac68_2073,12233.533
00bbac68_2074,12232.314
00bbac68_2075,12232.486
00bbac68_2076,12232.646
00bbac68_2077,12233.755
00bbac68_2078,12235.037
00bbac68_2079,12233.175
00bbac68_2080,12234.332
00bbac68_2081,12229.422
00bbac68_2082,12232.701
00bbac68_2083,12230.517
00bbac68_2084,12232.541
00bbac68_2085,12232.318
00bbac68_2086,12232.867
00bbac68_2087,12232.959
00bbac68_2088,12233.37
00bbac68_2089,12232.568
00bbac68_2090,12232.568
00bbac68_2091,12232.99
00bbac68_2092,12232.408
00bbac68_2093,12233.25
00bbac68_2094,12233.054
00bbac68_2095,12232.962
00bbac68_2096,12233.285
00bbac68_2097,12230.805
00bbac68_2098,12234.215
00bbac68_2099,12233.183
00bbac68_2100,12235.268
00bbac68_2101,12234.847
00bbac68_2102,12236.195
00bbac68_2103,12234.65
00bbac68_2104,12235.487
00bbac68_2105,12233.97
00bbac68_2106,12234.803
00bbac68_2107,12234.775
00bbac68_2108,12234.316
00bbac68_2109,12234.576
00bbac68_2110,12234.08
00bbac68_2111,12232.328
00bbac68_2112,12232.346
00bbac68_2113,12230.352
00bbac68_2114,12234.2705
00bbac68_2115,12233.549
00bbac68_2116,12233.816
00bbac68_2117,12233.395
00bbac68_2118,12232.6
00bbac68_2119,12232.377
00bbac68_2120,12229.096
00bbac68_2121,12233.019
00bbac68_2122,12231.345
00bbac68_2123,12233.146
00bbac68_2124,12232.503
00bbac68_2125,12232.795
00bbac68_2126,12231.998
00bbac68_2127,12232.467
00bbac68_2128,12232.333
00bbac68_2129,12233.293
00bbac68_2130,12232.82
00bbac68_2131,12232.508
00bbac68_2132,12231.578
00bbac68_2133,12231.652
00bbac68_2134,12231.416
00bbac68_2135,12231.436
00bbac68_2136,12233.911
00bbac68_2137,12232.75
00bbac68_2138,12233.117
00bbac68_2139,12233.084
00bbac68_2140,12232.636
00bbac68_2141,12233.654
00bbac68_2142,12231.557
00bbac68_2143,12234.5205
00bbac68_2144,12232.946
00bbac68_2145,12233.211
00bbac68_2146,12232.674
00bbac68_2147,12231.58
00bbac68_2148,12232.322
00bbac68_2149,12229.967
00bbac68_2150,12233.243
00bbac68_2151,12232.925
00bbac68_2152,12233.078
00bbac68_2153,12233.053
00bbac68_2154,12232.853
00bbac68_2155,12231.822
00bbac68_2156,12232.826
00bbac68_2157,12231.861
00bbac68_2158,12233.115
00bbac68_2159,12232.469
00bbac68_2160,12232.92
00bbac68_2161,12233.4
00bbac68_2162,12231.689
00bbac68_2163,12234.939
00bbac68_2164,12234.622
00bbac68_2165,12235.251
00bbac68_2166,12235.314
00bbac68_2167,12235.593
00bbac68_2168,12234.31
00bbac68_2169,12235.061
00bbac68_2170,12234.383
00bbac68_2171,12235.189
00bbac68_2172,12234.899
00bbac68_2173,12233.702
00bbac68_2174,12234.053
00bbac68_2175,12229.775
00bbac68_2176,12231.987
00bbac68_2177,12233.826
00bbac68_2178,12233.365
00bbac68_2179,12234.643
00bbac68_2180,12234.26
00bbac68_2181,12230.244
00bbac68_2182,12232.503
00bbac68_2183,12231.956
00bbac68_2184,12232.114
00bbac68_2185,12233.18
00bbac68_2186,12233.462
00bbac68_2187,12231.92
00bbac68_2188,12232.023
00bbac68_2189,12231.474
00bbac68_2190,12232.09
00bbac68_2191,12231.713
00bbac68_2192,12234.338
00bbac68_2193,12232.996
00bbac68_2194,12233.255
00bbac68_2195,12230.619
00bbac68_2196,12230.864
00bbac68_2197,12229.497
00bbac68_2198,12231.612
00bbac68_2199,12229.711
00bbac68_2200,12232.438
00bbac68_2201,12232.547
00bbac68_2202,12233.673
00bbac68_2203,12232.724
00bbac68_2204,12232.604
00bbac68_2205,12233.03
00bbac68_2206,12234.666
00bbac68_2207,12234.646
00bbac68_2208,12233.986
00bbac68_2209,12233.223
00bbac68_2210,12231.613
00bbac68_2211,12232.641
00bbac68_2212,12232.025
00bbac68_2213,12231.807
00bbac68_2214,12231.614
00bbac68_2215,12233.653
00bbac68_2216,12231.953
00bbac68_2217,12232.6455
00bbac68_2218,12231.799
00bbac68_2219,12231.194
00bbac68_2220,12232.231
00bbac68_2221,12234.078
00bbac68_2222,12232.346
00bbac68_2223,12233.125
00bbac68_2224,12232.924
00bbac68_2225,12233.565
00bbac68_2226,12233.853
00bbac68_2227,12232.397
00bbac68_2228,12235.521
00bbac68_2229,12234.878
00bbac68_2230,12235.639
00bbac68_2231,12235.322
00bbac68_2232,12235.895
00bbac68_2233,12232.135
00bbac68_2234,12234.806
00bbac68_2235,12234.285
00bbac68_2236,12235.04
00bbac68_2237,12234.597
00bbac68_2238,12233.912
00bbac68_2239,12232.799
00bbac68_2240,12231.636
00bbac68_2241,12234.426
00bbac68_2242,12232.427
00bbac68_2243,12235.718
00bbac68_2244,12232.16
00bbac68_2245,12233.9
00bbac68_2246,12232.456
00bbac68_2247,12232.589
00bbac68_2248,12233.232
00bbac68_2249,12230.624
00bbac68_2250,12234.1
00bbac68_2251,12233.072
00bbac68_2252,12231.689
00bbac68_2253,12232.952
00bbac68_2254,12231.948
00bbac68_2255,12232.049
00bbac68_2256,12234.407
00bbac68_2257,12232.644
00bbac68_2258,12232.127
00bbac68_2259,12231.244
00bbac68_2260,12231.339
00bbac68_2261,12230.662
00bbac68_2262,12231.102
00bbac68_2263,12232.997
00bbac68_2264,12231.643
00bbac68_2265,12233.566
00bbac68_2266,12233.248
00bbac68_2267,12232.607
00bbac68_2268,12234.439
00bbac68_2269,12230.811
00bbac68_2270,12235.2
00bbac68_2271,12234.107
00bbac68_2272,12233.492
00bbac68_2273,12233.666
00bbac68_2274,12230.844
00bbac68_2275,12233.832
00bbac68_2276,12231.787
00bbac68_2277,12233.274
00bbac68_2278,12232.575
00bbac68_2279,12230.266
00bbac68_2280,12234.346
00bbac68_2281,12231.76
00bbac68_2282,12232.661
00bbac68_2283,12232.4
00bbac68_2284,12232.299
00bbac68_2285,12233.263
00bbac68_2286,12232.143
00bbac68_2287,12233.224
00bbac68_2288,12232.551
00bbac68_2289,12234.002
00bbac68_2290,12233.807
00bbac68_2291,12234.476
00bbac68_2292,12235.857
00bbac68_2293,12234.023
00bbac68_2294,12235.853
00bbac68_2295,12234.51
00bbac68_2296,12235.584
00bbac68_2297,12234.818
00bbac68_2298,12235.945
00bbac68_2299,12234.76
00bbac68_2300,12235.546
00bbac68_2301,12234.318
00bbac68_2302,12235.018
00bbac68_2303,12232.291
00bbac68_2304,12232.797
00bbac68_2305,12230.302
00bbac68_2306,12234.6045
00bbac68_2307,12234.596
00bbac68_2308,12233.832
00bbac68_2309,12232.322
00bbac68_2310,12232.745
00bbac68_2311,12231.118
00bbac68_2312,12232.088
00bbac68_2313,12231.009
00bbac68_2314,12232.85
00bbac68_2315,12231.947
00bbac68_2316,12232.849
00bbac68_2317,12231.779
00bbac68_2318,12233.162
00bbac68_2319,12231.559
00bbac68_2320,12233.888
00bbac68_2321,12229.549
00bbac68_2322,12232.854
00bbac68_2323,12230.166
00bbac68_2324,12231.344
00bbac68_2325,12230.089
00bbac68_2326,12231.475
00bbac68_2327,12231.311
00bbac68_2328,12231.725
00bbac68_2329,12233.438
00bbac68_2330,12233.224
00bbac68_2331,12233.845
00bbac68_2332,12231.885
00bbac68_2333,12233.131
00bbac68_2334,12234.1
00bbac68_2335,12234.152
00bbac68_2336,12234.038
00bbac68_2337,12232.311
00bbac68_2338,12233.271
00bbac68_2339,12231.664
00bbac68_2340,12232.536
00bbac68_2341,12232.182
00bbac68_2342,12231.175
00bbac68_2343,12233.564
00bbac68_2344,12232.282
00bbac68_2345,12233.83
00bbac68_2346,12232.123
00bbac68_2347,12232.861
00bbac68_2348,12233.0205
00bbac68_2349,12232.081
00bbac68_2350,12233.275
00bbac68_2351,12232.66
00bbac68_2352,12232.814
00bbac68_2353,12233.628
00bbac68_2354,12233.276
00bbac68_2355,12235.162
00bbac68_2356,12234.576
00bbac68_2357,12236.086
00bbac68_2358,12235.573
00bbac68_2359,12235.432
00bbac68_2360,12235.636
00bbac68_2361,12235.697
00bbac68_2362,12232.869
00bbac68_2363,12235.799
00bbac68_2364,12235.025
00bbac68_2365,12234.435
00bbac68_2366,12234.218
00bbac68_2367,12232.3545
00bbac68_2368,12231.146
00bbac68_2369,12234.786
00bbac68_2370,12232.602
00bbac68_2371,12235.633
00bbac68_2372,12233.066
00bbac68_2373,12234.033
00bbac68_2374,12232.62
00bbac68_2375,12231.816
00bbac68_2376,12232.525
00bbac68_2377,12233.325
00bbac68_2378,12233.003
00bbac68_2379,12233.302
00bbac68_2380,12232.89
00bbac68_2381,12232.271
00bbac68_2382,12233.021
00bbac68_2383,12231.834
00bbac68_2384,12234.359
00bbac68_2385,12231.177
00bbac68_2386,12233.815
00bbac68_2387,12232.058
00bbac68_2388,12230.93
00bbac68_2389,12231.421
00bbac68_2390,12231.896
00bbac68_2391,12232.427
00bbac68_2392,12232.982
00bbac68_2393,12233.428
00bbac68_2394,12233.35
00bbac68_2395,12233.557
00bbac68_2396,12233.88
00bbac68_2397,12231.656
00bbac68_2398,12234.839
00bbac68_2399,12233.269
00bbac68_2400,12234.423
00bbac68_2401,12232.85
00bbac68_2402,12232.795
00bbac68_2403,12232.158
00bbac68_2404,12232.022
00bbac68_2405,12233.185
00bbac68_2406,12233.343
00bbac68_2407,12232.276
00bbac68_2408,12232.38
00bbac68_2409,12233.115
00bbac68_2410,12232.961
00bbac68_2411,12232.997
00bbac68_2412,12233.916
00bbac68_2413,12232.533
00bbac68_2414,12231.553
00bbac68_2415,12233.787
00bbac68_2416,12232.755
00bbac68_2417,12231.56
00bbac68_2418,12233.974
00bbac68_2419,12234.061
00bbac68_2420,12233.607
00bbac68_2421,12237.1875
00bbac68_2422,12235.566
00bbac68_2423,12235.186
00bbac68_2424,12235.964
00bbac68_2425,12236.32
00bbac68_2426,12234.943
00bbac68_2427,12234.7
00bbac68_2428,12235.336
00bbac68_2429,12235.171
00bbac68_2430,12234.064
00bbac68_2431,12233.311
00bbac68_2432,12232.306
00bbac68_2433,12233.299
00bbac68_2434,12234.261
00bbac68_2435,12234.385
00bbac68_2436,12234.249
00bbac68_2437,12232.285
00bbac68_2438,12234.182
00bbac68_2439,12232.294
00bbac68_2440,12232.289
00bbac68_2441,12233.646
00bbac68_2442,12233.775
00bbac68_2443,12232.744
00bbac68_2444,12233.271
00bbac68_2445,12231.573
00bbac68_2446,12232.572
00bbac68_2447,12232.856
00bbac68_2448,12233.25
00bbac68_2449,12234.381
00bbac68_2450,12231.461
00bbac68_2451,12231.563
00bbac68_2452,12231.651
00bbac68_2453,12231.189
00bbac68_2454,12232.195
00bbac68_2455,12231.486
00bbac68_2456,12233.783
00bbac68_2457,12232.9
00bbac68_2458,12233.635
00bbac68_2459,12233.416
00bbac68_2460,12232.636
00bbac68_2461,12234.217
00bbac68_2462,12233.994
00bbac68_2463,12234.436
00bbac68_2464,12234.991
00bbac68_2465,12232.816
00bbac68_2466,12233.867
00bbac68_2467,12229.664
00bbac68_2468,12233.352
00bbac68_2469,12232.075
00bbac68_2470,12232.731
00bbac68_2471,12233.995
00bbac68_2472,12232.979
00bbac68_2473,12232.719
00bbac68_2474,12233.665
00bbac68_2475,12232.315
00bbac68_2476,12233.906
00bbac68_2477,12229.988
00bbac68_2478,12233.933
00bbac68_2479,12232.076
00bbac68_2480,12232.575
00bbac68_2481,12233.872
00bbac68_2482,12233.716
00bbac68_2483,12235.7295
00bbac68_2484,12235.144
00bbac68_2485,12236.393
00bbac68_2486,12236.268
00bbac68_2487,12234.815
00bbac68_2488,12235.916
00bbac68_2489,12235.119
00bbac68_2490,12234.92
00bbac68_2491,12235.317
00bbac68_2492,12234.416
00bbac68_2493,12234.981
00bbac68_2494,12233.42
00bbac68_2495,12233.717
00bbac68_2496,12232.657
00bbac68_2497,12233.357
00bbac68_2498,12234.036
00bbac68_2499,12235.311
00bbac68_2500,12232.743
00bbac68_2501,12233.33
00bbac68_2502,12232.435
00bbac68_2503,12232.622
00bbac68_2504,12231.626
00bbac68_2505,12232.722
00bbac68_2506,12233.427
00bbac68_2507,12232.844
00bbac68_2508,12233.469
00bbac68_2509,12232.065
00bbac68_2510,12232.762
00bbac68_2511,12232.875
00bbac68_2512,12233.447
00bbac68_2513,12234.13
00bbac68_2514,12232.265
00bbac68_2515,12232.113
00bbac68_2516,12231.834
00bbac68_2517,12230.672
00bbac68_2518,12231.608
00bbac68_2519,12231.695
00bbac68_2520,12233.926
00bbac68_2521,12233.187
00bbac68_2522,12233.584
00bbac68_2523,12232.885
00bbac68_2524,12231.917
00bbac68_2525,12234.168
00bbac68_2526,12233.461
00bbac68_2527,12234.675
00bbac68_2528,12234.325
00bbac68_2529,12233.018
00bbac68_2530,12232.764
00bbac68_2531,12232.141
00bbac68_2532,12232.761
00bbac68_2533,12232.513
00bbac68_2534,12232.789
00bbac68_2535,12233.217
00bbac68_2536,12232.99
00bbac68_2537,12233.463
00bbac68_2538,12233.012
00bbac68_2539,12233.313
00bbac68_2540,12232.834
00bbac68_2541,12232.123
00bbac68_2542,12232.8
00bbac68_2543,12232.868
00bbac68_2544,12234.085
00bbac68_2545,12233.372
00bbac68_2546,12234.747
00bbac68_2547,12235.197
00bbac68_2548,12234.547
00bbac68_2549,12235.838
00bbac68_2550,12235.323
00bbac68_2551,12236.895
00bbac68_2552,12234.425
00bbac68_2553,12232.515
00bbac68_2554,12235.757
00bbac68_2555,12234.827
00bbac68_2556,12231.936
00bbac68_2557,12235.414
00bbac68_2558,12230.024
00bbac68_2559,12231.554
00bbac68_2560,12232.375
00bbac68_2561,12234.725
00bbac68_2562,12233.656
00bbac68_2563,12235.3125
00bbac68_2564,12234.393
00bbac68_2565,12232.589
00bbac68_2566,12233.143
00bbac68_2567,12232.797
00bbac68_2568,12232.308
00bbac68_2569,12233.217
00bbac68_2570,12233.021
00bbac68_2571,12234.196
00bbac68_2572,12233.295
00bbac68_2573,12233.432
00bbac68_2574,12232.922
00bbac68_2575,12232.463
00bbac68_2576,12233.723
00bbac68_2577,12233.66
00bbac68_2578,12232.274
00bbac68_2579,12232.609
00bbac68_2580,12230.716
00bbac68_2581,12232.637
00bbac68_2582,12229.803
00bbac68_2583,12233.174
00bbac68_2584,12232.886
00bbac68_2585,12232.899
00bbac68_2586,12233.072
00bbac68_2587,12233.594
00bbac68_2588,12233.235
00bbac68_2589,12233.534
00bbac68_2590,12234.5205
00bbac68_2591,12234.889
00bbac68_2592,12234.769
00bbac68_2593,12233.338
00bbac68_2594,12233.403
00bbac68_2595,12232.019
00bbac68_2596,12232.76
00bbac68_2597,12232.473
00bbac68_2598,12232.748
00bbac68_2599,12233.432
00bbac68_2600,12233.436
00bbac68_2601,12233.076
00bbac68_2602,12233.378
00bbac68_2603,12233.283
00bbac68_2604,12233.078
00bbac68_2605,12233.56
00bbac68_2606,12234.174
00bbac68_2607,12232.688
00bbac68_2608,12233.276
00bbac68_2609,12233.375
00bbac68_2610,12233.844
00bbac68_2611,12234.851
00bbac68_2612,12235.075
00bbac68_2613,12236.486
00bbac68_2614,12234.683
00bbac68_2615,12235.644
00bbac68_2616,12235.193
00bbac68_2617,12235.436
00bbac68_2618,12235.573
00bbac68_2619,12235.799
00bbac68_2620,12234.982
00bbac68_2621,12235.435
00bbac68_2622,12234.212
00bbac68_2623,12233.1455
00bbac68_2624,12232.373
00bbac68_2625,12234.655
00bbac68_2626,12232.618
00bbac68_2627,12235.111
00bbac68_2628,12233.994
00bbac68_2629,12233.123
00bbac68_2630,12233.14
00bbac68_2631,12232.82
00bbac68_2632,12232.266
00bbac68_2633,12233.359
00bbac68_2634,12234.519
00bbac68_2635,12231.624
00bbac68_2636,12233.533
00bbac68_2637,12233.245
00bbac68_2638,12232.428
00bbac68_2639,12233.078
00bbac68_2640,12233.785
00bbac68_2641,12232.72
00bbac68_2642,12232.378
00bbac68_2643,12232.416
00bbac68_2644,12231.318
00bbac68_2645,12231.333
00bbac68_2646,12232.196
00bbac68_2647,12232.436
00bbac68_2648,12233.212
00bbac68_2649,12233.557
00bbac68_2650,12233.317
00bbac68_2651,12233.877
00bbac68_2652,12233.33
00bbac68_2653,12233.929
00bbac68_2654,12234.388
00bbac68_2655,12234.803
00bbac68_2656,12233.932
00bbac68_2657,12233.92
00bbac68_2658,12232.227
00bbac68_2659,12232.454
00bbac68_2660,12231.992
00bbac68_2661,12232.989
00bbac68_2662,12233.343
00bbac68_2663,12233.492
00bbac68_2664,12233.635
00bbac68_2665,12233.954
00bbac68_2666,12231.3125
00bbac68_2667,12233.185
00bbac68_2668,12233.091
00bbac68_2669,12232.279
00bbac68_2670,12232.608
00bbac68_2671,12233.51
00bbac68_2672,12232.891
00bbac68_2673,12233.932
00bbac68_2674,12233.477
00bbac68_2675,12235.521
00bbac68_2676,12233.068
00bbac68_2677,12236.183
00bbac68_2678,12235.227
00bbac68_2679,12235.184
00bbac68_2680,12235.778
00bbac68_2681,12235.488
00bbac68_2682,12234.578
00bbac68_2683,12235.326
00bbac68_2684,12234.712
00bbac68_2685,12235.115
00bbac68_2686,12234.112
00bbac68_2687,12233.096
00bbac68_2688,12232.825
00bbac68_2689,12233.466
00bbac68_2690,12234.234
00bbac68_2691,12234.863
00bbac68_2692,12234.377
00bbac68_2693,12233.063
00bbac68_2694,12233.553
00bbac68_2695,12232.404
00bbac68_2696,12231.659
00bbac68_2697,12233.432
00bbac68_2698,12232.919
00bbac68_2699,12234.164
00bbac68_2700,12233.361
00bbac68_2701,12233.497
00bbac68_2702,12233.273
00bbac68_2703,12232.175
00bbac68_2704,12234.045
00bbac68_2705,12232.788
00bbac68_2706,12233.697
00bbac68_2707,12231.548
00bbac68_2708,12231.978
00bbac68_2709,12231.239
00bbac68_2710,12232.064
00bbac68_2711,12231.924
00bbac68_2712,12233.364
00bbac68_2713,12232.336
00bbac68_2714,12234.037
00bbac68_2715,12233.01
00bbac68_2716,12233.756
00bbac68_2717,12234.195
00bbac68_2718,12234.408
00bbac68_2719,12234.901
00bbac68_2720,12233.908
00bbac68_2721,12234.006
00bbac68_2722,12232.438
00bbac68_2723,12232.44
00bbac68_2724,12231.9
00bbac68_2725,12233.274
00bbac68_2726,12233.265
00bbac68_2727,12234.721
00bbac68_2728,12232.957
00bbac68_2729,12233.602
00bbac68_2730,12231.932
00bbac68_2731,12232.984
00bbac68_2732,12232.411
00bbac68_2733,12233.721
00bbac68_2734,12232.344
00bbac68_2735,12233.537
00bbac68_2736,12233.281
00bbac68_2737,12234.334
00bbac68_2738,12234.494
00bbac68_2739,12235.848
00bbac68_2740,12235.368
00bbac68_2741,12236.293
00bbac68_2742,12234.544
00bbac68_2743,12237.216
00bbac68_2744,12234.658
00bbac68_2745,12234.947
00bbac68_2746,12232.71
00bbac68_2747,12235.643
00bbac68_2748,12233.24
00bbac68_2749,12233.539
00bbac68_2750,12232.078
00bbac68_2751,12227.494
00bbac68_2752,12232.763
00bbac68_2753,12233.698
00bbac68_2754,12234.166
00bbac68_2755,12232.089
00bbac68_2756,12234.566
00bbac68_2757,12231.968
00bbac68_2758,12231.903
00bbac68_2759,12231.764
00bbac68_2760,12232.537
00bbac68_2761,12232.573
00bbac68_2762,12233.963
00bbac68_2763,12232.382
00bbac68_2764,12233.119
00bbac68_2765,12233.533
00bbac68_2766,12233.664
00bbac68_2767,12232.119
00bbac68_2768,12233.529
00bbac68_2769,12233.273
00bbac68_2770,12233.49
00bbac68_2771,12232.148
00bbac68_2772,12231.708
00bbac68_2773,12231.263
00bbac68_2774,12231.606
00bbac68_2775,12232.858
00bbac68_2776,12232.979
00bbac68_2777,12233.882
00bbac68_2778,12233.085
00bbac68_2779,12233.756
00bbac68_2780,12233.651
00bbac68_2781,12234.55
00bbac68_2782,12234.005
00bbac68_2783,12234.963
00bbac68_2784,12233.833
00bbac68_2785,12234.259
00bbac68_2786,12233.726
00bbac68_2787,12232.506
00bbac68_2788,12233.408
00bbac68_2789,12230.826
00bbac68_2790,12233.268
00bbac68_2791,12232.502
00bbac68_2792,12234.233
00bbac68_2793,12233.053
00bbac68_2794,12234.339
00bbac68_2795,12233.06
00bbac68_2796,12233.955
00bbac68_2797,12230.706
00bbac68_2798,12233.311
00bbac68_2799,12233.214
00bbac68_2800,12233.791
00bbac68_2801,12233.961
00bbac68_2802,12232.536
00bbac68_2803,12235.912
00bbac68_2804,12234.759
00bbac68_2805,12236.26
00bbac68_2806,12233.618
00bbac68_2807,12236.963
00bbac68_2808,12234.177
00bbac68_2809,12236.002
00bbac68_2810,12233.077
00bbac68_2811,12235.492
00bbac68_2812,12235.068
00bbac68_2813,12234.9
00bbac68_2814,12234.094
00bbac68_2815,12232.488
00bbac68_2816,12232.544
00bbac68_2817,12234.252
00bbac68_2818,12234.299
00bbac68_2819,12234.669
00bbac68_2820,12234.682
00bbac68_2821,12233.297
00bbac68_2822,12233.338
00bbac68_2823,12232.026
00bbac68_2824,12232.113
00bbac68_2825,12233.5
00bbac68_2826,12231.479
00bbac68_2827,12234.434
00bbac68_2828,12232.959
00bbac68_2829,12231.713
00bbac68_2830,12234.636
00bbac68_2831,12232.841
00bbac68_2832,12232.674
00bbac68_2833,12231.922
00bbac68_2834,12234.018
00bbac68_2835,12230.942
00bbac68_2836,12232.971
00bbac68_2837,12229.173
00bbac68_2838,12232.617
00bbac68_2839,12232.932
00bbac68_2840,12232.953
00bbac68_2841,12234.214
00bbac68_2842,12232.476
00bbac68_2843,12233.084
00bbac68_2844,12232.831
00bbac68_2845,12234.235
00bbac68_2846,12234.326
00bbac68_2847,12234.811
00bbac68_2848,12233.5205
00bbac68_2849,12233.333
00bbac68_2850,12232.897
00bbac68_2851,12233.189
00bbac68_2852,12232.32
00bbac68_2853,12234.053
00bbac68_2854,12231.406
00bbac68_2855,12233.951
00bbac68_2856,12233.186
00bbac68_2857,12232.859
00bbac68_2858,12232.741
00bbac68_2859,12233.469
00bbac68_2860,12232.697
00bbac68_2861,12233.447
00bbac68_2862,12232.295
00bbac68_2863,12233.165
00bbac68_2864,12232.672
00bbac68_2865,12234.275
00bbac68_2866,12234.246
00bbac68_2867,12234.791
00bbac68_2868,12234.174
00bbac68_2869,12235.447
00bbac68_2870,12235.061
00bbac68_2871,12235.6
00bbac68_2872,12236.028
00bbac68_2873,12234.715
00bbac68_2874,12235.709
00bbac68_2875,12234.953
00bbac68_2876,12236.26
00bbac68_2877,12234.233
00bbac68_2878,12234.479
00bbac68_2879,12233.105
00bbac68_2880,12232.685
00bbac68_2881,12234.165
00bbac68_2882,12233.721
00bbac68_2883,12235.346
00bbac68_2884,12233.302
00bbac68_2885,12233.469
00bbac68_2886,12232.342
00bbac68_2887,12232.928
00bbac68_2888,12232.791
00bbac68_2889,12233.214
00bbac68_2890,12233.978
00bbac68_2891,12231.271
00bbac68_2892,12234.235
00bbac68_2893,12232.308
00bbac68_2894,12232.604
00bbac68_2895,12232.791
00bbac68_2896,12233.075
00bbac68_2897,12233.594
00bbac68_2898,12232.725
00bbac68_2899,12232.131
00bbac68_2900,12231.005
00bbac68_2901,12231.066
00bbac68_2902,12231.9
00bbac68_2903,12232.725
00bbac68_2904,12232.982
00bbac68_2905,12233.307
00bbac68_2906,12233.299
00bbac68_2907,12233.106
00bbac68_2908,12233.658
00bbac68_2909,12233.396
00bbac68_2910,12234.549
00bbac68_2911,12234.578
00bbac68_2912,12234.073
00bbac68_2913,12233.1455
00bbac68_2914,12232.253
00bbac68_2915,12232.292
00bbac68_2916,12232.32
00bbac68_2917,12233.153
00bbac68_2918,12233.153
00bbac68_2919,12233.412
00bbac68_2920,12232.892
00bbac68_2921,12233.275
00bbac68_2922,12232.7
00bbac68_2923,12232.803
00bbac68_2924,12232.768
00bbac68_2925,12233.377
00bbac68_2926,12233.3125
00bbac68_2927,12232.705
00bbac68_2928,12233.094
00bbac68_2929,12233.273
00bbac68_2930,12234.65
00bbac68_2931,12235.1
00bbac68_2932,12235.292
00bbac68_2933,12235.076
00bbac68_2934,12235.293
00bbac68_2935,12235.036
00bbac68_2936,12233.418
00bbac68_2937,12234.275
00bbac68_2938,12234.69
00bbac68_2939,12234.301
00bbac68_2940,12234.77
00bbac68_2941,12234.925
00bbac68_2942,12233.717
00bbac68_2943,12231.51
00bbac68_2944,12231.964
00bbac68_2945,12235.239
00bbac68_2946,12234.011
00bbac68_2947,12234.906
00bbac68_2948,12233.404
00bbac68_2949,12233.143
00bbac68_2950,12232.882
00bbac68_2951,12232.213
00bbac68_2952,12232.799
00bbac68_2953,12232.695
00bbac68_2954,12233.881
00bbac68_2955,12234.108
00bbac68_2956,12232.664
00bbac68_2957,12233.053
00bbac68_2958,12232.464
00bbac68_2959,12233.074
00bbac68_2960,12232.791
00bbac68_2961,12233.114
00bbac68_2962,12231.683
00bbac68_2963,12230.834
00bbac68_2964,12230.986
00bbac68_2965,12231.276
00bbac68_2966,12230.992
00bbac68_2967,12232.204
00bbac68_2968,12232.729
00bbac68_2969,12234.584
00bbac68_2970,12233.819
00bbac68_2971,12232.606
00bbac68_2972,12233.443
00bbac68_2973,12233.784
00bbac68_2974,12234.742
00bbac68_2975,12235.253
00bbac68_2976,12234.326
00bbac68_2977,12233.537
00bbac68_2978,12232.541
00bbac68_2979,12232.381
00bbac68_2980,12232.378
00bbac68_2981,12232.889
00bbac68_2982,12233.631
00bbac68_2983,12233.63
00bbac68_2984,12233.315
00bbac68_2985,12233.156
00bbac68_2986,12232.227
00bbac68_2987,12233.189
00bbac68_2988,12232.419
00bbac68_2989,12231.505
00bbac68_2990,12232.169
00bbac68_2991,12232.6455
00bbac68_2992,12232.841
00bbac68_2993,12233.278
00bbac68_2994,12234.043
00bbac68_2995,12234.776
00bbac68_2996,12235.67
00bbac68_2997,12235.964
00bbac68_2998,12235.994
00bbac68_2999,12235.806
00bbac68_3000,12235.486
00bbac68_3001,12234.812
00bbac68_3002,12235.037
00bbac68_3003,12235.573
00bbac68_3004,12235.763
00bbac68_3005,12235.28
00bbac68_3006,12234.057
00bbac68_3007,12232.713
00bbac68_3008,12232.656
00bbac68_3009,12234.303
00bbac68_3010,12234.011
00bbac68_3011,12234.578
00bbac68_3012,12233.239
00bbac68_3013,12232.206
00bbac68_3014,12231.654
00bbac68_3015,12230.939
00bbac68_3016,12231.642
00bbac68_3017,12233.186
00bbac68_3018,12232.89
00bbac68_3019,12232.665
00bbac68_3020,12233.365
00bbac68_3021,12232.881
00bbac68_3022,12232.984
00bbac68_3023,12233.208
00bbac68_3024,12233.438
00bbac68_3025,12233.47
00bbac68_3026,12232.8545
00bbac68_3027,12232.764
00bbac68_3028,12231.287
00bbac68_3029,12231.257
00bbac68_3030,12231.99
00bbac68_3031,12232.209
00bbac68_3032,12233.466
00bbac68_3033,12233.175
00bbac68_3034,12232.762
00bbac68_3035,12232.958
00bbac68_3036,12233.468
00bbac68_3037,12232.989
00bbac68_3038,12232.778
00bbac68_3039,12233.662
00bbac68_3040,12233.916
00bbac68_3041,12233.24
00bbac68_3042,12232.866
00bbac68_3043,12231.581
00bbac68_3044,12232.185
00bbac68_3045,12233.558
00bbac68_3046,12233.877
00bbac68_3047,12233.562
00bbac68_3048,12233.053
00bbac68_3049,12233.76
00bbac68_3050,12233.049
00bbac68_3051,12233.047
00bbac68_3052,12233.414
00bbac68_3053,12232.311
00bbac68_3054,12232.791
00bbac68_3055,12233.557
00bbac68_3056,12232.761
00bbac68_3057,12233.828
00bbac68_3058,12234.365
00bbac68_3059,12234.879
00bbac68_3060,12235.708
00bbac68_3061,12235.799
00bbac68_3062,12235.607
00bbac68_3063,12235.67
00bbac68_3064,12234.295
00bbac68_3065,12233.797
00bbac68_3066,12233.622
00bbac68_3067,12234.68
00bbac68_3068,12234.548
00bbac68_3069,12235.211
00bbac68_3070,12233.572
00bbac68_3071,12232.459
00bbac68_3072,12231.534
00bbac68_3073,12234.268
00bbac68_3074,12234.268
00bbac68_3075,12234.5205
00bbac68_3076,12233.872
00bbac68_3077,12232.295
00bbac68_3078,12232.897
00bbac68_3079,12232.983
00bbac68_3080,12233.085
00bbac68_3081,12232.504
00bbac68_3082,12233.012
00bbac68_3083,12233.648
00bbac68_3084,12233.295
00bbac68_3085,12233.434
00bbac68_3086,12232.856
00bbac68_3087,12232.51
00bbac68_3088,12233.402
00bbac68_3089,12232.977
00bbac68_3090,12233.525
00bbac68_3091,12232.122
00bbac68_3092,12231.232
00bbac68_3093,12230.496
00bbac68_3094,12232.031
00bbac68_3095,12231.766
00bbac68_3096,12231.076
00bbac68_3097,12232.154
00bbac68_3098,12232.92
00bbac68_3099,12232.382
00bbac68_3100,12232.891
00bbac68_3101,12234.073
00bbac68_3102,12234.675
00bbac68_3103,12235.705
00bbac68_3104,12234.359
00bbac68_3105,12233.31
00bbac68_3106,12232.889
00bbac68_3107,12232.37
00bbac68_3108,12232.346
00bbac68_3109,12232.443
00bbac68_3110,12233.115
00bbac68_3111,12234.1045
00bbac68_3112,12233.824
00bbac68_3113,12232.804
00bbac68_3114,12233.318
00bbac68_3115,12232.856
00bbac68_3116,12233.85
00bbac68_3117,12232.885
00bbac68_3118,12232.947
00bbac68_3119,12233.649
00bbac68_3120,12233.769
00bbac68_3121,12234.579
00bbac68_3122,12234.322
00bbac68_3123,12235.724
00bbac68_3124,12236.487
00bbac68_3125,12236.808
00bbac68_3126,12235.878
00bbac68_3127,12236.256
00bbac68_3128,12236.005
00bbac68_3129,12236.037
00bbac68_3130,12235.4375
00bbac68_3131,12234.807
00bbac68_3132,12234.783
00bbac68_3133,12234.808
00bbac68_3134,12234.294
00bbac68_3135,12232.678
00bbac68_3136,12232.896
00bbac68_3137,12235.949
00bbac68_3138,12234.273
00bbac68_3139,12236.859
00bbac68_3140,12234.844
00bbac68_3141,12234.461
00bbac68_3142,12234.209
00bbac68_3143,12233.278
00bbac68_3144,12234.146
00bbac68_3145,12233.789
00bbac68_3146,12235.261
00bbac68_3147,12234.588
00bbac68_3148,12235.263
00bbac68_3149,12233.853
00bbac68_3150,12234.298
00bbac68_3151,12234.875
00bbac68_3152,12234.516
00bbac68_3153,12235.354
00bbac68_3154,12234.037
00bbac68_3155,12233.686
00bbac68_3156,12232.445
00bbac68_3157,12232.315
00bbac68_3158,12231.908
00bbac68_3159,12231.9795
00bbac68_3160,12232.768
00bbac68_3161,12234.432
00bbac68_3162,12233.028
00bbac68_3163,12233.895
00bbac68_3164,12233.792
00bbac68_3165,12234.979
00bbac68_3166,12235.623
00bbac68_3167,12234.919
00bbac68_3168,12234.924
00bbac68_3169,12234.028
00bbac68_3170,12233.265
00bbac68_3171,12232.404
00bbac68_3172,12233.012
00bbac68_3173,12233.396
00bbac68_3174,12233.628
00bbac68_3175,12233.467
00bbac68_3176,12233.561
00bbac68_3177,12233.654
00bbac68_3178,12233.206
00bbac68_3179,12232.769
00bbac68_3180,12232.835
00bbac68_3181,12232.29
00bbac68_3182,12232.016
00bbac68_3183,12232.264
00bbac68_3184,12233.394
00bbac68_3185,12232.911
00bbac68_3186,12234.25
00bbac68_3187,12234.729
00bbac68_3188,12235.779
00bbac68_3189,12235.62
00bbac68_3190,12235.881
00bbac68_3191,12235.361
00bbac68_3192,12235.111
00bbac68_3193,12234.795
00bbac68_3194,12234.833
00bbac68_3195,12233.846
00bbac68_3196,12234.173
00bbac68_3197,12233.295
00bbac68_3198,12231.886
00bbac68_3199,12229.84
00bbac68_3200,12231.869
00bbac68_3201,12233.592
00bbac68_3202,12231.543
00bbac68_3203,12232.614
00bbac68_3204,12232.13
00bbac68_3205,12231.227
00bbac68_3206,12230.938
00bbac68_3207,12231.843
00bbac68_3208,12230.729
00bbac68_3209,12231.4
00bbac68_3210,12232.158
00bbac68_3211,12233.175
00bbac68_3212,12232.4375
00bbac68_3213,12232.317
00bbac68_3214,12231.867
00bbac68_3215,12232.248
00bbac68_3216,12232.721
00bbac68_3217,12233.139
00bbac68_3218,12231.451
00bbac68_3219,12231.813
00bbac68_3220,12230.177
00bbac68_3221,12230.031
00bbac68_3222,12229.792
00bbac68_3223,12232.027
00bbac68_3224,12232.43
00bbac68_3225,12232.527
00bbac68_3226,12232.206
00bbac68_3227,12232.248
00bbac68_3228,12232.697
00bbac68_3229,12232.89
00bbac68_3230,12234.107
00bbac68_3231,12233.714
00bbac68_3232,12233.489
00bbac68_3233,12233.361
00bbac68_3234,12232.08
00bbac68_3235,12231.802
00bbac68_3236,12231.737
00bbac68_3237,12232.341
00bbac68_3238,12232.622
00bbac68_3239,12233.225
00bbac68_3240,12232.97
00bbac68_3241,12233.171
00bbac68_3242,12232.3125
00bbac68_3243,12231.214
00bbac68_3244,12231.997
00bbac68_3245,12232.793
00bbac68_3246,12232.698
00bbac68_3247,12232.432
00bbac68_3248,12232.943
00bbac68_3249,12234.122
00bbac68_3250,12234.635
00bbac68_3251,12235.023
00bbac68_3252,12235.206
00bbac68_3253,12235.938
00bbac68_3254,12235.802
00bbac68_3255,12235.838
00bbac68_3256,12234.528
00bbac68_3257,12235.143
00bbac68_3258,12235.877
00bbac68_3259,12234.755
00bbac68_3260,12235.056
00bbac68_3261,12234.112
00bbac68_3262,12233.748
00bbac68_3263,12233.334
00bbac68_3264,12231.49
00bbac68_3265,12233.497
00bbac68_3266,12233.792
00bbac68_3267,12234.389
00bbac68_3268,12233.63
00bbac68_3269,12233.389
00bbac68_3270,12231.154
00bbac68_3271,12230.779
00bbac68_3272,12232.646
00bbac68_3273,12232.803
00bbac68_3274,12232.776
00bbac68_3275,12233.023
00bbac68_3276,12233.569
00bbac68_3277,12232.514
00bbac68_3278,12233.261
00bbac68_3279,12232.679
00bbac68_3280,12233.154
00bbac68_3281,12234.112
00bbac68_3282,12233.025
00bbac68_3283,12232.33
00bbac68_3284,12231.2705
00bbac68_3285,12232.165
00bbac68_3286,12231.839
00bbac68_3287,12232.93
00bbac68_3288,12232.666
00bbac68_3289,12233.849
00bbac68_3290,12233.494
00bbac68_3291,12233.472
00bbac68_3292,12233.343
00bbac68_3293,12233.533
00bbac68_3294,12234.839
00bbac68_3295,12234.861
00bbac68_3296,12234.582
00bbac68_3297,12233.625
00bbac68_3298,12232.861
00bbac68_3299,12232.314
00bbac68_3300,12233.049
00bbac68_3301,12233.169
00bbac68_3302,12234.126
00bbac68_3303,12234.0
00bbac68_3304,12234.357
00bbac68_3305,12233.458
00bbac68_3306,12234.381
00bbac68_3307,12233.804
00bbac68_3308,12234.572
00bbac68_3309,12233.579
00bbac68_3310,12234.241
00bbac68_3311,12233.633
00bbac68_3312,12234.119
00bbac68_3313,12233.897
00bbac68_3314,12234.51
00bbac68_3315,12234.01
00bbac68_3316,12235.0
00bbac68_3317,12235.982
00bbac68_3318,12236.294
00bbac68_3319,12236.002
00bbac68_3320,12236.078
00bbac68_3321,12235.119
00bbac68_3322,12235.629
00bbac68_3323,12236.556
00bbac68_3324,12236.557
00bbac68_3325,12235.016
00bbac68_3326,12235.458
00bbac68_3327,12233.814
00bbac68_3328,12233.26
00bbac68_3329,12234.74
00bbac68_3330,12234.477
00bbac68_3331,12235.459
00bbac68_3332,12234.7
00bbac68_3333,12233.479
00bbac68_3334,12233.575
00bbac68_3335,12232.874
00bbac68_3336,12232.917
00bbac68_3337,12232.885
00bbac68_3338,12233.234
00bbac68_3339,12234.167
00bbac68_3340,12233.432
00bbac68_3341,12232.731
00bbac68_3342,12232.827
00bbac68_3343,12233.432
00bbac68_3344,12233.758
00bbac68_3345,12233.979
00bbac68_3346,12233.317
00bbac68_3347,12232.2295
00bbac68_3348,12231.132
00bbac68_3349,12231.612
00bbac68_3350,12231.735
00bbac68_3351,12232.732
00bbac68_3352,12232.922
00bbac68_3353,12233.955
00bbac68_3354,12233.028
00bbac68_3355,12233.834
00bbac68_3356,12233.639
00bbac68_3357,12234.119
00bbac68_3358,12233.823
00bbac68_3359,12235.227
00bbac68_3360,12234.201
00bbac68_3361,12233.729
00bbac68_3362,12231.665
00bbac68_3363,12232.429
00bbac68_3364,12232.352
00bbac68_3365,12233.759
00bbac68_3366,12233.606
00bbac68_3367,12233.162
00bbac68_3368,12233.284
00bbac68_3369,12233.857
00bbac68_3370,12232.863
00bbac68_3371,12233.508
00bbac68_3372,12232.515
00bbac68_3373,12233.186
00bbac68_3374,12232.353
00bbac68_3375,12230.51
00bbac68_3376,12231.838
00bbac68_3377,12233.823
00bbac68_3378,12233.697
00bbac68_3379,12235.198
00bbac68_3380,12235.448
00bbac68_3381,12236.466
00bbac68_3382,12236.43
00bbac68_3383,12236.496
00bbac68_3384,12235.631
00bbac68_3385,12236.21
00bbac68_3386,12235.791
00bbac68_3387,12236.051
00bbac68_3388,12235.947
00bbac68_3389,12235.584
00bbac68_3390,12235.262
00bbac68_3391,12233.752
00bbac68_3392,12232.967
00bbac68_3393,12236.1455
00bbac68_3394,12235.073
00bbac68_3395,12237.311
00bbac68_3396,12235.392
00bbac68_3397,12234.843
00bbac68_3398,12235.357
00bbac68_3399,12234.006
00bbac68_3400,12234.838
00bbac68_3401,12234.518
00bbac68_3402,12235.737
00bbac68_3403,12235.188
00bbac68_3404,12235.797
00bbac68_3405,12234.904
00bbac68_3406,12235.133
00bbac68_3407,12234.683
00bbac68_3408,12235.67
00bbac68_3409,12235.383
00bbac68_3410,12235.737
00bbac68_3411,12233.753
00bbac68_3412,12234.043
00bbac68_3413,12233.373
00bbac68_3414,12234.205
00bbac68_3415,12234.26
00bbac68_3416,12235.729
00bbac68_3417,12235.117
00bbac68_3418,12235.281
00bbac68_3419,12234.379
00bbac68_3420,12235.7295
00bbac68_3421,12235.315
00bbac68_3422,12236.469
00bbac68_3423,12236.461
00bbac68_3424,12236.237
00bbac68_3425,12235.481
00bbac68_3426,12234.007
00bbac68_3427,12234.331
00bbac68_3428,12233.789
00bbac68_3429,12234.82
00bbac68_3430,12234.82
00bbac68_3431,12235.365
00bbac68_3432,12235.143
00bbac68_3433,12235.373
00bbac68_3434,12234.41
00bbac68_3435,12234.823
00bbac68_3436,12234.472
00bbac68_3437,12235.302
00bbac68_3438,12234.085
00bbac68_3439,12234.82
00bbac68_3440,12234.631
00bbac68_3441,12235.372
00bbac68_3442,12235.308
00bbac68_3443,12235.854
00bbac68_3444,12236.4375
00bbac68_3445,12236.237
00bbac68_3446,12236.687
00bbac68_3447,12235.89
00bbac68_3448,12232.875
00bbac68_3449,12234.589
00bbac68_3450,12235.869
00bbac68_3451,12235.353
00bbac68_3452,12236.273
00bbac68_3453,12235.112
00bbac68_3454,12235.139
00bbac68_3455,12233.854
00bbac68_3456,12232.884
00bbac68_3457,12234.752
00bbac68_3458,12234.682
00bbac68_3459,12235.474
00bbac68_3460,12234.49
00bbac68_3461,12233.818
00bbac68_3462,12232.925
00bbac68_3463,12232.93
00bbac68_3464,12232.764
00bbac68_3465,12233.889
00bbac68_3466,12233.505
00bbac68_3467,12233.99
00bbac68_3468,12233.088
00bbac68_3469,12233.122
00bbac68_3470,12233.346
00bbac68_3471,12233.61
00bbac68_3472,12233.355
00bbac68_3473,12233.972
00bbac68_3474,12233.069
00bbac68_3475,12232.848
00bbac68_3476,12231.69
00bbac68_3477,12232.206
00bbac68_3478,12231.602
00bbac68_3479,12232.726
00bbac68_3480,12233.391
00bbac68_3481,12233.201
00bbac68_3482,12233.24
00bbac68_3483,12233.04
00bbac68_3484,12233.717
00bbac68_3485,12233.748
00bbac68_3486,12234.49
00bbac68_3487,12234.165
00bbac68_3488,12234.675
00bbac68_3489,12233.141
00bbac68_3490,12232.413
00bbac68_3491,12231.672
00bbac68_3492,12232.279
00bbac68_3493,12231.896
00bbac68_3494,12233.3125
00bbac68_3495,12232.671
00bbac68_3496,12233.056
00bbac68_3497,12232.894
00bbac68_3498,12233.373
00bbac68_3499,12233.592
00bbac68_3500,12233.336
00bbac68_3501,12232.958
00bbac68_3502,12232.758
00bbac68_3503,12234.416
00bbac68_3504,12233.646
00bbac68_3505,12234.038
00bbac68_3506,12233.654
00bbac68_3507,12235.31
00bbac68_3508,12235.2705
00bbac68_3509,12236.593
00bbac68_3510,12235.605
00bbac68_3511,12235.229
00bbac68_3512,12236.049
00bbac68_3513,12235.756
00bbac68_3514,12236.27
00bbac68_3515,12235.494
00bbac68_3516,12235.81
00bbac68_3517,12234.393
00bbac68_3518,12234.01
00bbac68_3519,12231.928
00bbac68_3520,12232.428
00bbac68_3521,12233.915
00bbac68_3522,12230.626
00bbac68_3523,12234.277
00bbac68_3524,12234.697
00bbac68_3525,12233.221
00bbac68_3526,12233.383
00bbac68_3527,12232.031
00bbac68_3528,12232.8955
00bbac68_3529,12233.598
00bbac68_3530,12233.502
00bbac68_3531,12234.023
00bbac68_3532,12233.061
00bbac68_3533,12233.798
00bbac68_3534,12233.284
00bbac68_3535,12233.767
00bbac68_3536,12233.729
00bbac68_3537,12233.854
00bbac68_3538,12234.109
00bbac68_3539,12232.251
00bbac68_3540,12231.877
00bbac68_3541,12231.744
00bbac68_3542,12232.0625
00bbac68_3543,12233.629
00bbac68_3544,12233.689
00bbac68_3545,12233.98
00bbac68_3546,12233.905
00bbac68_3547,12234.064
00bbac68_3548,12234.548
00bbac68_3549,12234.568
00bbac68_3550,12235.758
00bbac68_3551,12235.399
00bbac68_3552,12234.76
00bbac68_3553,12234.348
00bbac68_3554,12232.494
00bbac68_3555,12230.344
00bbac68_3556,12231.357
00bbac68_3557,12233.049
00bbac68_3558,12234.166
00bbac68_3559,12233.92
00bbac68_3560,12234.825
00bbac68_3561,12234.029
00bbac68_3562,12234.347
00bbac68_3563,12234.893
00bbac68_3564,12234.538
00bbac68_3565,12234.745
00bbac68_3566,12234.349
00bbac68_3567,12234.662
00bbac68_3568,12235.146
00bbac68_3569,12235.211
00bbac68_3570,12236.342
00bbac68_3571,12236.842
00bbac68_3572,12237.862
00bbac68_3573,12237.795
00bbac68_3574,12237.841
00bbac68_3575,12236.8545
00bbac68_3576,12236.863
00bbac68_3577,12235.479
00bbac68_3578,12235.622
00bbac68_3579,12235.197
00bbac68_3580,12237.334
00bbac68_3581,12235.443
00bbac68_3582,12236.424
00bbac68_3583,12235.264
00bbac68_3584,12234.42
00bbac68_3585,12236.898
00bbac68_3586,12235.803
00bbac68_3587,12237.098
00bbac68_3588,12236.432
00bbac68_3589,12235.244
00bbac68_3590,12235.575
00bbac68_3591,12234.036
00bbac68_3592,12234.956
00bbac68_3593,12234.924
00bbac68_3594,12234.994
00bbac68_3595,12235.322
00bbac68_3596,12234.07
00bbac68_3597,12233.386
00bbac68_3598,12233.242
00bbac68_3599,12234.296
00bbac68_3600,12234.525
00bbac68_3601,12235.016
00bbac68_3602,12235.757
00bbac68_3603,12234.452
00bbac68_3604,12234.293
00bbac68_3605,12233.941
00bbac68_3606,12235.035
00bbac68_3607,12234.992
00bbac68_3608,12236.208
00bbac68_3609,12235.924
00bbac68_3610,12235.727
00bbac68_3611,12235.791
00bbac68_3612,12235.377
00bbac68_3613,12235.547
00bbac68_3614,12236.185
00bbac68_3615,12235.411
00bbac68_3616,12234.57
00bbac68_3617,12234.1455
00bbac68_3618,12234.302
00bbac68_3619,12234.086
00bbac68_3620,12234.232
00bbac68_3621,12235.221
00bbac68_3622,12235.383
00bbac68_3623,12236.122
00bbac68_3624,12235.709
00bbac68_3625,12236.066
00bbac68_3626,12235.549
00bbac68_3627,12235.965
00bbac68_3628,12235.135
00bbac68_3629,12235.445
00bbac68_3630,12235.414
00bbac68_3631,12234.295
00bbac68_3632,12235.174
00bbac68_3633,12234.048
00bbac68_3634,12234.412
00bbac68_3635,12235.074
00bbac68_3636,12237.34
00bbac68_3637,12236.664
00bbac68_3638,12237.717
00bbac68_3639,12237.104
00bbac68_3640,12237.936
00bbac68_3641,12237.521
00bbac68_3642,12237.969
00bbac68_3643,12237.839
00bbac68_3644,12238.194
00bbac68_3645,12236.94
00bbac68_3646,12237.381
00bbac68_3647,12235.936
00bbac68_3648,12234.292
00bbac68_3649,12236.799
00bbac68_3650,12234.964
00bbac68_3651,12237.396
00bbac68_3652,12234.228
00bbac68_3653,12233.83
00bbac68_3654,12233.116
00bbac68_3655,12234.619
00bbac68_3656,12234.072
00bbac68_3657,12235.731
00bbac68_3658,12235.503
00bbac68_3659,12236.367
00bbac68_3660,12236.178
00bbac68_3661,12235.764
00bbac68_3662,12235.923
00bbac68_3663,12235.603
00bbac68_3664,12236.282
00bbac68_3665,12235.38
00bbac68_3666,12235.762
00bbac68_3667,12234.482
00bbac68_3668,12233.466
00bbac68_3669,12233.183
00bbac68_3670,12233.219
00bbac68_3671,12233.063
00bbac68_3672,12234.201
00bbac68_3673,12235.77
00bbac68_3674,12234.557
00bbac68_3675,12235.353
00bbac68_3676,12235.349
00bbac68_3677,12236.245
00bbac68_3678,12236.521
00bbac68_3679,12237.388
00bbac68_3680,12236.272
00bbac68_3681,12236.083
00bbac68_3682,12235.189
00bbac68_3683,12235.003
00bbac68_3684,12234.422
00bbac68_3685,12235.216
00bbac68_3686,12234.967
00bbac68_3687,12235.451
00bbac68_3688,12233.883
00bbac68_3689,12232.083
00bbac68_3690,12233.283
00bbac68_3691,12234.525
00bbac68_3692,12233.853
00bbac68_3693,12234.909
00bbac68_3694,12234.72
00bbac68_3695,12235.5205
00bbac68_3696,12236.158
00bbac68_3697,12236.607
00bbac68_3698,12236.928
00bbac68_3699,12237.689
00bbac68_3700,12237.875
00bbac68_3701,12238.462
00bbac68_3702,12237.727
00bbac68_3703,12237.564
00bbac68_3704,12238.172
00bbac68_3705,12237.85
00bbac68_3706,12237.731
00bbac68_3707,12237.475
00bbac68_3708,12237.697
00bbac68_3709,12237.209
00bbac68_3710,12236.746
00bbac68_3711,12235.157
00bbac68_3712,12233.252
00bbac68_3713,12234.7295
00bbac68_3714,12233.549
00bbac68_3715,12234.555
00bbac68_3716,12234.889
00bbac68_3717,12233.71
00bbac68_3718,12234.247
00bbac68_3719,12233.924
00bbac68_3720,12234.757
00bbac68_3721,12234.5
00bbac68_3722,12235.43
00bbac68_3723,12235.492
00bbac68_3724,12235.529
00bbac68_3725,12234.887
00bbac68_3726,12234.79
00bbac68_3727,12235.27
00bbac68_3728,12235.326
00bbac68_3729,12236.005
00bbac68_3730,12234.85
00bbac68_3731,12234.756
00bbac68_3732,12233.6045
00bbac68_3733,12234.022
00bbac68_3734,12233.95
00bbac68_3735,12235.387
00bbac68_3736,12235.0625
00bbac68_3737,12235.775
00bbac68_3738,12234.753
00bbac68_3739,12234.977
00bbac68_3740,12234.974
00bbac68_3741,12235.6875
00bbac68_3742,12235.118
00bbac68_3743,12235.727
00bbac68_3744,12235.596
00bbac68_3745,12234.962
00bbac68_3746,12233.811
00bbac68_3747,12233.203
00bbac68_3748,12233.56
00bbac68_3749,12233.9375
00bbac68_3750,12234.675
00bbac68_3751,12234.576
00bbac68_3752,12234.996
00bbac68_3753,12233.873
00bbac68_3754,12233.939
00bbac68_3755,12233.909
00bbac68_3756,12233.819
00bbac68_3757,12233.724
00bbac68_3758,12233.533
00bbac68_3759,12233.7295
00bbac68_3760,12234.174
00bbac68_3761,12234.334
00bbac68_3762,12235.013
00bbac68_3763,12235.548
00bbac68_3764,12236.443
00bbac68_3765,12236.95
00bbac68_3766,12237.529
00bbac68_3767,12237.3955
00bbac68_3768,12235.889
00bbac68_3769,12235.54
00bbac68_3770,12235.149
00bbac68_3771,12234.731
00bbac68_3772,12233.679
00bbac68_3773,12233.052
00bbac68_3774,12228.289
00bbac68_3775,12228.109
00bbac68_3776,12232.505
00bbac68_3777,12234.267
00bbac68_3778,12235.115
00bbac68_3779,12236.047
00bbac68_3780,12234.472
00bbac68_3781,12233.697
00bbac68_3782,12233.889
00bbac68_3783,12233.305
00bbac68_3784,12233.111
00bbac68_3785,12234.049
00bbac68_3786,12233.755
00bbac68_3787,12234.366
00bbac68_3788,12233.568
00bbac68_3789,12233.256
00bbac68_3790,12233.893
00bbac68_3791,12234.537
00bbac68_3792,12234.704
00bbac68_3793,12233.544
00bbac68_3794,12233.919
00bbac68_3795,12232.879
00bbac68_3796,12231.985
00bbac68_3797,12231.994
00bbac68_3798,12233.1875
00bbac68_3799,12233.825
00bbac68_3800,12234.563
00bbac68_3801,12234.497
00bbac68_3802,12233.887
00bbac68_3803,12231.495
00bbac68_3804,12234.503
00bbac68_3805,12234.977
00bbac68_3806,12231.85
00bbac68_3807,12229.297
00bbac68_3808,12231.114
00bbac68_3809,12233.139
00bbac68_3810,12233.017
00bbac68_3811,12233.271
00bbac68_3812,12232.593
00bbac68_3813,12233.87
00bbac68_3814,12233.551
00bbac68_3815,12234.064
00bbac68_3816,12234.281
00bbac68_3817,12234.189
00bbac68_3818,12234.066
00bbac68_3819,12233.334
00bbac68_3820,12233.876
00bbac68_3821,12233.799
00bbac68_3822,12234.505
00bbac68_3823,12233.419
00bbac68_3824,12234.002
00bbac68_3825,12234.252
00bbac68_3826,12235.822
00bbac68_3827,12236.299
00bbac68_3828,12235.943
00bbac68_3829,12236.746
00bbac68_3830,12236.377
00bbac68_3831,12237.146
00bbac68_3832,12236.354
00bbac68_3833,12235.916
00bbac68_3834,12235.879
00bbac68_3835,12235.581
00bbac68_3836,12236.44
00bbac68_3837,12235.54
00bbac68_3838,12231.678
00bbac68_3839,12232.148
00bbac68_3840,12232.606
00bbac68_3841,12235.303
00bbac68_3842,12234.872
00bbac68_3843,12236.141
00bbac68_3844,12235.386
00bbac68_3845,12234.102
00bbac68_3846,12233.623
00bbac68_3847,12233.679
00bbac68_3848,12233.712
00bbac68_3849,12234.065
00bbac68_3850,12234.718
00bbac68_3851,12234.268
00bbac68_3852,12234.044
00bbac68_3853,12233.947
00bbac68_3854,12233.495
00bbac68_3855,12234.306
00bbac68_3856,12233.533
00bbac68_3857,12234.308
00bbac68_3858,12233.117
00bbac68_3859,12231.396
00bbac68_3860,12231.896
00bbac68_3861,12231.866
00bbac68_3862,12232.893
00bbac68_3863,12233.838
00bbac68_3864,12234.666
00bbac68_3865,12235.308
00bbac68_3866,12234.917
00bbac68_3867,12235.1455
00bbac68_3868,12235.145
00bbac68_3869,12235.184
00bbac68_3870,12235.921
00bbac68_3871,12235.669
00bbac68_3872,12235.089
00bbac68_3873,12234.544
00bbac68_3874,12234.139
00bbac68_3875,12233.022
00bbac68_3876,12230.073
00bbac68_3877,12232.997
00bbac68_3878,12233.638
00bbac68_3879,12234.139
00bbac68_3880,12234.262
00bbac68_3881,12233.8125
00bbac68_3882,12234.111
00bbac68_3883,12233.814
00bbac68_3884,12234.275
00bbac68_3885,12233.951
00bbac68_3886,12233.692
00bbac68_3887,12234.555
00bbac68_3888,12234.484
00bbac68_3889,12234.709
00bbac68_3890,12235.449
00bbac68_3891,12236.064
00bbac68_3892,12235.605
00bbac68_3893,12237.047
00bbac68_3894,12237.369
00bbac68_3895,12236.116
00bbac68_3896,12236.49
00bbac68_3897,12234.814
00bbac68_3898,12235.697
00bbac68_3899,12237.337
00bbac68_3900,12235.248
00bbac68_3901,12235.296
00bbac68_3902,12233.498
00bbac68_3903,12233.3545
00bbac68_3904,12233.775
00bbac68_3905,12236.092
00bbac68_3906,12234.644
00bbac68_3907,12236.654
00bbac68_3908,12235.1455
00bbac68_3909,12234.248
00bbac68_3910,12234.412
00bbac68_3911,12233.704
00bbac68_3912,12233.514
00bbac68_3913,12234.128
00bbac68_3914,12234.763
00bbac68_3915,12234.666
00bbac68_3916,12234.356
00bbac68_3917,12234.068
00bbac68_3918,12233.297
00bbac68_3919,12234.036
00bbac68_3920,12234.192
00bbac68_3921,12233.811
00bbac68_3922,12234.205
00bbac68_3923,12232.95
00bbac68_3924,12232.292
00bbac68_3925,12232.57
00bbac68_3926,12232.533
00bbac68_3927,12233.813
00bbac68_3928,12234.224
00bbac68_3929,12233.741
00bbac68_3930,12234.455
00bbac68_3931,12233.909
00bbac68_3932,12234.435
00bbac68_3933,12234.845
00bbac68_3934,12234.854
00bbac68_3935,12235.614
00bbac68_3936,12235.259
00bbac68_3937,12235.041
00bbac68_3938,12233.237
00bbac68_3939,12231.965
00bbac68_3940,12232.75
00bbac68_3941,12234.099
00bbac68_3942,12230.447
00bbac68_3943,12235.092
00bbac68_3944,12227.252
00bbac68_3945,12231.943
00bbac68_3946,12233.935
00bbac68_3947,12233.445
00bbac68_3948,12233.231
00bbac68_3949,12232.62
00bbac68_3950,12233.128
00bbac68_3951,12233.42
00bbac68_3952,12234.227
00bbac68_3953,12234.376
00bbac68_3954,12235.823
00bbac68_3955,12233.657
00bbac68_3956,12236.748
00bbac68_3957,12235.748
00bbac68_3958,12236.713
00bbac68_3959,12236.192
00bbac68_3960,12236.229
00bbac68_3961,12236.474
00bbac68_3962,12235.963
00bbac68_3963,12236.254
00bbac68_3964,12233.862
00bbac68_3965,12235.709
00bbac68_3966,12234.667
00bbac68_3967,12233.268
00bbac68_3968,12233.37
00bbac68_3969,12236.627
00bbac68_3970,12234.646
00bbac68_3971,12237.119
00bbac68_3972,12232.201
00bbac68_3973,12233.953
00bbac68_3974,12233.082
00bbac68_3975,12233.028
00bbac68_3976,12233.48
00bbac68_3977,12233.764
00bbac68_3978,12234.058
00bbac68_3979,12234.332
00bbac68_3980,12233.592
00bbac68_3981,12233.215
00bbac68_3982,12233.828
00bbac68_3983,12233.472
00bbac68_3984,12234.475
00bbac68_3985,12234.019
00bbac68_3986,12234.605
00bbac68_3987,12232.58
00bbac68_3988,12232.206
00bbac68_3989,12231.836
00bbac68_3990,12232.671
00bbac68_3991,12233.541
00bbac68_3992,12233.281
00bbac68_3993,12233.87
00bbac68_3994,12234.244
00bbac68_3995,12233.744
00bbac68_3996,12234.19
00bbac68_3997,12233.58
00bbac68_3998,12235.025
00bbac68_3999,12235.136
00bbac68_4000,12235.209
00bbac68_4001,12233.893
00bbac68_4002,12234.254
00bbac68_4003,12233.285
00bbac68_4004,12233.615
00bbac68_4005,12231.572
00bbac68_4006,12234.375
00bbac68_4007,12233.725
00bbac68_4008,12233.928
00bbac68_4009,12233.799
00bbac68_4010,12233.52
00bbac68_4011,12233.806
00bbac68_4012,12233.77
00bbac68_4013,12233.029
00bbac68_4014,12233.482
00bbac68_4015,12233.901
00bbac68_4016,12234.088
00bbac68_4017,12234.705
00bbac68_4018,12234.7295
00bbac68_4019,12236.307
00bbac68_4020,12236.139
00bbac68_4021,12236.914
00bbac68_4022,12233.951
00bbac68_4023,12235.984
00bbac68_4024,12235.661
00bbac68_4025,12235.719
00bbac68_4026,12236.048
00bbac68_4027,12236.454
00bbac68_4028,12236.584
00bbac68_4029,12235.194
00bbac68_4030,12234.256
00bbac68_4031,12233.898
00bbac68_4032,12232.761
00bbac68_4033,12235.214
00bbac68_4034,12233.986
00bbac68_4035,12236.613
00bbac68_4036,12234.971
00bbac68_4037,12235.143
00bbac68_4038,12230.992
00bbac68_4039,12233.32
00bbac68_4040,12232.184
00bbac68_4041,12233.538
00bbac68_4042,12233.569
00bbac68_4043,12234.511
00bbac68_4044,12233.486
00bbac68_4045,12233.141
00bbac68_4046,12232.769
00bbac68_4047,12233.761
00bbac68_4048,12234.35
00bbac68_4049,12233.582
00bbac68_4050,12233.885
00bbac68_4051,12232.304
00bbac68_4052,12232.856
00bbac68_4053,12231.685
00bbac68_4054,12233.01
00bbac68_4055,12231.033
00bbac68_4056,12233.9
00bbac68_4057,12233.937
00bbac68_4058,12233.322
00bbac68_4059,12233.998
00bbac68_4060,12234.817
00bbac68_4061,12234.468
00bbac68_4062,12234.558
00bbac68_4063,12234.748
00bbac68_4064,12234.782
00bbac68_4065,12234.247
00bbac68_4066,12233.354
00bbac68_4067,12233.111
00bbac68_4068,12233.225
00bbac68_4069,12233.904
00bbac68_4070,12234.057
00bbac68_4071,12233.711
00bbac68_4072,12234.217
00bbac68_4073,12233.537
00bbac68_4074,12233.545
00bbac68_4075,12234.03
00bbac68_4076,12233.192
00bbac68_4077,12234.417
00bbac68_4078,12233.354
00bbac68_4079,12232.784
00bbac68_4080,12233.427
00bbac68_4081,12233.838
00bbac68_4082,12234.971
00bbac68_4083,12235.701
00bbac68_4084,12235.995
00bbac68_4085,12236.783
00bbac68_4086,12235.908
00bbac68_4087,12236.773
00bbac68_4088,12236.002
00bbac68_4089,12236.166
00bbac68_4090,12235.839
00bbac68_4091,12235.494
00bbac68_4092,12235.835
00bbac68_4093,12234.998
00bbac68_4094,12234.106
00bbac68_4095,12232.564
00bbac68_4096,12232.773
00bbac68_4097,12235.432
00bbac68_4098,12233.9795
00bbac68_4099,12235.803
00bbac68_4100,12234.234
00bbac68_4101,12233.244
00bbac68_4102,12233.822
00bbac68_4103,12232.82
00bbac68_4104,12232.768
00bbac68_4105,12233.82
00bbac68_4106,12233.946
00bbac68_4107,12234.338
00bbac68_4108,12235.072
00bbac68_4109,12234.357
00bbac68_4110,12234.973
00bbac68_4111,12232.17
00bbac68_4112,12235.006
00bbac68_4113,12234.742
00bbac68_4114,12233.471
00bbac68_4115,12233.09
00bbac68_4116,12231.998
00bbac68_4117,12232.13
00bbac68_4118,12232.993
00bbac68_4119,12232.801
00bbac68_4120,12233.511
00bbac68_4121,12234.455
00bbac68_4122,12233.911
00bbac68_4123,12233.818
00bbac68_4124,12233.826
00bbac68_4125,12233.916
00bbac68_4126,12235.427
00bbac68_4127,12234.751
00bbac68_4128,12231.411
00bbac68_4129,12233.088
00bbac68_4130,12232.743
00bbac68_4131,12232.674
00bbac68_4132,12232.771
00bbac68_4133,12233.279
00bbac68_4134,12234.055
00bbac68_4135,12234.052
00bbac68_4136,12234.377
00bbac68_4137,12234.5625
00bbac68_4138,12233.893
00bbac68_4139,12234.0205
00bbac68_4140,12233.697
00bbac68_4141,12234.719
00bbac68_4142,12234.385
00bbac68_4143,12234.039
00bbac68_4144,12233.9795
00bbac68_4145,12234.687
00bbac68_4146,12235.326
00bbac68_4147,12235.783
00bbac68_4148,12236.544
00bbac68_4149,12236.512
00bbac68_4150,12236.537
00bbac68_4151,12236.83
00bbac68_4152,12235.713
00bbac68_4153,12232.44
00bbac68_4154,12235.167
00bbac68_4155,12235.457
00bbac68_4156,12235.674
00bbac68_4157,12235.604
00bbac68_4158,12234.39
00bbac68_4159,12233.205
00bbac68_4160,12233.73
00bbac68_4161,12235.721
00bbac68_4162,12234.877
00bbac68_4163,12236.146
00bbac68_4164,12234.457
00bbac68_4165,12233.656
00bbac68_4166,12233.497
00bbac68_4167,12233.183
00bbac68_4168,12232.519
00bbac68_4169,12232.117
00bbac68_4170,12233.508
00bbac68_4171,12233.834
00bbac68_4172,12234.053
00bbac68_4173,12233.508
00bbac68_4174,12233.512
00bbac68_4175,12233.57
00bbac68_4176,12234.534
00bbac68_4177,12234.463
00bbac68_4178,12234.0205
00bbac68_4179,12232.775
00bbac68_4180,12232.043
00bbac68_4181,12231.209
00bbac68_4182,12230.97
00bbac68_4183,12232.588
00bbac68_4184,12233.46
00bbac68_4185,12233.623
00bbac68_4186,12233.578
00bbac68_4187,12233.995
00bbac68_4188,12234.567
00bbac68_4189,12234.854
00bbac68_4190,12235.172
00bbac68_4191,12235.455
00bbac68_4192,12235.036
00bbac68_4193,12234.854
00bbac68_4194,12233.164
00bbac68_4195,12229.735
00bbac68_4196,12232.492
00bbac68_4197,12233.485
00bbac68_4198,12233.573
00bbac68_4199,12234.369
00bbac68_4200,12233.799
00bbac68_4201,12233.482
00bbac68_4202,12234.003
00bbac68_4203,12233.357
00bbac68_4204,12233.999
00bbac68_4205,12233.517
00bbac68_4206,12232.09
00bbac68_4207,12232.984
00bbac68_4208,12233.876
00bbac68_4209,12234.799
00bbac68_4210,12235.435
00bbac68_4211,12234.19
00bbac68_4212,12235.596
00bbac68_4213,12237.451
00bbac68_4214,12234.74
00bbac68_4215,12236.584
00bbac68_4216,12232.088
00bbac68_4217,12233.199
00bbac68_4218,12234.865
00bbac68_4219,12236.424
00bbac68_4220,12235.086
00bbac68_4221,12234.883
00bbac68_4222,12234.27
00bbac68_4223,12232.825
00bbac68_4224,12232.611
00bbac68_4225,12235.087
00bbac68_4226,12234.632
00bbac68_4227,12235.008
00bbac68_4228,12233.429
00bbac68_4229,12233.925
00bbac68_4230,12232.553
00bbac68_4231,12233.405
00bbac68_4232,12233.721
00bbac68_4233,12232.402
00bbac68_4234,12233.922
00bbac68_4235,12234.308
00bbac68_4236,12233.125
00bbac68_4237,12232.794
00bbac68_4238,12232.459
00bbac68_4239,12233.558
00bbac68_4240,12233.675
00bbac68_4241,12233.667
00bbac68_4242,12233.667
00bbac68_4243,12233.121
00bbac68_4244,12231.908
00bbac68_4245,12232.62
00bbac68_4246,12232.299
00bbac68_4247,12231.864
00bbac68_4248,12233.696
00bbac68_4249,12234.115
00bbac68_4250,12233.984
00bbac68_4251,12233.312
00bbac68_4252,12233.925
00bbac68_4253,12234.439
00bbac68_4254,12234.662
00bbac68_4255,12235.787
00bbac68_4256,12234.34
00bbac68_4257,12232.182
00bbac68_4258,12232.586
00bbac68_4259,12232.498
00bbac68_4260,12232.969
00bbac68_4261,12233.32
00bbac68_4262,12233.508
00bbac68_4263,12234.561
00bbac68_4264,12234.304
00bbac68_4265,12233.572
00bbac68_4266,12233.839
00bbac68_4267,12233.001
00bbac68_4268,12234.283
00bbac68_4269,12233.731
00bbac68_4270,12231.666
00bbac68_4271,12232.649
00bbac68_4272,12233.289
00bbac68_4273,12234.246
00bbac68_4274,12235.009
00bbac68_4275,12235.912
00bbac68_4276,12236.67
00bbac68_4277,12236.7
00bbac68_4278,12236.881
00bbac68_4279,12236.658
00bbac68_4280,12235.861
00bbac68_4281,12235.908
00bbac68_4282,12235.969
00bbac68_4283,12235.779
00bbac68_4284,12236.256
00bbac68_4285,12235.637
00bbac68_4286,12234.967
00bbac68_4287,12233.74
00bbac68_4288,12233.147
00bbac68_4289,12235.207
00bbac68_4290,12234.466
00bbac68_4291,12235.574
00bbac68_4292,12234.655
00bbac68_4293,12233.375
00bbac68_4294,12233.737
00bbac68_4295,12232.543
00bbac68_4296,12231.346
00bbac68_4297,12232.641
00bbac68_4298,12233.611
00bbac68_4299,12233.76
00bbac68_4300,12234.018
00bbac68_4301,12233.247
00bbac68_4302,12232.993
00bbac68_4303,12233.495
00bbac68_4304,12234.294
00bbac68_4305,12234.753
00bbac68_4306,12234.021
00bbac68_4307,12233.2705
00bbac68_4308,12232.287
00bbac68_4309,12233.658
00bbac68_4310,12234.567
00bbac68_4311,12234.539
00bbac68_4312,12234.5625
00bbac68_4313,12233.895
00bbac68_4314,12233.555
00bbac68_4315,12233.687
00bbac68_4316,12233.596
00bbac68_4317,12234.371
00bbac68_4318,12235.639
00bbac68_4319,12235.22
00bbac68_4320,12234.808
00bbac68_4321,12234.139
00bbac68_4322,12232.864
00bbac68_4323,12232.747
00bbac68_4324,12232.674
00bbac68_4325,12233.739
00bbac68_4326,12233.892
00bbac68_4327,12233.188
00bbac68_4328,12234.3545
00bbac68_4329,12233.855
00bbac68_4330,12233.967
00bbac68_4331,12234.316
00bbac68_4332,12233.35
00bbac68_4333,12235.022
00bbac68_4334,12231.764
00bbac68_4335,12234.475
00bbac68_4336,12233.229
00bbac68_4337,12234.356
00bbac68_4338,12235.147
00bbac68_4339,12235.463
00bbac68_4340,12236.364
00bbac68_4341,12235.779
00bbac68_4342,12236.018
00bbac68_4343,12235.977
00bbac68_4344,12236.183
00bbac68_4345,12236.43
00bbac68_4346,12236.076
00bbac68_4347,12236.644
00bbac68_4348,12233.555
00bbac68_4349,12235.557
00bbac68_4350,12233.502
00bbac68_4351,12231.5625
00bbac68_4352,12232.906
00bbac68_4353,12235.421
00bbac68_4354,12233.831
00bbac68_4355,12235.213
00bbac68_4356,12234.492
00bbac68_4357,12233.502
00bbac68_4358,12234.314
00bbac68_4359,12233.156
00bbac68_4360,12232.656
00bbac68_4361,12234.084
00bbac68_4362,12233.815
00bbac68_4363,12234.462
00bbac68_4364,12234.242
00bbac68_4365,12233.713
00bbac68_4366,12233.033
00bbac68_4367,12234.446
00bbac68_4368,12234.689
00bbac68_4369,12233.704
00bbac68_4370,12233.191
00bbac68_4371,12232.451
00bbac68_4372,12232.711
00bbac68_4373,12231.9375
00bbac68_4374,12232.783
00bbac68_4375,12233.797
00bbac68_4376,12233.931
00bbac68_4377,12234.886
00bbac68_4378,12232.318
00bbac68_4379,12233.969
00bbac68_4380,12233.966
00bbac68_4381,12234.552
00bbac68_4382,12235.169
00bbac68_4383,12235.4375
00bbac68_4384,12234.404
00bbac68_4385,12232.963
00bbac68_4386,12233.326
00bbac68_4387,12232.771
00bbac68_4388,12232.463
00bbac68_4389,12233.643
00bbac68_4390,12233.638
00bbac68_4391,12234.568
00bbac68_4392,12234.428
00bbac68_4393,12234.148
00bbac68_4394,12233.795
00bbac68_4395,12233.797
00bbac68_4396,12233.568
00bbac68_4397,12233.757
00bbac68_4398,12234.365
00bbac68_4399,12234.075
00bbac68_4400,12233.663
00bbac68_4401,12234.221
00bbac68_4402,12234.919
00bbac68_4403,12235.314
00bbac68_4404,12236.365
00bbac68_4405,12235.977
00bbac68_4406,12236.456
00bbac68_4407,12236.799
00bbac68_4408,12235.293
00bbac68_4409,12236.297
00bbac68_4410,12235.964
00bbac68_4411,12235.362
00bbac68_4412,12236.251
00bbac68_4413,12235.41
00bbac68_4414,12235.314
00bbac68_4415,12234.465
00bbac68_4416,12233.945
00bbac68_4417,12236.222
00bbac68_4418,12235.795
00bbac68_4419,12236.575
00bbac68_4420,12236.107
00bbac68_4421,12235.177
00bbac68_4422,12234.292
00bbac68_4423,12234.419
00bbac68_4424,12233.519
00bbac68_4425,12234.518
00bbac68_4426,12234.353
00bbac68_4427,12234.55
00bbac68_4428,12234.904
00bbac68_4429,12234.192
00bbac68_4430,12234.646
00bbac68_4431,12234.829
00bbac68_4432,12234.472
00bbac68_4433,12235.761
00bbac68_4434,12234.986
00bbac68_4435,12234.191
00bbac68_4436,12234.061
00bbac68_4437,12233.545
00bbac68_4438,12234.342
00bbac68_4439,12235.107
00bbac68_4440,12235.268
00bbac68_4441,12235.886
00bbac68_4442,12235.878
00bbac68_4443,12235.789
00bbac68_4444,12236.324
00bbac68_4445,12236.963
00bbac68_4446,12236.829
00bbac68_4447,12236.609
00bbac68_4448,12236.045
00bbac68_4449,12235.279
00bbac68_4450,12234.325
00bbac68_4451,12234.334
00bbac68_4452,12233.912
00bbac68_4453,12234.428
00bbac68_4454,12235.434
00bbac68_4455,12235.248
00bbac68_4456,12234.191
00bbac68_4457,12234.04
00bbac68_4458,12234.785
00bbac68_4459,12234.896
00bbac68_4460,12235.646
00bbac68_4461,12232.331
00bbac68_4462,12234.877
00bbac68_4463,12234.422
00bbac68_4464,12234.717
00bbac68_4465,12234.906
00bbac68_4466,12235.552
00bbac68_4467,12236.568
00bbac68_4468,12237.051
00bbac68_4469,12237.364
00bbac68_4470,12237.717
00bbac68_4471,12238.088
00bbac68_4472,12236.804
00bbac68_4473,12237.1
00bbac68_4474,12237.236
00bbac68_4475,12236.811
00bbac68_4476,12237.492
00bbac68_4477,12236.615
00bbac68_4478,12236.484
00bbac68_4479,12235.349
00bbac68_4480,12235.344
00bbac68_4481,12233.025
00bbac68_4482,12235.564
00bbac68_4483,12237.701
00bbac68_4484,12235.329
00bbac68_4485,12236.401
00bbac68_4486,12235.811
00bbac68_4487,12235.459
00bbac68_4488,12235.357
00bbac68_4489,12234.836
00bbac68_4490,12236.134
00bbac68_4491,12235.262
00bbac68_4492,12235.347
00bbac68_4493,12234.833
00bbac68_4494,12234.42
00bbac68_4495,12235.126
00bbac68_4496,12234.12
00bbac68_4497,12235.537
00bbac68_4498,12234.736
00bbac68_4499,12233.91
00bbac68_4500,12233.844
00bbac68_4501,12233.678
00bbac68_4502,12233.419
00bbac68_4503,12234.637
00bbac68_4504,12235.341
00bbac68_4505,12235.341
00bbac68_4506,12234.958
00bbac68_4507,12235.096
00bbac68_4508,12234.568
00bbac68_4509,12235.115
00bbac68_4510,12235.664
00bbac68_4511,12236.303
00bbac68_4512,12236.1045
00bbac68_4513,12236.019
00bbac68_4514,12234.222
00bbac68_4515,12234.227
00bbac68_4516,12234.451
00bbac68_4517,12234.891
00bbac68_4518,12235.409
00bbac68_4519,12234.349
00bbac68_4520,12234.495
00bbac68_4521,12234.049
00bbac68_4522,12232.904
00bbac68_4523,12234.308
00bbac68_4524,12233.463
00bbac68_4525,12233.696
00bbac68_4526,12234.244
00bbac68_4527,12234.176
00bbac68_4528,12234.951
00bbac68_4529,12232.563
00bbac68_4530,12235.494
00bbac68_4531,12236.225
00bbac68_4532,12236.351
00bbac68_4533,12235.963
00bbac68_4534,12236.83
00bbac68_4535,12237.053
00bbac68_4536,12235.859
00bbac68_4537,12236.736
00bbac68_4538,12235.474
00bbac68_4539,12235.999
00bbac68_4540,12235.858
00bbac68_4541,12235.253
00bbac68_4542,12234.896
00bbac68_4543,12233.537
00bbac68_4544,12233.529
00bbac68_4545,12236.038
00bbac68_4546,12235.775
00bbac68_4547,12233.567
00bbac68_4548,12235.193
00bbac68_4549,12234.162
00bbac68_4550,12233.209
00bbac68_4551,12232.96
00bbac68_4552,12232.216
00bbac68_4553,12233.92
00bbac68_4554,12234.2
00bbac68_4555,12234.654
00bbac68_4556,12233.727
00bbac68_4557,12233.796
00bbac68_4558,12234.529
00bbac68_4559,12233.62
00bbac68_4560,12234.623
00bbac68_4561,12233.3955
00bbac68_4562,12233.6045
00bbac68_4563,12232.794
00bbac68_4564,12231.653
00bbac68_4565,12232.456
00bbac68_4566,12232.321
00bbac68_4567,12233.702
00bbac68_4568,12234.177
00bbac68_4569,12235.1045
00bbac68_4570,12232.2705
00bbac68_4571,12233.861
00bbac68_4572,12233.574
00bbac68_4573,12233.542
00bbac68_4574,12234.944
00bbac68_4575,12234.618
00bbac68_4576,12235.014
00bbac68_4577,12234.053
00bbac68_4578,12233.092
00bbac68_4579,12232.414
00bbac68_4580,12233.537
00bbac68_4581,12233.344
00bbac68_4582,12233.6
00bbac68_4583,12234.19
00bbac68_4584,12233.596
00bbac68_4585,12233.803
00bbac68_4586,12233.796
00bbac68_4587,12233.971
00bbac68_4588,12233.061
00bbac68_4589,12234.384
00bbac68_4590,12234.56
00bbac68_4591,12233.122
00bbac68_4592,12232.354
00bbac68_4593,12233.268
00bbac68_4594,12238.18
00bbac68_4595,12233.084
00bbac68_4596,12235.996
00bbac68_4597,12227.545
00bbac68_4598,12236.838
00bbac68_4599,12235.615
00bbac68_4600,12235.517
00bbac68_4601,12236.119
00bbac68_4602,12233.146
00bbac68_4603,12236.557
00bbac68_4604,12236.665
00bbac68_4605,12235.775
00bbac68_4606,12232.81
00bbac68_4607,12234.295
00bbac68_4608,12233.854
00bbac68_4609,12235.397
00bbac68_4610,12234.487
00bbac68_4611,12234.858
00bbac68_4612,12234.84
00bbac68_4613,12233.716
00bbac68_4614,12233.533
00bbac68_4615,12232.541
00bbac68_4616,12233.445
00bbac68_4617,12234.307
00bbac68_4618,12234.202
00bbac68_4619,12235.269
00bbac68_4620,12233.844
00bbac68_4621,12234.216
00bbac68_4622,12233.529
00bbac68_4623,12233.827
00bbac68_4624,12233.428
00bbac68_4625,12233.989
00bbac68_4626,12233.597
00bbac68_4627,12232.356
00bbac68_4628,12232.772
00bbac68_4629,12231.419
00bbac68_4630,12232.287
00bbac68_4631,12233.594
00bbac68_4632,12234.516
00bbac68_4633,12233.584
00bbac68_4634,12233.887
00bbac68_4635,12234.021
00bbac68_4636,12233.792
00bbac68_4637,12235.27
00bbac68_4638,12233.518
00bbac68_4639,12236.002
00bbac68_4640,12235.061
00bbac68_4641,12234.365
00bbac68_4642,12231.601
00bbac68_4643,12232.965
00bbac68_4644,12232.865
00bbac68_4645,12233.545
00bbac68_4646,12234.435
00bbac68_4647,12233.6
00bbac68_4648,12234.411
00bbac68_4649,12234.053
00bbac68_4650,12233.473
00bbac68_4651,12232.444
00bbac68_4652,12234.404
00bbac68_4653,12233.542
00bbac68_4654,12233.033
00bbac68_4655,12232.627
00bbac68_4656,12234.479
00bbac68_4657,12235.686
00bbac68_4658,12235.231
00bbac68_4659,12235.88
00bbac68_4660,12235.803
00bbac68_4661,12236.583
00bbac68_4662,12236.409
00bbac68_4663,12236.423
00bbac68_4664,12235.924
00bbac68_4665,12236.389
00bbac68_4666,12236.093
00bbac68_4667,12235.206
00bbac68_4668,12235.638
00bbac68_4669,12234.469
00bbac68_4670,12234.352
00bbac68_4671,12231.256
00bbac68_4672,12232.378
00bbac68_4673,12232.769
00bbac68_4674,12234.557
00bbac68_4675,12237.049
00bbac68_4676,12234.552
00bbac68_4677,12234.471
00bbac68_4678,12231.1875
00bbac68_4679,12233.225
00bbac68_4680,12233.723
00bbac68_4681,12233.598
00bbac68_4682,12234.529
00bbac68_4683,12233.498
00bbac68_4684,12234.4375
00bbac68_4685,12233.917
00bbac68_4686,12233.44
00bbac68_4687,12233.055
00bbac68_4688,12234.052
00bbac68_4689,12234.72
00bbac68_4690,12233.299
00bbac68_4691,12233.857
00bbac68_4692,12231.797
00bbac68_4693,12232.395
00bbac68_4694,12232.697
00bbac68_4695,12233.347
00bbac68_4696,12233.975
00bbac68_4697,12233.631
00bbac68_4698,12233.797
00bbac68_4699,12233.697
00bbac68_4700,12233.984
00bbac68_4701,12234.393
00bbac68_4702,12235.646
00bbac68_4703,12235.162
00bbac68_4704,12235.905
00bbac68_4705,12232.878
00bbac68_4706,12234.119
00bbac68_4707,12233.252
00bbac68_4708,12233.025
00bbac68_4709,12234.497
00bbac68_4710,12233.755
00bbac68_4711,12234.502
00bbac68_4712,12234.626
00bbac68_4713,12234.33
00bbac68_4714,12233.497
00bbac68_4715,12233.856
00bbac68_4716,12233.765
00bbac68_4717,12233.346
00bbac68_4718,12234.383
00bbac68_4719,12233.662
00bbac68_4720,12234.736
00bbac68_4721,12234.878
00bbac68_4722,12235.275
00bbac68_4723,12235.481
00bbac68_4724,12235.979
00bbac68_4725,12236.325
00bbac68_4726,12235.53
00bbac68_4727,12236.424
00bbac68_4728,12236.211
00bbac68_4729,12236.921
00bbac68_4730,12237.8545
00bbac68_4731,12233.398
00bbac68_4732,12234.77
00bbac68_4733,12232.107
00bbac68_4734,12220.9795
00bbac68_4735,12228.612
00bbac68_4736,12216.721
00bbac68_4737,12232.373
00bbac68_4738,12235.128
00bbac68_4739,12234.275
00bbac68_4740,12234.498
00bbac68_4741,12234.752
00bbac68_4742,12233.969
00bbac68_4743,12234.366
00bbac68_4744,12234.061
00bbac68_4745,12234.877
00bbac68_4746,12234.956
00bbac68_4747,12235.327
00bbac68_4748,12234.775
00bbac68_4749,12233.529
00bbac68_4750,12235.0
00bbac68_4751,12233.745
00bbac68_4752,12234.145
00bbac68_4753,12235.625
00bbac68_4754,12234.37
00bbac68_4755,12235.236
00bbac68_4756,12231.34
00bbac68_4757,12233.279
00bbac68_4758,12233.271
00bbac68_4759,12233.944
00bbac68_4760,12234.229
00bbac68_4761,12234.748
00bbac68_4762,12234.876
00bbac68_4763,12233.689
00bbac68_4764,12235.077
00bbac68_4765,12234.868
00bbac68_4766,12235.396
00bbac68_4767,12235.998
00bbac68_4768,12234.9795
00bbac68_4769,12234.883
00bbac68_4770,12233.659
00bbac68_4771,12233.441
00bbac68_4772,12233.023
00bbac68_4773,12234.399
00bbac68_4774,12235.394
00bbac68_4775,12233.951
00bbac68_4776,12235.0205
00bbac68_4777,12234.725
00bbac68_4778,12234.584
00bbac68_4779,12234.01
00bbac68_4780,12234.146
00bbac68_4781,12234.377
00bbac68_4782,12233.572
00bbac68_4783,12234.6045
00bbac68_4784,12234.2705
00bbac68_4785,12235.337
00bbac68_4786,12236.972
00bbac68_4787,12236.643
00bbac68_4788,12238.15
00bbac68_4789,12235.462
00bbac68_4790,12238.0
00bbac68_4791,12236.882
00bbac68_4792,12236.631
00bbac68_4793,12237.271
00bbac68_4794,12236.236
00bbac68_4795,12237.143
00bbac68_4796,12236.492
00bbac68_4797,12235.796
00bbac68_4798,12235.573
00bbac68_4799,12234.122
00bbac68_4800,12233.789
00bbac68_4801,12237.304
00bbac68_4802,12237.54
00bbac68_4803,12234.195
00bbac68_4804,12235.63
00bbac68_4805,12235.465
00bbac68_4806,12233.933
00bbac68_4807,12233.783
00bbac68_4808,12233.531
00bbac68_4809,12234.6
00bbac68_4810,12235.998
00bbac68_4811,12235.381
00bbac68_4812,12235.65
00bbac68_4813,12233.615
00bbac68_4814,12233.777
00bbac68_4815,12234.42
00bbac68_4816,12233.845
00bbac68_4817,12235.09
00bbac68_4818,12231.314
00bbac68_4819,12232.468
00bbac68_4820,12232.12
00bbac68_4821,12232.428
00bbac68_4822,12233.767
00bbac68_4823,12233.372
00bbac68_4824,12234.279
00bbac68_4825,12234.396
00bbac68_4826,12233.827
00bbac68_4827,12234.596
00bbac68_4828,12234.458
00bbac68_4829,12235.521
00bbac68_4830,12235.578
00bbac68_4831,12236.798
00bbac68_4832,12233.707
00bbac68_4833,12235.013
00bbac68_4834,12234.021
00bbac68_4835,12233.093
00bbac68_4836,12234.018
00bbac68_4837,12233.912
00bbac68_4838,12234.655
00bbac68_4839,12234.752
00bbac68_4840,12233.917
00bbac68_4841,12234.663
00bbac68_4842,12233.98
00bbac68_4843,12233.955
00bbac68_4844,12234.889
00bbac68_4845,12234.498
00bbac68_4846,12235.432
00bbac68_4847,12232.24
00bbac68_4848,12234.948
00bbac68_4849,12235.07
00bbac68_4850,12235.107
00bbac68_4851,12236.771
00bbac68_4852,12236.603
00bbac68_4853,12237.888
00bbac68_4854,12237.326
00bbac68_4855,12237.245
00bbac68_4856,12236.56
00bbac68_4857,12236.773
00bbac68_4858,12236.576
00bbac68_4859,12236.131
00bbac68_4860,12237.208
00bbac68_4861,12235.523
00bbac68_4862,12235.081
00bbac68_4863,12234.318
00bbac68_4864,12233.498
00bbac68_4865,12236.945
00bbac68_4866,12232.492
00bbac68_4867,12237.139
00bbac68_4868,12235.758
00bbac68_4869,12234.674
00bbac68_4870,12233.651
00bbac68_4871,12233.821
00bbac68_4872,12234.076
00bbac68_4873,12233.623
00bbac68_4874,12235.172
00bbac68_4875,12234.39
00bbac68_4876,12234.672
00bbac68_4877,12234.184
00bbac68_4878,12233.835
00bbac68_4879,12234.885
00bbac68_4880,12234.068
00bbac68_4881,12234.683
00bbac68_4882,12234.107
00bbac68_4883,12233.471
00bbac68_4884,12232.374
00bbac68_4885,12232.865
00bbac68_4886,12234.244
00bbac68_4887,12233.983
00bbac68_4888,12235.717
00bbac68_4889,12232.489
00bbac68_4890,12234.648
00bbac68_4891,12234.519
00bbac68_4892,12233.336
00bbac68_4893,12234.687
00bbac68_4894,12235.162
00bbac68_4895,12236.09
00bbac68_4896,12235.478
00bbac68_4897,12235.77
00bbac68_4898,12234.294
00bbac68_4899,12233.986
00bbac68_4900,12234.107
00bbac68_4901,12233.695
00bbac68_4902,12234.869
00bbac68_4903,12234.42
00bbac68_4904,12234.177
00bbac68_4905,12234.6045
00bbac68_4906,12234.056
00bbac68_4907,12235.337
00bbac68_4908,12232.635
00bbac68_4909,12235.428
00bbac68_4910,12234.978
00bbac68_4911,12235.429
00bbac68_4912,12232.555
00bbac68_4913,12234.907
00bbac68_4914,12235.291
00bbac68_4915,12235.809
00bbac68_4916,12236.297
00bbac68_4917,12235.885
00bbac68_4918,12236.72
00bbac68_4919,12236.857
00bbac68_4920,12237.018
00bbac68_4921,12236.02
00bbac68_4922,12236.416
00bbac68_4923,12237.57
00bbac68_4924,12237.013
00bbac68_4925,12237.175
00bbac68_4926,12235.74
00bbac68_4927,12236.85
00bbac68_4928,12232.771
00bbac68_4929,12236.451
00bbac68_4930,12234.225
00bbac68_4931,12236.592
00bbac68_4932,12235.796
00bbac68_4933,12234.46
00bbac68_4934,12235.104
00bbac68_4935,12233.524
00bbac68_4936,12234.075
00bbac68_4937,12234.614
00bbac68_4938,12235.225
00bbac68_4939,12234.74
00bbac68_4940,12234.273
00bbac68_4941,12234.949
00bbac68_4942,12234.204
00bbac68_4943,12235.521
00bbac68_4944,12232.467
00bbac68_4945,12235.239
00bbac68_4946,12234.334
00bbac68_4947,12233.085
00bbac68_4948,12233.531
00bbac68_4949,12232.15
00bbac68_4950,12233.35
00bbac68_4951,12234.172
00bbac68_4952,12234.775
00bbac68_4953,12234.708
00bbac68_4954,12235.008
00bbac68_4955,12235.167
00bbac68_4956,12234.265
00bbac68_4957,12236.253
00bbac68_4958,12236.008
00bbac68_4959,12236.373
00bbac68_4960,12235.632
00bbac68_4961,12234.686
00bbac68_4962,12234.643
00bbac68_4963,12234.339
00bbac68_4964,12234.68
00bbac68_4965,12234.463
00bbac68_4966,12236.213
00bbac68_4967,12235.186
00bbac68_4968,12234.932
00bbac68_4969,12235.135
00bbac68_4970,12235.451
00bbac68_4971,12234.516
00bbac68_4972,12234.839
00bbac68_4973,12235.416
00bbac68_4974,12234.932
00bbac68_4975,12235.1
00bbac68_4976,12234.678
00bbac68_4977,12235.553
00bbac68_4978,12236.155
00bbac68_4979,12237.471
00bbac68_4980,12235.469
00bbac68_4981,12237.697
00bbac68_4982,12238.144
00bbac68_4983,12237.177
00bbac68_4984,12238.236
00bbac68_4985,12235.273
00bbac68_4986,12237.975
00bbac68_4987,12237.865
00bbac68_4988,12238.092
00bbac68_4989,12234.5205
00bbac68_4990,12236.42
00bbac68_4991,12235.394
00bbac68_4992,12233.4
00bbac68_4993,12236.967
00bbac68_4994,12234.802
00bbac68_4995,12237.358
00bbac68_4996,12235.98
00bbac68_4997,12235.185
00bbac68_4998,12234.158
00bbac68_4999,12234.551
00bbac68_5000,12235.064
00bbac68_5001,12234.705
00bbac68_5002,12236.539
00bbac68_5003,12236.041
00bbac68_5004,12236.182
00bbac68_5005,12232.749
00bbac68_5006,12234.806
00bbac68_5007,12232.084
00bbac68_5008,12231.685
00bbac68_5009,12233.991
00bbac68_5010,12230.776
00bbac68_5011,12229.43
00bbac68_5012,12231.738
00bbac68_5013,12233.021
00bbac68_5014,12232.715
00bbac68_5015,12233.648
00bbac68_5016,12233.406
00bbac68_5017,12235.716
00bbac68_5018,12235.122
00bbac68_5019,12234.209
00bbac68_5020,12233.883
00bbac68_5021,12235.014
00bbac68_5022,12236.405
00bbac68_5023,12235.383
00bbac68_5024,12235.966
00bbac68_5025,12234.26
00bbac68_5026,12234.055
00bbac68_5027,12234.141
00bbac68_5028,12233.803
00bbac68_5029,12233.912
00bbac68_5030,12235.015
00bbac68_5031,12235.481
00bbac68_5032,12234.247
00bbac68_5033,12233.7
00bbac68_5034,12233.904
00bbac68_5035,12234.6
00bbac68_5036,12234.66
00bbac68_5037,12234.394
00bbac68_5038,12235.263
00bbac68_5039,12235.709
00bbac68_5040,12235.41
00bbac68_5041,12236.639
00bbac68_5042,12236.177
00bbac68_5043,12237.175
00bbac68_5044,12238.354
00bbac68_5045,12238.666
00bbac68_5046,12237.994
00bbac68_5047,12238.517
00bbac68_5048,12238.1875
00bbac68_5049,12237.877
00bbac68_5050,12234.947
00bbac68_5051,12237.116
00bbac68_5052,12236.763
00bbac68_5053,12235.229
00bbac68_5054,12235.057
00bbac68_5055,12235.114
00bbac68_5056,12234.267
00bbac68_5057,12236.748
00bbac68_5058,12234.068
00bbac68_5059,12237.24
00bbac68_5060,12235.9795
00bbac68_5061,12234.874
00bbac68_5062,12233.49
00bbac68_5063,12233.727
00bbac68_5064,12234.713
00bbac68_5065,12234.744
00bbac68_5066,12234.772
00bbac68_5067,12236.029
00bbac68_5068,12236.107
00bbac68_5069,12235.32
00bbac68_5070,12232.244
00bbac68_5071,12234.597
00bbac68_5072,12235.389
00bbac68_5073,12235.452
00bbac68_5074,12234.318
00bbac68_5075,12234.562
00bbac68_5076,12233.273
00bbac68_5077,12232.869
00bbac68_5078,12233.045
00bbac68_5079,12233.7295
00bbac68_5080,12234.905
00bbac68_5081,12234.875
00bbac68_5082,12233.883
00bbac68_5083,12234.628
00bbac68_5084,12235.387
00bbac68_5085,12234.845
00bbac68_5086,12235.002
00bbac68_5087,12236.16
00bbac68_5088,12235.865
00bbac68_5089,12235.167
00bbac68_5090,12233.979
00bbac68_5091,12234.467
00bbac68_5092,12234.029
00bbac68_5093,12231.963
00bbac68_5094,12235.06
00bbac68_5095,12236.315
00bbac68_5096,12235.204
00bbac68_5097,12233.886
00bbac68_5098,12234.541
00bbac68_5099,12234.75
00bbac68_5100,12234.471
00bbac68_5101,12233.8545
00bbac68_5102,12233.991
00bbac68_5103,12234.528
00bbac68_5104,12234.248
00bbac68_5105,12231.195
00bbac68_5106,12235.619
00bbac68_5107,12235.107
00bbac68_5108,12234.722
00bbac68_5109,12237.655
00bbac68_5110,12237.513
00bbac68_5111,12237.16
00bbac68_5112,12233.683
00bbac68_5113,12236.458
00bbac68_5114,12236.731
00bbac68_5115,12236.006
00bbac68_5116,12235.673
00bbac68_5117,12236.221
00bbac68_5118,12235.412
00bbac68_5119,12233.573
00bbac68_5120,12233.571
00bbac68_5121,12236.2295
00bbac68_5122,12234.945
00bbac68_5123,12235.729
00bbac68_5124,12235.489
00bbac68_5125,12234.982
00bbac68_5126,12233.502
00bbac68_5127,12234.658
00bbac68_5128,12235.547
00bbac68_5129,12232.457
00bbac68_5130,12235.362
00bbac68_5131,12235.448
00bbac68_5132,12234.596
00bbac68_5133,12234.174
00bbac68_5134,12234.341
00bbac68_5135,12235.266
00bbac68_5136,12234.291
00bbac68_5137,12235.389
00bbac68_5138,12235.036
00bbac68_5139,12232.604
00bbac68_5140,12233.4795
00bbac68_5141,12233.464
00bbac68_5142,12233.891
00bbac68_5143,12233.852
00bbac68_5144,12234.43
00bbac68_5145,12235.42
00bbac68_5146,12234.544
00bbac68_5147,12234.428
00bbac68_5148,12235.489
00bbac68_5149,12235.154
00bbac68_5150,12236.602
00bbac68_5151,12237.33
00bbac68_5152,12235.374
00bbac68_5153,12235.481
00bbac68_5154,12235.742
00bbac68_5155,12234.617
00bbac68_5156,12234.625
00bbac68_5157,12232.341
00bbac68_5158,12234.483
00bbac68_5159,12234.356
00bbac68_5160,12227.597
00bbac68_5161,12235.014
00bbac68_5162,12225.015
00bbac68_5163,12233.764
00bbac68_5164,12233.835
00bbac68_5165,12233.951
00bbac68_5166,12234.029
00bbac68_5167,12234.451
00bbac68_5168,12232.244
00bbac68_5169,12235.584
00bbac68_5170,12235.557
00bbac68_5171,12235.422
00bbac68_5172,12236.817
00bbac68_5173,12238.439
00bbac68_5174,12236.921
00bbac68_5175,12237.023
00bbac68_5176,12237.214
00bbac68_5177,12236.143
00bbac68_5178,12236.286
00bbac68_5179,12236.643
00bbac68_5180,12235.861
00bbac68_5181,12236.477
00bbac68_5182,12236.498
00bbac68_5183,12232.896
00bbac68_5184,12232.092
00bbac68_5185,12234.75
00bbac68_5186,12232.076
00bbac68_5187,12235.817
00bbac68_5188,12228.261
00bbac68_5189,12229.408
00bbac68_5190,12233.198
00bbac68_5191,12231.835
00bbac68_5192,12233.569
00bbac68_5193,12233.131
00bbac68_5194,12233.245
00bbac68_5195,12234.084
00bbac68_5196,12235.555
00bbac68_5197,12234.007
00bbac68_5198,12233.83
00bbac68_5199,12235.209
00bbac68_5200,12233.972
00bbac68_5201,12236.194
00bbac68_5202,12234.646
00bbac68_5203,12233.599
00bbac68_5204,12232.513
00bbac68_5205,12231.279
00bbac68_5206,12233.214
00bbac68_5207,12232.456
00bbac68_5208,12233.553
00bbac68_5209,12232.401
00bbac68_5210,12232.889
00bbac68_5211,12233.148
00bbac68_5212,12235.362
00bbac68_5213,12233.222
00bbac68_5214,12234.118
00bbac68_5215,12235.03
00bbac68_5216,12235.822
00bbac68_5217,12234.262
00bbac68_5218,12233.675
00bbac68_5219,12232.544
00bbac68_5220,12233.797
00bbac68_5221,12235.359
00bbac68_5222,12234.835
00bbac68_5223,12235.329
00bbac68_5224,12236.705
00bbac68_5225,12234.988
00bbac68_5226,12236.217
00bbac68_5227,12234.864
00bbac68_5228,12235.153
00bbac68_5229,12235.295
00bbac68_5230,12233.94
00bbac68_5231,12235.005
00bbac68_5232,12235.455
00bbac68_5233,12234.356
00bbac68_5234,12235.116
00bbac68_5235,12236.56
00bbac68_5236,12236.351
00bbac68_5237,12238.412
00bbac68_5238,12237.307
00bbac68_5239,12236.482
00bbac68_5240,12237.216
00bbac68_5241,12236.145
00bbac68_5242,12235.479
00bbac68_5243,12235.721
00bbac68_5244,12235.004
00bbac68_5245,12234.187
00bbac68_5246,12235.453
00bbac68_5247,12233.896
00bbac68_5248,12234.888
00bbac68_5249,12235.392
00bbac68_5250,12235.165
00bbac68_5251,12237.113
00bbac68_5252,12234.545
00bbac68_5253,12234.94
00bbac68_5254,12235.674
00bbac68_5255,12233.389
00bbac68_5256,12234.501
00bbac68_5257,12234.01
00bbac68_5258,12234.882
00bbac68_5259,12235.459
00bbac68_5260,12234.459
00bbac68_5261,12234.3125
00bbac68_5262,12234.826
00bbac68_5263,12233.822
00bbac68_5264,12234.694
00bbac68_5265,12235.909
00bbac68_5266,12233.463
00bbac68_5267,12234.088
00bbac68_5268,12232.315
00bbac68_5269,12232.364
00bbac68_5270,12232.889
00bbac68_5271,12233.04
00bbac68_5272,12234.421
00bbac68_5273,12235.915
00bbac68_5274,12234.199
00bbac68_5275,12234.604
00bbac68_5276,12233.89
00bbac68_5277,12234.122
00bbac68_5278,12235.592
00bbac68_5279,12235.451
00bbac68_5280,12234.917
00bbac68_5281,12234.319
00bbac68_5282,12233.341
00bbac68_5283,12233.619
00bbac68_5284,12232.969
00bbac68_5285,12234.0625
00bbac68_5286,12235.22
00bbac68_5287,12234.469
00bbac68_5288,12234.893
00bbac68_5289,12235.5
00bbac68_5290,12233.722
00bbac68_5291,12234.732
00bbac68_5292,12233.889
00bbac68_5293,12234.157
00bbac68_5294,12234.705
00bbac68_5295,12234.018
00bbac68_5296,12235.982
00bbac68_5297,12235.171
00bbac68_5298,12234.924
00bbac68_5299,12236.972
00bbac68_5300,12236.7
00bbac68_5301,12236.869
00bbac68_5302,12237.616
00bbac68_5303,12236.281
00bbac68_5304,12237.671
00bbac68_5305,12236.946
00bbac68_5306,12236.283
00bbac68_5307,12236.323
00bbac68_5308,12235.83
00bbac68_5309,12235.388
00bbac68_5310,12234.334
00bbac68_5311,12233.416
00bbac68_5312,12234.25
00bbac68_5313,12235.173
00bbac68_5314,12234.463
00bbac68_5315,12236.448
00bbac68_5316,12234.356
00bbac68_5317,12234.752
00bbac68_5318,12234.947
00bbac68_5319,12233.144
00bbac68_5320,12234.543
00bbac68_5321,12234.106
00bbac68_5322,12234.373
00bbac68_5323,12235.365
00bbac68_5324,12234.232
00bbac68_5325,12234.025
00bbac68_5326,12234.449
00bbac68_5327,12233.115
00bbac68_5328,12236.135
00bbac68_5329,12235.023
00bbac68_5330,12234.1045
00bbac68_5331,12234.091
00bbac68_5332,12232.083
00bbac68_5333,12233.83
00bbac68_5334,12232.567
00bbac68_5335,12232.392
00bbac68_5336,12234.155
00bbac68_5337,12233.596
00bbac68_5338,12234.818
00bbac68_5339,12235.232
00bbac68_5340,12234.033
00bbac68_5341,12235.336
00bbac68_5342,12235.639
00bbac68_5343,12235.487
00bbac68_5344,12235.621
00bbac68_5345,12234.268
00bbac68_5346,12234.47
00bbac68_5347,12233.961
00bbac68_5348,12233.242
00bbac68_5349,12234.475
00bbac68_5350,12234.264
00bbac68_5351,12234.628
00bbac68_5352,12234.865
00bbac68_5353,12233.801
00bbac68_5354,12234.323
00bbac68_5355,12235.753
00bbac68_5356,12233.903
00bbac68_5357,12234.654
00bbac68_5358,12232.929
00bbac68_5359,12233.545
00bbac68_5360,12234.325
00bbac68_5361,12234.751
00bbac68_5362,12235.984
00bbac68_5363,12235.557
00bbac68_5364,12236.81
00bbac68_5365,12237.104
00bbac68_5366,12236.609
00bbac68_5367,12236.907
00bbac68_5368,12237.862
00bbac68_5369,12236.15
00bbac68_5370,12236.998
00bbac68_5371,12235.893
00bbac68_5372,12236.349
00bbac68_5373,12235.808
00bbac68_5374,12234.416
00bbac68_5375,12234.043
00bbac68_5376,12234.882
00bbac68_5377,12235.068
00bbac68_5378,12235.813
00bbac68_5379,12235.567
00bbac68_5380,12235.133
00bbac68_5381,12235.142
00bbac68_5382,12233.428
00bbac68_5383,12233.461
00bbac68_5384,12232.893
00bbac68_5385,12233.6045
00bbac68_5386,12234.914
00bbac68_5387,12234.193
00bbac68_5388,12233.92
00bbac68_5389,12233.903
00bbac68_5390,12233.217
00bbac68_5391,12234.028
00bbac68_5392,12235.75
00bbac68_5393,12233.975
00bbac68_5394,12235.1455
00bbac68_5395,12233.211
00bbac68_5396,12232.518
00bbac68_5397,12233.192
00bbac68_5398,12232.857
00bbac68_5399,12233.89
00bbac68_5400,12234.913
00bbac68_5401,12234.071
00bbac68_5402,12233.925
00bbac68_5403,12234.982
00bbac68_5404,12234.068
00bbac68_5405,12235.685
00bbac68_5406,12235.383
00bbac68_5407,12235.168
00bbac68_5408,12235.592
00bbac68_5409,12234.11
00bbac68_5410,12233.419
00bbac68_5411,12233.866
00bbac68_5412,12233.089
00bbac68_5413,12233.545
00bbac68_5414,12234.129
00bbac68_5415,12233.664
00bbac68_5416,12234.316
00bbac68_5417,12234.54
00bbac68_5418,12233.607
00bbac68_5419,12234.097
00bbac68_5420,12234.764
00bbac68_5421,12233.92
00bbac68_5422,12234.435
00bbac68_5423,12234.955
00bbac68_5424,12234.274
00bbac68_5425,12234.864
00bbac68_5426,12235.789
00bbac68_5427,12235.682
00bbac68_5428,12236.556
00bbac68_5429,12236.56
00bbac68_5430,12236.133
00bbac68_5431,12236.56
00bbac68_5432,12236.812
00bbac68_5433,12235.74
00bbac68_5434,12236.164
00bbac68_5435,12236.323
00bbac68_5436,12235.834
00bbac68_5437,12234.981
00bbac68_5438,12234.885
00bbac68_5439,12233.494
00bbac68_5440,12234.114
00bbac68_5441,12237.646
00bbac68_5442,12234.768
00bbac68_5443,12236.495
00bbac68_5444,12234.678
00bbac68_5445,12233.686
00bbac68_5446,12233.901
00bbac68_5447,12233.867
00bbac68_5448,12232.382
00bbac68_5449,12235.232
00bbac68_5450,12234.971
00bbac68_5451,12234.917
00bbac68_5452,12234.245
00bbac68_5453,12234.213
00bbac68_5454,12235.462
00bbac68_5455,12234.519
00bbac68_5456,12234.63
00bbac68_5457,12235.593
00bbac68_5458,12233.885
00bbac68_5459,12234.053
00bbac68_5460,12234.205
00bbac68_5461,12232.789
00bbac68_5462,12233.856
00bbac68_5463,12234.973
00bbac68_5464,12235.93
00bbac68_5465,12235.468
00bbac68_5466,12235.4795
00bbac68_5467,12235.455
00bbac68_5468,12234.9
00bbac68_5469,12236.026
00bbac68_5470,12237.9375
00bbac68_5471,12235.711
00bbac68_5472,12237.747
00bbac68_5473,12236.693
00bbac68_5474,12236.089
00bbac68_5475,12235.242
00bbac68_5476,12235.307
00bbac68_5477,12235.219
00bbac68_5478,12234.353
00bbac68_5479,12234.979
00bbac68_5480,12235.487
00bbac68_5481,12235.456
00bbac68_5482,12234.623
00bbac68_5483,12234.598
00bbac68_5484,12234.705
00bbac68_5485,12233.346
00bbac68_5486,12234.316
00bbac68_5487,12234.152
00bbac68_5488,12233.802
00bbac68_5489,12234.968
00bbac68_5490,12235.955
00bbac68_5491,12236.535
00bbac68_5492,12236.391
00bbac68_5493,12236.975
00bbac68_5494,12235.975
00bbac68_5495,12235.456
00bbac68_5496,12236.657
00bbac68_5497,12236.558
00bbac68_5498,12236.245
00bbac68_5499,12236.357
00bbac68_5500,12236.967
00bbac68_5501,12235.876
00bbac68_5502,12232.528
00bbac68_5503,12234.242
00bbac68_5504,12234.311
00bbac68_5505,12236.061
00bbac68_5506,12234.758
00bbac68_5507,12236.67
00bbac68_5508,12236.545
00bbac68_5509,12232.1455
00bbac68_5510,12234.763
00bbac68_5511,12234.151
00bbac68_5512,12234.029
00bbac68_5513,12234.465
00bbac68_5514,12235.523
00bbac68_5515,12235.721
00bbac68_5516,12232.377
00bbac68_5517,12234.931
00bbac68_5518,12235.334
00bbac68_5519,12235.018
00bbac68_5520,12235.07
00bbac68_5521,12235.866
00bbac68_5522,12236.094
00bbac68_5523,12231.752
00bbac68_5524,12234.436
00bbac68_5525,12234.104
00bbac68_5526,12234.334
00bbac68_5527,12234.428
00bbac68_5528,12236.334
00bbac68_5529,12236.79
00bbac68_5530,12233.474
00bbac68_5531,12235.549
00bbac68_5532,12236.149
00bbac68_5533,12235.901
00bbac68_5534,12236.725
00bbac68_5535,12236.981
00bbac68_5536,12237.59
00bbac68_5537,12233.83
00bbac68_5538,12235.966
00bbac68_5539,12235.671
00bbac68_5540,12235.836
00bbac68_5541,12235.541
00bbac68_5542,12236.243
00bbac68_5543,12236.924
00bbac68_5544,12233.732
00bbac68_5545,12236.475
00bbac68_5546,12236.246
00bbac68_5547,12235.422
00bbac68_5548,12234.842
00bbac68_5549,12235.579
00bbac68_5550,12235.459
00bbac68_5551,12232.307
00bbac68_5552,12235.311
00bbac68_5553,12236.482
00bbac68_5554,12236.208
00bbac68_5555,12236.713
00bbac68_5556,12237.644
00bbac68_5557,12238.442
00bbac68_5558,12235.185
00bbac68_5559,12237.639
00bbac68_5560,12237.533
00bbac68_5561,12236.835
00bbac68_5562,12236.439
00bbac68_5563,12236.804
00bbac68_5564,12236.763
00bbac68_5565,12234.9375
00bbac68_5566,12234.979
00bbac68_5567,12234.016
00bbac68_5568,12234.381
00bbac68_5569,12235.084
00bbac68_5570,12236.338
00bbac68_5571,12236.314
00bbac68_5572,12235.496
00bbac68_5573,12234.46
00bbac68_5574,12234.246
00bbac68_5575,12234.12
00bbac68_5576,12233.084
00bbac68_5577,12234.503
00bbac68_5578,12235.521
00bbac68_5579,12235.591
00bbac68_5580,12234.208
00bbac68_5581,12234.83
00bbac68_5582,12235.234
00bbac68_5583,12235.073
00bbac68_5584,12234.847
00bbac68_5585,12235.589
00bbac68_5586,12235.645
00bbac68_5587,12233.589
00bbac68_5588,12233.665
00bbac68_5589,12233.123
00bbac68_5590,12233.482
00bbac68_5591,12233.534
00bbac68_5592,12235.175
00bbac68_5593,12235.55
00bbac68_5594,12234.947
00bbac68_5595,12234.277
00bbac68_5596,12234.922
00bbac68_5597,12236.389
00bbac68_5598,12235.698
00bbac68_5599,12237.06
00bbac68_5600,12236.374
00bbac68_5601,12235.208
00bbac68_5602,12233.919
00bbac68_5603,12233.548
00bbac68_5604,12234.211
00bbac68_5605,12234.432
00bbac68_5606,12234.528
00bbac68_5607,12235.506
00bbac68_5608,12234.768
00bbac68_5609,12235.002
00bbac68_5610,12231.938
00bbac68_5611,12235.057
00bbac68_5612,12234.414
00bbac68_5613,12233.811
00bbac68_5614,12233.483
00bbac68_5615,12234.861
00bbac68_5616,12235.754
00bbac68_5617,12235.498
00bbac68_5618,12235.458
00bbac68_5619,12237.042
00bbac68_5620,12237.635
00bbac68_5621,12237.136
00bbac68_5622,12236.608
00bbac68_5623,12237.135
00bbac68_5624,12236.619
00bbac68_5625,12236.555
00bbac68_5626,12235.909
00bbac68_5627,12236.721
00bbac68_5628,12236.585
00bbac68_5629,12235.619
00bbac68_5630,12233.692
00bbac68_5631,12234.147
00bbac68_5632,12233.578
00bbac68_5633,12235.583
00bbac68_5634,12231.787
00bbac68_5635,12237.369
00bbac68_5636,12235.373
00bbac68_5637,12234.739
00bbac68_5638,12231.49
00bbac68_5639,12234.263
00bbac68_5640,12233.076
00bbac68_5641,12233.847
00bbac68_5642,12233.771
00bbac68_5643,12234.994
00bbac68_5644,12234.866
00bbac68_5645,12233.973
00bbac68_5646,12233.068
00bbac68_5647,12234.451
00bbac68_5648,12234.7705
00bbac68_5649,12234.702
00bbac68_5650,12233.416
00bbac68_5651,12233.521
00bbac68_5652,12232.658
00bbac68_5653,12232.596
00bbac68_5654,12232.81
00bbac68_5655,12233.873
00bbac68_5656,12234.995
00bbac68_5657,12234.539
00bbac68_5658,12235.564
00bbac68_5659,12233.273
00bbac68_5660,12235.692
00bbac68_5661,12236.225
00bbac68_5662,12237.18
00bbac68_5663,12235.783
00bbac68_5664,12237.811
00bbac68_5665,12236.529
00bbac68_5666,12235.994
00bbac68_5667,12233.553
00bbac68_5668,12235.835
00bbac68_5669,12236.305
00bbac68_5670,12235.995
00bbac68_5671,12233.904
00bbac68_5672,12235.047
00bbac68_5673,12235.471
00bbac68_5674,12234.412
00bbac68_5675,12235.433
00bbac68_5676,12234.814
00bbac68_5677,12235.653
00bbac68_5678,12235.198
00bbac68_5679,12234.85
00bbac68_5680,12234.785
00bbac68_5681,12235.884
00bbac68_5682,12235.944
00bbac68_5683,12236.744
00bbac68_5684,12236.738
00bbac68_5685,12237.512
00bbac68_5686,12237.325
00bbac68_5687,12235.979
00bbac68_5688,12236.757
00bbac68_5689,12236.17
00bbac68_5690,12236.636
00bbac68_5691,12235.695
00bbac68_5692,12236.506
00bbac68_5693,12234.432
00bbac68_5694,12234.928
00bbac68_5695,12232.298
00bbac68_5696,12233.597
00bbac68_5697,12234.199
00bbac68_5698,12234.871
00bbac68_5699,12235.756
00bbac68_5700,12234.549
00bbac68_5701,12233.653
00bbac68_5702,12232.751
00bbac68_5703,12233.302
00bbac68_5704,12232.953
00bbac68_5705,12234.014
00bbac68_5706,12233.492
00bbac68_5707,12235.35
00bbac68_5708,12234.707
00bbac68_5709,12234.003
00bbac68_5710,12231.393
00bbac68_5711,12234.581
00bbac68_5712,12233.688
00bbac68_5713,12233.4375
00bbac68_5714,12233.876
00bbac68_5715,12232.971
00bbac68_5716,12233.047
00bbac68_5717,12232.179
00bbac68_5718,12233.135
00bbac68_5719,12233.127
00bbac68_5720,12234.315
00bbac68_5721,12234.858
00bbac68_5722,12233.416
00bbac68_5723,12234.582
00bbac68_5724,12233.799
00bbac68_5725,12235.285
00bbac68_5726,12235.783
00bbac68_5727,12235.729
00bbac68_5728,12234.978
00bbac68_5729,12234.6
00bbac68_5730,12234.09
00bbac68_5731,12233.517
00bbac68_5732,12232.967
00bbac68_5733,12233.999
00bbac68_5734,12235.057
00bbac68_5735,12234.117
00bbac68_5736,12235.471
00bbac68_5737,12231.849
00bbac68_5738,12234.33
00bbac68_5739,12234.138
00bbac68_5740,12234.169
00bbac68_5741,12232.104
00bbac68_5742,12234.424
00bbac68_5743,12233.781
00bbac68_5744,12233.622
00bbac68_5745,12234.291
00bbac68_5746,12234.516
00bbac68_5747,12236.253
00bbac68_5748,12236.184
00bbac68_5749,12236.768
00bbac68_5750,12234.8955
00bbac68_5751,12237.305
00bbac68_5752,12235.122
00bbac68_5753,12235.775
00bbac68_5754,12234.514
00bbac68_5755,12236.44
00bbac68_5756,12236.6875
00bbac68_5757,12235.213
00bbac68_5758,12234.284
00bbac68_5759,12231.511
00bbac68_5760,12233.941
00bbac68_5761,12235.613
00bbac68_5762,12235.221
00bbac68_5763,12233.811
00bbac68_5764,12235.754
00bbac68_5765,12234.054
00bbac68_5766,12233.127
00bbac68_5767,12233.706
00bbac68_5768,12232.804
00bbac68_5769,12235.062
00bbac68_5770,12234.217
00bbac68_5771,12234.904
00bbac68_5772,12233.573
00bbac68_5773,12234.161
00bbac68_5774,12233.611
00bbac68_5775,12233.01
00bbac68_5776,12234.129
00bbac68_5777,12233.449
00bbac68_5778,12234.227
00bbac68_5779,12233.332
00bbac68_5780,12233.326
00bbac68_5781,12232.735
00bbac68_5782,12233.697
00bbac68_5783,12234.687
00bbac68_5784,12234.584
00bbac68_5785,12235.037
00bbac68_5786,12234.492
00bbac68_5787,12235.138
00bbac68_5788,12235.704
00bbac68_5789,12236.373
00bbac68_5790,12236.525
00bbac68_5791,12237.018
00bbac68_5792,12236.404
00bbac68_5793,12234.525
00bbac68_5794,12235.169
00bbac68_5795,12234.011
00bbac68_5796,12234.054
00bbac68_5797,12235.331
00bbac68_5798,12235.9375
00bbac68_5799,12235.4795
00bbac68_5800,12235.5205
00bbac68_5801,12235.775
00bbac68_5802,12235.294
00bbac68_5803,12235.264
00bbac68_5804,12234.463
00bbac68_5805,12235.3955
00bbac68_5806,12235.516
00bbac68_5807,12234.878
00bbac68_5808,12234.654
00bbac68_5809,12235.146
00bbac68_5810,12236.014
00bbac68_5811,12236.01
00bbac68_5812,12237.168
00bbac68_5813,12236.7705
00bbac68_5814,12237.034
00bbac68_5815,12236.716
00bbac68_5816,12236.429
00bbac68_5817,12235.779
00bbac68_5818,12236.365
00bbac68_5819,12236.305
00bbac68_5820,12235.627
00bbac68_5821,12234.947
00bbac68_5822,12233.82
00bbac68_5823,12233.639
00bbac68_5824,12233.362
00bbac68_5825,12235.967
00bbac68_5826,12234.247
00bbac68_5827,12236.904
00bbac68_5828,12235.167
00bbac68_5829,12233.769
00bbac68_5830,12233.896
00bbac68_5831,12232.32
00bbac68_5832,12233.193
00bbac68_5833,12234.418
00bbac68_5834,12234.607
00bbac68_5835,12235.1
00bbac68_5836,12231.815
00bbac68_5837,12234.967
00bbac68_5838,12233.356
00bbac68_5839,12233.862
00bbac68_5840,12233.354
00bbac68_5841,12234.292
00bbac68_5842,12234.293
00bbac68_5843,12232.174
00bbac68_5844,12232.92
00bbac68_5845,12231.819
00bbac68_5846,12232.947
00bbac68_5847,12234.006
00bbac68_5848,12234.447
00bbac68_5849,12234.99
00bbac68_5850,12232.442
00bbac68_5851,12234.547
00bbac68_5852,12233.484
00bbac68_5853,12234.861
00bbac68_5854,12235.267
00bbac68_5855,12235.885
00bbac68_5856,12235.25
00bbac68_5857,12233.734
00bbac68_5858,12234.128
00bbac68_5859,12233.028
00bbac68_5860,12233.393
00bbac68_5861,12233.619
00bbac68_5862,12234.159
00bbac68_5863,12234.955
00bbac68_5864,12233.892
00bbac68_5865,12234.807
00bbac68_5866,12234.328
00bbac68_5867,12233.497
00bbac68_5868,12234.904
00bbac68_5869,12231.872
00bbac68_5870,12234.19
00bbac68_5871,12234.005
00bbac68_5872,12234.225
00bbac68_5873,12234.576
00bbac68_5874,12236.56
00bbac68_5875,12234.264
00bbac68_5876,12236.17
00bbac68_5877,12235.989
00bbac68_5878,12235.884
00bbac68_5879,12236.821
00bbac68_5880,12236.011
00bbac68_5881,12236.4
00bbac68_5882,12235.891
00bbac68_5883,12236.847
00bbac68_5884,12235.489
00bbac68_5885,12235.242
00bbac68_5886,12231.193
00bbac68_5887,12232.811
00bbac68_5888,12233.148
00bbac68_5889,12235.167
00bbac68_5890,12234.833
00bbac68_5891,12237.069
00bbac68_5892,12232.252
00bbac68_5893,12233.875
00bbac68_5894,12232.9375
00bbac68_5895,12233.2
00bbac68_5896,12233.326
00bbac68_5897,12234.417
00bbac68_5898,12233.253
00bbac68_5899,12235.374
00bbac68_5900,12234.596
00bbac68_5901,12234.095
00bbac68_5902,12234.279
00bbac68_5903,12234.092
00bbac68_5904,12234.567
00bbac68_5905,12233.63
00bbac68_5906,12234.893
00bbac68_5907,12233.283
00bbac68_5908,12232.725
00bbac68_5909,12232.779
00bbac68_5910,12233.168
00bbac68_5911,12233.864
00bbac68_5912,12233.534
00bbac68_5913,12234.988
00bbac68_5914,12234.786
00bbac68_5915,12234.322
00bbac68_5916,12235.108
00bbac68_5917,12235.202
00bbac68_5918,12236.218
00bbac68_5919,12235.662
00bbac68_5920,12235.872
00bbac68_5921,12235.132
00bbac68_5922,12234.315
00bbac68_5923,12235.292
00bbac68_5924,12235.237
00bbac68_5925,12235.957
00bbac68_5926,12236.322
00bbac68_5927,12233.647
00bbac68_5928,12235.619
00bbac68_5929,12235.386
00bbac68_5930,12234.346
00bbac68_5931,12234.85
00bbac68_5932,12234.73
00bbac68_5933,12235.304
00bbac68_5934,12234.405
00bbac68_5935,12235.845
00bbac68_5936,12233.107
00bbac68_5937,12235.427
00bbac68_5938,12236.105
00bbac68_5939,12236.239
00bbac68_5940,12236.906
00bbac68_5941,12237.414
00bbac68_5942,12238.021
00bbac68_5943,12236.991
00bbac68_5944,12237.06
00bbac68_5945,12234.553
00bbac68_5946,12237.065
00bbac68_5947,12237.347
00bbac68_5948,12236.448
00bbac68_5949,12236.028
00bbac68_5950,12236.252
00bbac68_5951,12235.342
00bbac68_5952,12234.278
00bbac68_5953,12236.705
00bbac68_5954,12236.511
00bbac68_5955,12234.951
00bbac68_5956,12236.231
00bbac68_5957,12235.641
00bbac68_5958,12233.961
00bbac68_5959,12234.455
00bbac68_5960,12234.888
00bbac68_5961,12234.016
00bbac68_5962,12235.056
00bbac68_5963,12235.456
00bbac68_5964,12235.561
00bbac68_5965,12232.214
00bbac68_5966,12235.115
00bbac68_5967,12233.672
00bbac68_5968,12233.588
00bbac68_5969,12233.936
00bbac68_5970,12234.196
00bbac68_5971,12233.166
00bbac68_5972,12233.275
00bbac68_5973,12232.268
00bbac68_5974,12234.067
00bbac68_5975,12231.772
00bbac68_5976,12235.122
00bbac68_5977,12234.98
00bbac68_5978,12233.807
00bbac68_5979,12234.818
00bbac68_5980,12234.475
00bbac68_5981,12235.005
00bbac68_5982,12236.074
00bbac68_5983,12236.12
00bbac68_5984,12236.106
00bbac68_5985,12233.143
00bbac68_5986,12234.645
00bbac68_5987,12234.086
00bbac68_5988,12233.841
00bbac68_5989,12234.248
00bbac68_5990,12234.222
00bbac68_5991,12234.67
00bbac68_5992,12234.033
00bbac68_5993,12234.669
00bbac68_5994,12234.122
00bbac68_5995,12234.38
00bbac68_5996,12234.704
00bbac68_5997,12234.631
00bbac68_5998,12234.826
00bbac68_5999,12234.982
00bbac68_6000,12234.93
00bbac68_6001,12235.878
00bbac68_6002,12236.357
00bbac68_6003,12237.153
00bbac68_6004,12236.703
00bbac68_6005,12237.698
00bbac68_6006,12238.183
00bbac68_6007,12237.596
00bbac68_6008,12237.541
00bbac68_6009,12237.561
00bbac68_6010,12237.218
00bbac68_6011,12237.02
00bbac68_6012,12236.639
00bbac68_6013,12236.278
00bbac68_6014,12235.023
00bbac68_6015,12235.089
00bbac68_6016,12234.857
00bbac68_6017,12236.237
00bbac68_6018,12235.783
00bbac68_6019,12236.564
00bbac68_6020,12235.424
00bbac68_6021,12234.591
00bbac68_6022,12234.123
00bbac68_6023,12234.436
00bbac68_6024,12233.76
00bbac68_6025,12235.132
00bbac68_6026,12235.709
00bbac68_6027,12235.067
00bbac68_6028,12234.352
00bbac68_6029,12234.283
00bbac68_6030,12233.811
00bbac68_6031,12234.697
00bbac68_6032,12234.564
00bbac68_6033,12236.169
00bbac68_6034,12233.917
00bbac68_6035,12234.151
00bbac68_6036,12233.25
00bbac68_6037,12232.873
00bbac68_6038,12233.444
00bbac68_6039,12234.322
00bbac68_6040,12235.553
00bbac68_6041,12235.584
00bbac68_6042,12235.673
00bbac68_6043,12234.422
00bbac68_6044,12234.905
00bbac68_6045,12235.678
00bbac68_6046,12235.768
00bbac68_6047,12235.944
00bbac68_6048,12235.874
00bbac68_6049,12234.992
00bbac68_6050,12235.041
00bbac68_6051,12234.723
00bbac68_6052,12235.006
00bbac68_6053,12233.692
00bbac68_6054,12235.177
00bbac68_6055,12235.2295
00bbac68_6056,12234.179
00bbac68_6057,12234.51
00bbac68_6058,12234.387
00bbac68_6059,12233.869
00bbac68_6060,12235.244
00bbac68_6061,12234.564
00bbac68_6062,12233.981
00bbac68_6063,12234.439
00bbac68_6064,12234.994
00bbac68_6065,12234.827
00bbac68_6066,12236.245
00bbac68_6067,12236.685
00bbac68_6068,12237.301
00bbac68_6069,12237.288
00bbac68_6070,12237.774
00bbac68_6071,12235.154
00bbac68_6072,12237.228
00bbac68_6073,12236.48
00bbac68_6074,12236.143
00bbac68_6075,12236.608
00bbac68_6076,12236.455
00bbac68_6077,12235.578
00bbac68_6078,12234.305
00bbac68_6079,12233.402
00bbac68_6080,12232.646
00bbac68_6081,12236.337
00bbac68_6082,12235.979
00bbac68_6083,12236.154
00bbac68_6084,12235.498
00bbac68_6085,12235.268
00bbac68_6086,12234.436
00bbac68_6087,12234.576
00bbac68_6088,12231.547
00bbac68_6089,12235.6
00bbac68_6090,12235.489
00bbac68_6091,12235.178
00bbac68_6092,12235.072
00bbac68_6093,12234.729
00bbac68_6094,12234.528
00bbac68_6095,12234.216
00bbac68_6096,12234.851
00bbac68_6097,12234.529
00bbac68_6098,12234.597
00bbac68_6099,12234.669
00bbac68_6100,12233.124
00bbac68_6101,12233.326
00bbac68_6102,12234.086
00bbac68_6103,12234.019
00bbac68_6104,12235.05
00bbac68_6105,12232.472
00bbac68_6106,12234.927
00bbac68_6107,12234.916
00bbac68_6108,12234.185
00bbac68_6109,12235.904
00bbac68_6110,12236.487
00bbac68_6111,12236.471
00bbac68_6112,12236.26
00bbac68_6113,12232.723
00bbac68_6114,12234.058
00bbac68_6115,12234.35
00bbac68_6116,12233.672
00bbac68_6117,12235.275
00bbac68_6118,12235.935
00bbac68_6119,12235.364
00bbac68_6120,12234.213
00bbac68_6121,12233.828
00bbac68_6122,12234.538
00bbac68_6123,12234.572
00bbac68_6124,12234.54
00bbac68_6125,12234.61
00bbac68_6126,12234.923
00bbac68_6127,12234.696
00bbac68_6128,12234.342
00bbac68_6129,12235.177
00bbac68_6130,12236.464
00bbac68_6131,12236.6455
00bbac68_6132,12237.424
00bbac68_6133,12238.086
00bbac68_6134,12237.383
00bbac68_6135,12237.61
00bbac68_6136,12234.611
00bbac68_6137,12237.55
00bbac68_6138,12236.959
00bbac68_6139,12236.428
00bbac68_6140,12236.924
00bbac68_6141,12236.3545
00bbac68_6142,12235.666
00bbac68_6143,12234.847
00bbac68_6144,12231.059
00bbac68_6145,12237.265
00bbac68_6146,12235.678
00bbac68_6147,12236.124
00bbac68_6148,12236.162
00bbac68_6149,12235.001
00bbac68_6150,12235.847
00bbac68_6151,12235.286
00bbac68_6152,12235.975
00bbac68_6153,12233.261
00bbac68_6154,12236.322
00bbac68_6155,12236.31
00bbac68_6156,12235.427
00bbac68_6157,12235.551
00bbac68_6158,12234.859
00bbac68_6159,12235.682
00bbac68_6160,12235.582
00bbac68_6161,12236.596
00bbac68_6162,12235.444
00bbac68_6163,12234.459
00bbac68_6164,12234.088
00bbac68_6165,12233.657
00bbac68_6166,12234.661
00bbac68_6167,12235.32
00bbac68_6168,12235.333
00bbac68_6169,12235.839
00bbac68_6170,12235.84
00bbac68_6171,12236.912
00bbac68_6172,12236.362
00bbac68_6173,12236.844
00bbac68_6174,12237.233
00bbac68_6175,12237.036
00bbac68_6176,12236.573
00bbac68_6177,12236.057
00bbac68_6178,12234.92
00bbac68_6179,12235.327
00bbac68_6180,12235.423
00bbac68_6181,12236.502
00bbac68_6182,12235.537
00bbac68_6183,12236.44
00bbac68_6184,12235.609
00bbac68_6185,12234.474
00bbac68_6186,12234.92
00bbac68_6187,12234.834
00bbac68_6188,12235.273
00bbac68_6189,12235.276
00bbac68_6190,12235.01
00bbac68_6191,12235.494
00bbac68_6192,12235.962
00bbac68_6193,12236.557
00bbac68_6194,12234.393
00bbac68_6195,12237.069
00bbac68_6196,12237.889
00bbac68_6197,12236.802
00bbac68_6198,12237.865
00bbac68_6199,12237.477
00bbac68_6200,12237.425
00bbac68_6201,12237.76
00bbac68_6202,12237.666
00bbac68_6203,12237.431
00bbac68_6204,12237.195
00bbac68_6205,12236.822
00bbac68_6206,12235.975
00bbac68_6207,12235.158
00bbac68_6208,12231.478
00bbac68_6209,12237.881
00bbac68_6210,12236.35
00bbac68_6211,12236.86
00bbac68_6212,12236.444
00bbac68_6213,12235.258
00bbac68_6214,12235.4
00bbac68_6215,12234.524
00bbac68_6216,12235.045
00bbac68_6217,12235.766
00bbac68_6218,12235.481
00bbac68_6219,12236.544
00bbac68_6220,12235.865
00bbac68_6221,12235.561
00bbac68_6222,12236.06
00bbac68_6223,12236.167
00bbac68_6224,12233.942
00bbac68_6225,12236.031
00bbac68_6226,12236.35
00bbac68_6227,12234.621
00bbac68_6228,12233.729
00bbac68_6229,12234.248
00bbac68_6230,12234.367
00bbac68_6231,12233.992
00bbac68_6232,12234.975
00bbac68_6233,12235.389
00bbac68_6234,12234.919
00bbac68_6235,12234.689
00bbac68_6236,12235.088
00bbac68_6237,12235.9
00bbac68_6238,12236.756
00bbac68_6239,12237.177
00bbac68_6240,12236.345
00bbac68_6241,12235.136
00bbac68_6242,12235.302
00bbac68_6243,12235.2
00bbac68_6244,12234.72
00bbac68_6245,12235.81
00bbac68_6246,12236.224
00bbac68_6247,12235.873
00bbac68_6248,12236.386
00bbac68_6249,12236.551
00bbac68_6250,12233.943
00bbac68_6251,12236.295
00bbac68_6252,12236.607
00bbac68_6253,12235.135
00bbac68_6254,12236.32
00bbac68_6255,12236.127
00bbac68_6256,12235.808
00bbac68_6257,12236.518
00bbac68_6258,12237.3125
00bbac68_6259,12237.439
00bbac68_6260,12238.498
00bbac68_6261,12238.717
00bbac68_6262,12238.235
00bbac68_6263,12238.719
00bbac68_6264,12238.2
00bbac68_6265,12237.854
00bbac68_6266,12238.1045
00bbac68_6267,12237.533
00bbac68_6268,12237.754
00bbac68_6269,12236.41
00bbac68_6270,12235.866
00bbac68_6271,12235.789
00bbac68_6272,12234.885
00bbac68_6273,12237.453
00bbac68_6274,12237.1875
00bbac68_6275,12237.902
00bbac68_6276,12236.786
00bbac68_6277,12237.007
00bbac68_6278,12236.507
00bbac68_6279,12236.083
00bbac68_6280,12235.8
00bbac68_6281,12236.59
00bbac68_6282,12237.01
00bbac68_6283,12236.123
00bbac68_6284,12234.812
00bbac68_6285,12234.541
00bbac68_6286,12235.5205
00bbac68_6287,12234.807
00bbac68_6288,12236.662
00bbac68_6289,12236.337
00bbac68_6290,12235.956
00bbac68_6291,12235.192
00bbac68_6292,12234.1455
00bbac68_6293,12234.786
00bbac68_6294,12234.78
00bbac68_6295,12235.33
00bbac68_6296,12235.805
00bbac68_6297,12235.682
00bbac68_6298,12235.842
00bbac68_6299,12235.49
00bbac68_6300,12235.561
00bbac68_6301,12236.544
00bbac68_6302,12236.958
00bbac68_6303,12237.883
00bbac68_6304,12237.302
00bbac68_6305,12236.384
00bbac68_6306,12235.897
00bbac68_6307,12235.064
00bbac68_6308,12235.13
00bbac68_6309,12235.206
00bbac68_6310,12235.617
00bbac68_6311,12232.855
00bbac68_6312,12235.398
00bbac68_6313,12234.662
00bbac68_6314,12235.908
00bbac68_6315,12235.547
00bbac68_6316,12235.742
00bbac68_6317,12236.0
00bbac68_6318,12236.419
00bbac68_6319,12236.668
00bbac68_6320,12236.319
00bbac68_6321,12236.927
00bbac68_6322,12237.311
00bbac68_6323,12238.1455
00bbac68_6324,12238.622
00bbac68_6325,12238.599
00bbac68_6326,12238.553
00bbac68_6327,12236.58
00bbac68_6328,12237.5625
00bbac68_6329,12237.533
00bbac68_6330,12238.424
00bbac68_6331,12238.425
00bbac68_6332,12238.731
00bbac68_6333,12237.71
00bbac68_6334,12237.256
00bbac68_6335,12236.202
00bbac68_6336,12234.779
00bbac68_6337,12237.425
00bbac68_6338,12236.542
00bbac68_6339,12237.72
00bbac68_6340,12237.214
00bbac68_6341,12235.932
00bbac68_6342,12236.289
00bbac68_6343,12236.025
00bbac68_6344,12236.053
00bbac68_6345,12236.598
00bbac68_6346,12236.464
00bbac68_6347,12236.539
00bbac68_6348,12235.514
00bbac68_6349,12235.047
00bbac68_6350,12235.075
00bbac68_6351,12232.535
00bbac68_6352,12234.787
00bbac68_6353,12234.916
00bbac68_6354,12235.556
00bbac68_6355,12234.556
00bbac68_6356,12234.245
00bbac68_6357,12234.372
00bbac68_6358,12235.006
00bbac68_6359,12236.472
00bbac68_6360,12236.6875
00bbac68_6361,12236.15
00bbac68_6362,12236.15
00bbac68_6363,12235.613
00bbac68_6364,12236.025
00bbac68_6365,12236.0625
00bbac68_6366,12237.114
00bbac68_6367,12237.123
00bbac68_6368,12236.768
00bbac68_6369,12235.647
00bbac68_6370,12235.525
00bbac68_6371,12233.6
00bbac68_6372,12233.824
00bbac68_6373,12234.564
00bbac68_6374,12233.709
00bbac68_6375,12234.393
00bbac68_6376,12233.917
00bbac68_6377,12235.222
00bbac68_6378,12235.624
00bbac68_6379,12234.8545
00bbac68_6380,12235.561
00bbac68_6381,12235.553
00bbac68_6382,12235.588
00bbac68_6383,12236.193
00bbac68_6384,12236.741
00bbac68_6385,12237.214
00bbac68_6386,12237.37
00bbac68_6387,12238.5625
00bbac68_6388,12238.969
00bbac68_6389,12239.009
00bbac68_6390,12238.844
00bbac68_6391,12238.905
00bbac68_6392,12239.385
00bbac68_6393,12238.87
00bbac68_6394,12238.102
00bbac68_6395,12237.9795
00bbac68_6396,12237.463
00bbac68_6397,12236.117
00bbac68_6398,12235.001
00bbac68_6399,12234.773
00bbac68_6400,12234.051
00bbac68_6401,12237.362
00bbac68_6402,12235.839
00bbac68_6403,12237.439
00bbac68_6404,12236.412
00bbac68_6405,12235.479
00bbac68_6406,12236.099
00bbac68_6407,12235.031
00bbac68_6408,12235.58
00bbac68_6409,12236.153
00bbac68_6410,12236.116
00bbac68_6411,12237.253
00bbac68_6412,12237.397
00bbac68_6413,12237.12
00bbac68_6414,12234.094
00bbac68_6415,12235.799
00bbac68_6416,12235.838
00bbac68_6417,12234.779
00bbac68_6418,12235.15
00bbac68_6419,12234.284
00bbac68_6420,12233.175
00bbac68_6421,12233.041
00bbac68_6422,12232.939
00bbac68_6423,12234.541
00bbac68_6424,12234.5
00bbac68_6425,12235.119
00bbac68_6426,12234.92
00bbac68_6427,12234.831
00bbac68_6428,12235.722
00bbac68_6429,12235.87
00bbac68_6430,12237.607
00bbac68_6431,12234.736
00bbac68_6432,12236.933
00bbac68_6433,12235.846
00bbac68_6434,12233.508
00bbac68_6435,12235.116
00bbac68_6436,12234.021
00bbac68_6437,12233.898
00bbac68_6438,12234.412
00bbac68_6439,12234.638
00bbac68_6440,12234.732
00bbac68_6441,12234.346
00bbac68_6442,12234.868
00bbac68_6443,12234.736
00bbac68_6444,12235.098
00bbac68_6445,12235.372
00bbac68_6446,12235.305
00bbac68_6447,12234.402
00bbac68_6448,12235.49
00bbac68_6449,12235.567
00bbac68_6450,12236.205
00bbac68_6451,12236.692
00bbac68_6452,12237.161
00bbac68_6453,12236.58
00bbac68_6454,12236.199
00bbac68_6455,12237.318
00bbac68_6456,12236.402
00bbac68_6457,12237.314
00bbac68_6458,12237.326
00bbac68_6459,12236.643
00bbac68_6460,12236.894
00bbac68_6461,12236.486
00bbac68_6462,12236.081
00bbac68_6463,12235.889
00bbac68_6464,12235.075
00bbac68_6465,12234.045
00bbac68_6466,12237.289
00bbac68_6467,12238.06
00bbac68_6468,12235.711
00bbac68_6469,12235.486
00bbac68_6470,12234.432
00bbac68_6471,12234.599
00bbac68_6472,12234.233
00bbac68_6473,12235.048
00bbac68_6474,12235.166
00bbac68_6475,12235.434
00bbac68_6476,12235.432
00bbac68_6477,12234.211
00bbac68_6478,12235.787
00bbac68_6479,12235.174
00bbac68_6480,12236.127
00bbac68_6481,12236.901
00bbac68_6482,12233.042
00bbac68_6483,12235.876
00bbac68_6484,12233.408
00bbac68_6485,12232.419
00bbac68_6486,12233.67
00bbac68_6487,12234.316
00bbac68_6488,12234.886
00bbac68_6489,12234.561
00bbac68_6490,12235.21
00bbac68_6491,12234.721
00bbac68_6492,12234.73
00bbac68_6493,12235.782
00bbac68_6494,12235.616
00bbac68_6495,12237.088
00bbac68_6496,12236.666
00bbac68_6497,12235.232
00bbac68_6498,12234.63
00bbac68_6499,12233.794
00bbac68_6500,12234.889
00bbac68_6501,12235.299
00bbac68_6502,12235.567
00bbac68_6503,12235.748
00bbac68_6504,12234.923
00bbac68_6505,12235.114
00bbac68_6506,12234.1875
00bbac68_6507,12234.797
00bbac68_6508,12235.459
00bbac68_6509,12234.634
00bbac68_6510,12235.045
00bbac68_6511,12234.922
00bbac68_6512,12235.338
00bbac68_6513,12237.024
00bbac68_6514,12237.359
00bbac68_6515,12238.359
00bbac68_6516,12238.5625
00bbac68_6517,12235.826
00bbac68_6518,12237.95
00bbac68_6519,12238.242
00bbac68_6520,12237.245
00bbac68_6521,12237.479
00bbac68_6522,12237.823
00bbac68_6523,12237.183
00bbac68_6524,12237.058
00bbac68_6525,12236.6875
00bbac68_6526,12235.604
00bbac68_6527,12234.792
00bbac68_6528,12233.794
00bbac68_6529,12237.175
00bbac68_6530,12235.933
00bbac68_6531,12237.146
00bbac68_6532,12236.154
00bbac68_6533,12235.224
00bbac68_6534,12235.555
00bbac68_6535,12235.194
00bbac68_6536,12235.52
00bbac68_6537,12236.225
00bbac68_6538,12234.158
00bbac68_6539,12237.022
00bbac68_6540,12236.411
00bbac68_6541,12234.683
00bbac68_6542,12235.463
00bbac68_6543,12235.517
00bbac68_6544,12235.462
00bbac68_6545,12235.778
00bbac68_6546,12234.816
00bbac68_6547,12234.819
00bbac68_6548,12234.011
00bbac68_6549,12233.154
00bbac68_6550,12233.694
00bbac68_6551,12234.435
00bbac68_6552,12234.919
00bbac68_6553,12235.298
00bbac68_6554,12234.627
00bbac68_6555,12234.279
00bbac68_6556,12234.818
00bbac68_6557,12234.66
00bbac68_6558,12236.073
00bbac68_6559,12236.709
00bbac68_6560,12235.756
00bbac68_6561,12236.77
00bbac68_6562,12235.428
00bbac68_6563,12235.347
00bbac68_6564,12235.768
00bbac68_6565,12236.023
00bbac68_6566,12236.133
00bbac68_6567,12236.699
00bbac68_6568,12236.002
00bbac68_6569,12235.363
00bbac68_6570,12234.592
00bbac68_6571,12235.045
00bbac68_6572,12234.628
00bbac68_6573,12234.565
00bbac68_6574,12235.276
00bbac68_6575,12234.892
00bbac68_6576,12235.051
00bbac68_6577,12236.274
00bbac68_6578,12236.394
00bbac68_6579,12236.935
00bbac68_6580,12238.1875
00bbac68_6581,12238.365
00bbac68_6582,12238.114
00bbac68_6583,12237.729
00bbac68_6584,12237.403
00bbac68_6585,12237.788
00bbac68_6586,12237.467
00bbac68_6587,12236.859
00bbac68_6588,12236.989
00bbac68_6589,12236.22
00bbac68_6590,12234.969
00bbac68_6591,12234.681
00bbac68_6592,12234.506
00bbac68_6593,12237.006
00bbac68_6594,12237.029
00bbac68_6595,12238.393
00bbac68_6596,12237.008
00bbac68_6597,12237.306
00bbac68_6598,12233.545
00bbac68_6599,12235.063
00bbac68_6600,12235.484
00bbac68_6601,12235.326
00bbac68_6602,12235.745
00bbac68_6603,12236.3545
00bbac68_6604,12236.385
00bbac68_6605,12234.755
00bbac68_6606,12234.98
00bbac68_6607,12234.627
00bbac68_6608,12234.8125
00bbac68_6609,12235.549
00bbac68_6610,12235.079
00bbac68_6611,12233.607
00bbac68_6612,12234.154
00bbac68_6613,12233.35
00bbac68_6614,12233.599
00bbac68_6615,12234.693
00bbac68_6616,12234.754
00bbac68_6617,12234.468
00bbac68_6618,12234.407
00bbac68_6619,12234.63
00bbac68_6620,12234.439
00bbac68_6621,12235.1455
00bbac68_6622,12235.91
00bbac68_6623,12235.613
00bbac68_6624,12235.806
00bbac68_6625,12234.854
00bbac68_6626,12233.925
00bbac68_6627,12234.156
00bbac68_6628,12234.182
00bbac68_6629,12234.117
00bbac68_6630,12234.761
00bbac68_6631,12234.76
00bbac68_6632,12234.442
00bbac68_6633,12234.192
00bbac68_6634,12233.967
00bbac68_6635,12233.486
00bbac68_6636,12233.872
00bbac68_6637,12234.448
00bbac68_6638,12234.034
00bbac68_6639,12234.674
00bbac68_6640,12234.925
00bbac68_6641,12234.888
00bbac68_6642,12234.922
00bbac68_6643,12236.106
00bbac68_6644,12236.108
00bbac68_6645,12237.037
00bbac68_6646,12236.939
00bbac68_6647,12236.81
00bbac68_6648,12237.353
00bbac68_6649,12236.913
00bbac68_6650,12236.614
00bbac68_6651,12236.967
00bbac68_6652,12237.253
00bbac68_6653,12236.281
00bbac68_6654,12235.704
00bbac68_6655,12234.384
00bbac68_6656,12234.15
00bbac68_6657,12236.494
00bbac68_6658,12235.401
00bbac68_6659,12236.895
00bbac68_6660,12235.172
00bbac68_6661,12234.6
00bbac68_6662,12233.635
00bbac68_6663,12233.089
00bbac68_6664,12233.385
00bbac68_6665,12233.58
00bbac68_6666,12233.967
00bbac68_6667,12234.576
00bbac68_6668,12234.248
00bbac68_6669,12233.991
00bbac68_6670,12233.038
00bbac68_6671,12233.866
00bbac68_6672,12234.154
00bbac68_6673,12234.378
00bbac68_6674,12234.221
00bbac68_6675,12232.711
00bbac68_6676,12232.714
00bbac68_6677,12232.648
00bbac68_6678,12232.646
00bbac68_6679,12233.644
00bbac68_6680,12234.118
00bbac68_6681,12234.372
00bbac68_6682,12233.996
00bbac68_6683,12233.963
00bbac68_6684,12234.153
00bbac68_6685,12235.049
00bbac68_6686,12235.971
00bbac68_6687,12235.871
00bbac68_6688,12235.906
00bbac68_6689,12235.201
00bbac68_6690,12234.37
00bbac68_6691,12234.248
00bbac68_6692,12234.401
00bbac68_6693,12234.758
00bbac68_6694,12235.5205
00bbac68_6695,12235.557
00bbac68_6696,12234.884
00bbac68_6697,12234.373
00bbac68_6698,12234.378
00bbac68_6699,12234.06
00bbac68_6700,12234.029
00bbac68_6701,12234.639
00bbac68_6702,12234.572
00bbac68_6703,12234.378
00bbac68_6704,12235.055
00bbac68_6705,12235.37
00bbac68_6706,12235.816
00bbac68_6707,12236.3955
00bbac68_6708,12237.031
00bbac68_6709,12237.286
00bbac68_6710,12237.319
00bbac68_6711,12237.123
00bbac68_6712,12236.514
00bbac68_6713,12236.839
00bbac68_6714,12236.226
00bbac68_6715,12236.583
00bbac68_6716,12236.133
00bbac68_6717,12236.103
00bbac68_6718,12234.975
00bbac68_6719,12234.451
00bbac68_6720,12234.284
00bbac68_6721,12235.797
00bbac68_6722,12235.077
00bbac68_6723,12236.834
00bbac68_6724,12235.458
00bbac68_6725,12235.269
00bbac68_6726,12235.463
00bbac68_6727,12234.564
00bbac68_6728,12232.409
00bbac68_6729,12235.949
00bbac68_6730,12234.818
00bbac68_6731,12235.334
00bbac68_6732,12235.339
00bbac68_6733,12234.258
00bbac68_6734,12233.904
00bbac68_6735,12233.806
00bbac68_6736,12234.767
00bbac68_6737,12234.663
00bbac68_6738,12234.183
00bbac68_6739,12233.679
00bbac68_6740,12232.167
00bbac68_6741,12233.097
00bbac68_6742,12233.195
00bbac68_6743,12233.842
00bbac68_6744,12234.061
00bbac68_6745,12234.12
00bbac68_6746,12233.482
00bbac68_6747,12233.393
00bbac68_6748,12233.774
00bbac68_6749,12234.42
00bbac68_6750,12234.606
00bbac68_6751,12235.0205
00bbac68_6752,12234.325
00bbac68_6753,12232.972
00bbac68_6754,12233.589
00bbac68_6755,12232.186
00bbac68_6756,12232.922
00bbac68_6757,12232.727
00bbac68_6758,12234.259
00bbac68_6759,12233.751
00bbac68_6760,12233.46
00bbac68_6761,12233.818
00bbac68_6762,12233.266
00bbac68_6763,12233.94
00bbac68_6764,12233.303
00bbac68_6765,12233.615
00bbac68_6766,12234.166
00bbac68_6767,12233.297
00bbac68_6768,12234.512
00bbac68_6769,12234.7705
00bbac68_6770,12235.768
00bbac68_6771,12235.827
00bbac68_6772,12236.525
00bbac68_6773,12236.818
00bbac68_6774,12236.169
00bbac68_6775,12236.969
00bbac68_6776,12236.744
00bbac68_6777,12236.592
00bbac68_6778,12236.202
00bbac68_6779,12236.006
00bbac68_6780,12236.295
00bbac68_6781,12235.008
00bbac68_6782,12234.498
00bbac68_6783,12233.952
00bbac68_6784,12233.808
00bbac68_6785,12236.406
00bbac68_6786,12235.526
00bbac68_6787,12236.669
00bbac68_6788,12235.834
00bbac68_6789,12235.136
00bbac68_6790,12234.587
00bbac68_6791,12234.205
00bbac68_6792,12234.209
00bbac68_6793,12234.212
00bbac68_6794,12235.461
00bbac68_6795,12235.617
00bbac68_6796,12234.692
00bbac68_6797,12234.755
00bbac68_6798,12235.471
00bbac68_6799,12233.921
00bbac68_6800,12235.333
00bbac68_6801,12234.436
00bbac68_6802,12233.695
00bbac68_6803,12233.445
00bbac68_6804,12232.041
00bbac68_6805,12229.917
00bbac68_6806,12231.948
00bbac68_6807,12233.705
00bbac68_6808,12234.117
00bbac68_6809,12233.861
00bbac68_6810,12233.734
00bbac68_6811,12233.899
00bbac68_6812,12234.417
00bbac68_6813,12234.664
00bbac68_6814,12235.623
00bbac68_6815,12235.425
00bbac68_6816,12235.018
00bbac68_6817,12234.409
00bbac68_6818,12233.773
00bbac68_6819,12233.779
00bbac68_6820,12233.544
00bbac68_6821,12234.247
00bbac68_6822,12235.014
00bbac68_6823,12234.248
00bbac68_6824,12234.635
00bbac68_6825,12234.192
00bbac68_6826,12234.604
00bbac68_6827,12235.268
00bbac68_6828,12234.793
00bbac68_6829,12235.33
00bbac68_6830,12235.555
00bbac68_6831,12234.916
00bbac68_6832,12235.137
00bbac68_6833,12235.781
00bbac68_6834,12236.193
00bbac68_6835,12236.904
00bbac68_6836,12237.638
00bbac68_6837,12238.023
00bbac68_6838,12238.082
00bbac68_6839,12238.107
00bbac68_6840,12238.045
00bbac68_6841,12237.591
00bbac68_6842,12237.526
00bbac68_6843,12237.486
00bbac68_6844,12236.373
00bbac68_6845,12235.612
00bbac68_6846,12234.421
00bbac68_6847,12234.928
00bbac68_6848,12233.924
00bbac68_6849,12236.244
00bbac68_6850,12236.208
00bbac68_6851,12235.807
00bbac68_6852,12235.581
00bbac68_6853,12233.693
00bbac68_6854,12233.536
00bbac68_6855,12232.62
00bbac68_6856,12233.008
00bbac68_6857,12234.547
00bbac68_6858,12234.311
00bbac68_6859,12235.11
00bbac68_6860,12234.375
00bbac68_6861,12234.155
00bbac68_6862,12233.836
00bbac68_6863,12233.896
00bbac68_6864,12234.697
00bbac68_6865,12234.279
00bbac68_6866,12233.764
00bbac68_6867,12233.9
00bbac68_6868,12232.109
00bbac68_6869,12232.654
00bbac68_6870,12233.518
00bbac68_6871,12233.836
00bbac68_6872,12234.5
00bbac68_6873,12234.596
00bbac68_6874,12234.219
00bbac68_6875,12233.83
00bbac68_6876,12234.279
00bbac68_6877,12234.757
00bbac68_6878,12235.2705
00bbac68_6879,12235.848
00bbac68_6880,12235.627
00bbac68_6881,12234.958
00bbac68_6882,12234.255
00bbac68_6883,12231.744
00bbac68_6884,12234.318
00bbac68_6885,12233.963
00bbac68_6886,12234.06
00bbac68_6887,12234.77
00bbac68_6888,12234.32
00bbac68_6889,12234.286
00bbac68_6890,12234.446
00bbac68_6891,12234.354
00bbac68_6892,12234.286
00bbac68_6893,12234.281
00bbac68_6894,12234.703
00bbac68_6895,12234.475
00bbac68_6896,12234.728
00bbac68_6897,12235.692
00bbac68_6898,12236.135
00bbac68_6899,12236.744
00bbac68_6900,12238.084
00bbac68_6901,12237.8955
00bbac68_6902,12237.955
00bbac68_6903,12237.695
00bbac68_6904,12237.184
00bbac68_6905,12237.369
00bbac68_6906,12236.667
00bbac68_6907,12236.512
00bbac68_6908,12236.639
00bbac68_6909,12235.646
00bbac68_6910,12235.264
00bbac68_6911,12234.649
00bbac68_6912,12233.762
00bbac68_6913,12236.942
00bbac68_6914,12234.911
00bbac68_6915,12236.211
00bbac68_6916,12234.979
00bbac68_6917,12234.661
00bbac68_6918,12234.341
00bbac68_6919,12235.011
00bbac68_6920,12234.239
00bbac68_6921,12235.099
00bbac68_6922,12235.427
00bbac68_6923,12235.097
00bbac68_6924,12235.044
00bbac68_6925,12234.725
00bbac68_6926,12234.7295
00bbac68_6927,12234.534
00bbac68_6928,12234.8545
00bbac68_6929,12235.211
00bbac68_6930,12234.599
00bbac68_6931,12233.699
00bbac68_6932,12233.13
00bbac68_6933,12233.255
00bbac68_6934,12233.189
00bbac68_6935,12234.661
00bbac68_6936,12234.753
00bbac68_6937,12235.356
00bbac68_6938,12234.5625
00bbac68_6939,12234.883
00bbac68_6940,12234.658
00bbac68_6941,12235.389
00bbac68_6942,12236.375
00bbac68_6943,12236.155
00bbac68_6944,12235.779
00bbac68_6945,12234.753
00bbac68_6946,12234.082
00bbac68_6947,12233.867
00bbac68_6948,12233.771
00bbac68_6949,12233.965
00bbac68_6950,12235.536
00bbac68_6951,12235.369
00bbac68_6952,12235.111
00bbac68_6953,12235.951
00bbac68_6954,12235.427
00bbac68_6955,12235.807
00bbac68_6956,12234.715
00bbac68_6957,12235.1
00bbac68_6958,12235.305
00bbac68_6959,12234.89
00bbac68_6960,12235.4
00bbac68_6961,12236.361
00bbac68_6962,12236.455
00bbac68_6963,12236.678
00bbac68_6964,12236.998
00bbac68_6965,12237.06
00bbac68_6966,12237.122
00bbac68_6967,12236.936
00bbac68_6968,12236.906
00bbac68_6969,12236.745
00bbac68_6970,12236.586
00bbac68_6971,12236.768
00bbac68_6972,12236.67
00bbac68_6973,12235.648
00bbac68_6974,12235.166
00bbac68_6975,12234.295
00bbac68_6976,12234.443
00bbac68_6977,12236.243
00bbac68_6978,12234.821
00bbac68_6979,12236.804
00bbac68_6980,12235.041
00bbac68_6981,12234.792
00bbac68_6982,12234.185
00bbac68_6983,12233.385
00bbac68_6984,12233.739
00bbac68_6985,12233.896
00bbac68_6986,12234.4375
00bbac68_6987,12234.991
00bbac68_6988,12234.861
00bbac68_6989,12234.442
00bbac68_6990,12235.002
00bbac68_6991,12231.239
00bbac68_6992,12235.343
00bbac68_6993,12233.845
00bbac68_6994,12233.678
00bbac68_6995,12232.889
00bbac68_6996,12231.796
00bbac68_6997,12231.794
00bbac68_6998,12232.152
00bbac68_6999,12232.976
00bbac68_7000,12233.648
00bbac68_7001,12233.975
00bbac68_7002,12233.584
00bbac68_7003,12233.367
00bbac68_7004,12232.822
00bbac68_7005,12234.287
00bbac68_7006,12234.162
00bbac68_7007,12234.416
00bbac68_7008,12234.132
00bbac68_7009,12233.371
00bbac68_7010,12232.763
00bbac68_7011,12232.77
00bbac68_7012,12231.936
00bbac68_7013,12233.113
00bbac68_7014,12233.182
00bbac68_7015,12233.433
00bbac68_7016,12234.106
00bbac68_7017,12234.08
00bbac68_7018,12234.041
00bbac68_7019,12232.561
00bbac68_7020,12234.67
00bbac68_7021,12233.709
00bbac68_7022,12234.037
00bbac68_7023,12233.842
00bbac68_7024,12234.773
00bbac68_7025,12234.771
00bbac68_7026,12235.248
00bbac68_7027,12236.92
00bbac68_7028,12236.654
00bbac68_7029,12237.255
00bbac68_7030,12237.838
00bbac68_7031,12237.058
00bbac68_7032,12237.154
00bbac68_7033,12237.443
00bbac68_7034,12236.48
00bbac68_7035,12236.961
00bbac68_7036,12236.023
00bbac68_7037,12235.131
00bbac68_7038,12234.046
00bbac68_7039,12233.604
00bbac68_7040,12234.26
00bbac68_7041,12237.595
00bbac68_7042,12232.924
00bbac68_7043,12238.17
00bbac68_7044,12235.6455
00bbac68_7045,12234.601
00bbac68_7046,12234.279
00bbac68_7047,12233.766
00bbac68_7048,12234.156
00bbac68_7049,12234.116
00bbac68_7050,12235.084
00bbac68_7051,12234.667
00bbac68_7052,12234.568
00bbac68_7053,12234.545
00bbac68_7054,12233.899
00bbac68_7055,12234.479
00bbac68_7056,12234.475
00bbac68_7057,12234.662
00bbac68_7058,12235.244
00bbac68_7059,12234.376
00bbac68_7060,12234.062
00bbac68_7061,12233.795
00bbac68_7062,12234.721
00bbac68_7063,12234.33
00bbac68_7064,12235.07
00bbac68_7065,12235.306
00bbac68_7066,12234.407
00bbac68_7067,12234.631
00bbac68_7068,12234.867
00bbac68_7069,12234.761
00bbac68_7070,12235.435
00bbac68_7071,12235.461
00bbac68_7072,12235.331
00bbac68_7073,12234.703
00bbac68_7074,12234.185
00bbac68_7075,12234.516
00bbac68_7076,12234.12
00bbac68_7077,12235.018
00bbac68_7078,12235.47
00bbac68_7079,12235.681
00bbac68_7080,12236.553
00bbac68_7081,12232.698
00bbac68_7082,12235.365
00bbac68_7083,12234.602
00bbac68_7084,12234.058
00bbac68_7085,12234.931
00bbac68_7086,12234.412
00bbac68_7087,12234.864
00bbac68_7088,12234.447
00bbac68_7089,12235.087
00bbac68_7090,12235.764
00bbac68_7091,12235.821
00bbac68_7092,12236.915
00bbac68_7093,12236.269
00bbac68_7094,12236.847
00bbac68_7095,12236.431
00bbac68_7096,12236.752
00bbac68_7097,12237.013
00bbac68_7098,12236.299
00bbac68_7099,12236.035
00bbac68_7100,12236.676
00bbac68_7101,12235.965
00bbac68_7102,12234.791
00bbac68_7103,12233.504
00bbac68_7104,12233.846
00bbac68_7105,12235.264
00bbac68_7106,12234.709
00bbac68_7107,12235.307
00bbac68_7108,12234.443
00bbac68_7109,12234.162
00bbac68_7110,12232.878
00bbac68_7111,12233.653
00bbac68_7112,12233.236
00bbac68_7113,12234.097
00bbac68_7114,12235.635
00bbac68_7115,12234.219
00bbac68_7116,12234.865
00bbac68_7117,12231.045
00bbac68_7118,12234.391
00bbac68_7119,12233.659
00bbac68_7120,12233.658
00bbac68_7121,12234.528
00bbac68_7122,12232.825
00bbac68_7123,12232.6045
00bbac68_7124,12230.617
00bbac68_7125,12231.638
00bbac68_7126,12232.029
00bbac68_7127,12232.688
00bbac68_7128,12233.75
00bbac68_7129,12233.172
00bbac68_7130,12233.583
00bbac68_7131,12233.561
00bbac68_7132,12233.715
00bbac68_7133,12234.932
00bbac68_7134,12234.799
00bbac68_7135,12234.661
00bbac68_7136,12235.339
00bbac68_7137,12233.614
00bbac68_7138,12233.561
00bbac68_7139,12232.633
00bbac68_7140,12233.178
00bbac68_7141,12232.824
00bbac68_7142,12233.75
00bbac68_7143,12233.853
00bbac68_7144,12233.399
00bbac68_7145,12233.532
00bbac68_7146,12232.858
00bbac68_7147,12233.174
00bbac68_7148,12233.723
00bbac68_7149,12233.014
00bbac68_7150,12234.459
00bbac68_7151,12234.039
00bbac68_7152,12234.842
00bbac68_7153,12232.393
00bbac68_7154,12235.763
00bbac68_7155,12235.421
00bbac68_7156,12236.115
00bbac68_7157,12237.4
00bbac68_7158,12236.693
00bbac68_7159,12236.748
00bbac68_7160,12236.783
00bbac68_7161,12236.771
00bbac68_7162,12236.166
00bbac68_7163,12236.451
00bbac68_7164,12235.935
00bbac68_7165,12235.68
00bbac68_7166,12235.291
00bbac68_7167,12234.561
00bbac68_7168,12234.596
00bbac68_7169,12237.264
00bbac68_7170,12236.387
00bbac68_7171,12234.926
00bbac68_7172,12236.648
00bbac68_7173,12235.932
00bbac68_7174,12234.631
00bbac68_7175,12234.561
00bbac68_7176,12234.3955
00bbac68_7177,12235.046
00bbac68_7178,12235.291
00bbac68_7179,12235.779
00bbac68_7180,12235.297
00bbac68_7181,12234.977
00bbac68_7182,12235.014
00bbac68_7183,12235.482
00bbac68_7184,12235.744
00bbac68_7185,12236.374
00bbac68_7186,12236.0625
00bbac68_7187,12235.671
00bbac68_7188,12234.765
00bbac68_7189,12235.45
00bbac68_7190,12233.099
00bbac68_7191,12235.318
00bbac68_7192,12236.217
00bbac68_7193,12236.242
00bbac68_7194,12235.576
00bbac68_7195,12235.805
00bbac68_7196,12235.2705
00bbac68_7197,12236.249
00bbac68_7198,12236.778
00bbac68_7199,12236.623
00bbac68_7200,12236.564
00bbac68_7201,12235.707
00bbac68_7202,12235.232
00bbac68_7203,12235.416
00bbac68_7204,12235.039
00bbac68_7205,12235.289
00bbac68_7206,12235.932
00bbac68_7207,12235.559
00bbac68_7208,12235.9
00bbac68_7209,12235.841
00bbac68_7210,12235.396
00bbac68_7211,12233.18
00bbac68_7212,12235.913
00bbac68_7213,12236.57
00bbac68_7214,12235.333
00bbac68_7215,12235.364
00bbac68_7216,12235.391
00bbac68_7217,12235.814
00bbac68_7218,12235.908
00bbac68_7219,12236.707
00bbac68_7220,12237.643
00bbac68_7221,12237.826
00bbac68_7222,12237.57
00bbac68_7223,12237.377
00bbac68_7224,12236.704
00bbac68_7225,12236.58
00bbac68_7226,12236.421
00bbac68_7227,12235.908
00bbac68_7228,12236.229
00bbac68_7229,12235.07
00bbac68_7230,12234.148
00bbac68_7231,12233.22
00bbac68_7232,12233.358
00bbac68_7233,12236.381
00bbac68_7234,12235.689
00bbac68_7235,12237.052
00bbac68_7236,12236.268
00bbac68_7237,12232.186
00bbac68_7238,12234.764
00bbac68_7239,12232.776
00bbac68_7240,12233.159
00bbac68_7241,12233.459
00bbac68_7242,12233.809
00bbac68_7243,12234.132
00bbac68_7244,12234.014
00bbac68_7245,12233.049
00bbac68_7246,12232.944
00bbac68_7247,12233.432
00bbac68_7248,12233.295
00bbac68_7249,12234.192
00bbac68_7250,12233.456
00bbac68_7251,12232.686
00bbac68_7252,12232.053
00bbac68_7253,12231.185
00bbac68_7254,12232.171
00bbac68_7255,12233.078
00bbac68_7256,12233.234
00bbac68_7257,12234.031
00bbac68_7258,12233.627
00bbac68_7259,12232.662
00bbac68_7260,12233.334
00bbac68_7261,12233.138
00bbac68_7262,12234.474
00bbac68_7263,12234.3545
00bbac68_7264,12233.939
00bbac68_7265,12233.49
00bbac68_7266,12233.369
00bbac68_7267,12232.607
00bbac68_7268,12233.373
00bbac68_7269,12232.662
00bbac68_7270,12234.201
00bbac68_7271,12233.242
00bbac68_7272,12233.023
00bbac68_7273,12233.056
00bbac68_7274,12233.111
00bbac68_7275,12233.311
00bbac68_7276,12233.121
00bbac68_7277,12232.633
00bbac68_7278,12233.111
00bbac68_7279,12232.15
00bbac68_7280,12233.466
00bbac68_7281,12233.341
00bbac68_7282,12234.498
00bbac68_7283,12235.338
00bbac68_7284,12234.753
00bbac68_7285,12235.895
00bbac68_7286,12236.062
00bbac68_7287,12235.448
00bbac68_7288,12235.834
00bbac68_7289,12234.518
00bbac68_7290,12235.653
00bbac68_7291,12234.992
00bbac68_7292,12234.988
00bbac68_7293,12234.153
00bbac68_7294,12233.261
00bbac68_7295,12233.0
00bbac68_7296,12232.437
00bbac68_7297,12236.332
00bbac68_7298,12235.416
00bbac68_7299,12235.268
00bbac68_7300,12235.717
00bbac68_7301,12233.67
00bbac68_7302,12233.61
00bbac68_7303,12232.933
00bbac68_7304,12233.807
00bbac68_7305,12233.775
00bbac68_7306,12233.87
00bbac68_7307,12234.227
00bbac68_7308,12233.966
00bbac68_7309,12233.935
00bbac68_7310,12234.424
00bbac68_7311,12233.9375
00bbac68_7312,12234.255
00bbac68_7313,12233.99
00bbac68_7314,12233.284
00bbac68_7315,12232.591
00bbac68_7316,12231.568
00bbac68_7317,12232.026
00bbac68_7318,12231.669
00bbac68_7319,12233.5205
00bbac68_7320,12234.329
00bbac68_7321,12233.941
00bbac68_7322,12233.008
00bbac68_7323,12233.967
00bbac68_7324,12233.863
00bbac68_7325,12234.257
00bbac68_7326,12234.412
00bbac68_7327,12234.958
00bbac68_7328,12233.935
00bbac68_7329,12233.006
00bbac68_7330,12232.797
00bbac68_7331,12232.123
00bbac68_7332,12233.216
00bbac68_7333,12233.058
00bbac68_7334,12233.274
00bbac68_7335,12233.693
00bbac68_7336,12232.791
00bbac68_7337,12233.204
00bbac68_7338,12233.273
00bbac68_7339,12233.753
00bbac68_7340,12234.615
00bbac68_7341,12234.223
00bbac68_7342,12234.154
00bbac68_7343,12234.984
00bbac68_7344,12235.181
00bbac68_7345,12235.435
00bbac68_7346,12235.693
00bbac68_7347,12236.624
00bbac68_7348,12236.14
00bbac68_7349,12236.622
00bbac68_7350,12235.884
00bbac68_7351,12236.237
00bbac68_7352,12236.088
00bbac68_7353,12234.836
00bbac68_7354,12235.866
00bbac68_7355,12234.741
00bbac68_7356,12235.729
00bbac68_7357,12234.3545
00bbac68_7358,12233.557
00bbac68_7359,12232.803
00bbac68_7360,12232.629
00bbac68_7361,12235.216
00bbac68_7362,12233.303
00bbac68_7363,12234.961
00bbac68_7364,12233.302
00bbac68_7365,12233.1045
00bbac68_7366,12233.112
00bbac68_7367,12231.764
00bbac68_7368,12232.791
00bbac68_7369,12232.467
00bbac68_7370,12233.875
00bbac68_7371,12234.158
00bbac68_7372,12234.354
00bbac68_7373,12234.432
00bbac68_7374,12230.797
00bbac68_7375,12235.0625
00bbac68_7376,12233.367
00bbac68_7377,12234.52
00bbac68_7378,12233.072
00bbac68_7379,12232.273
00bbac68_7380,12230.8
00bbac68_7381,12230.475
00bbac68_7382,12231.861
00bbac68_7383,12232.244
00bbac68_7384,12234.137
00bbac68_7385,12233.2705
00bbac68_7386,12233.849
00bbac68_7387,12232.469
00bbac68_7388,12233.525
00bbac68_7389,12233.682
00bbac68_7390,12234.705
00bbac68_7391,12234.775
00bbac68_7392,12233.331
00bbac68_7393,12233.653
00bbac68_7394,12231.896
00bbac68_7395,12232.225
00bbac68_7396,12231.422
00bbac68_7397,12232.894
00bbac68_7398,12232.83
00bbac68_7399,12233.599
00bbac68_7400,12234.276
00bbac68_7401,12233.15
00bbac68_7402,12233.856
00bbac68_7403,12230.004
00bbac68_7404,12234.328
00bbac68_7405,12231.865
00bbac68_7406,12233.377
00bbac68_7407,12232.519
00bbac68_7408,12233.245
00bbac68_7409,12233.736
00bbac68_7410,12233.259
00bbac68_7411,12234.794
00bbac68_7412,12234.311
00bbac68_7413,12236.611
00bbac68_7414,12235.357
00bbac68_7415,12236.451
00bbac68_7416,12232.504
00bbac68_7417,12236.993
00bbac68_7418,12234.333
00bbac68_7419,12235.036
00bbac68_7420,12233.881
00bbac68_7421,12233.97
00bbac68_7422,12232.568
00bbac68_7423,12231.192
00bbac68_7424,12231.057
00bbac68_7425,12230.372
00bbac68_7426,12233.74
00bbac68_7427,12233.139
00bbac68_7428,12235.149
00bbac68_7429,12230.273
00bbac68_7430,12233.3955
00bbac68_7431,12231.559
00bbac68_7432,12232.237
00bbac68_7433,12232.972
00bbac68_7434,12233.096
00bbac68_7435,12234.252
00bbac68_7436,12232.505
00bbac68_7437,12233.193
00bbac68_7438,12231.877
00bbac68_7439,12233.877
00bbac68_7440,12232.636
00bbac68_7441,12235.331
00bbac68_7442,12230.321
00bbac68_7443,12232.765
00bbac68_7444,12230.433
00bbac68_7445,12231.109
00bbac68_7446,12231.391
00bbac68_7447,12233.787
00bbac68_7448,12233.78
00bbac68_7449,12234.666
00bbac68_7450,12235.2295
00bbac68_7451,12234.496
00bbac68_7452,12234.925
00bbac68_7453,12234.075
00bbac68_7454,12234.832
00bbac68_7455,12234.92
00bbac68_7456,12235.111
00bbac68_7457,12233.876
00bbac68_7458,12234.211
00bbac68_7459,12233.605
00bbac68_7460,12233.053
00bbac68_7461,12233.004
00bbac68_7462,12234.291
00bbac68_7463,12234.586
00bbac68_7464,12235.012
00bbac68_7465,12233.901
00bbac68_7466,12233.129
00bbac68_7467,12233.13
00bbac68_7468,12233.224
00bbac68_7469,12233.561
00bbac68_7470,12234.58
00bbac68_7471,12235.477
00bbac68_7472,12235.468
00bbac68_7473,12235.641
00bbac68_7474,12235.934
00bbac68_7475,12236.544
00bbac68_7476,12237.815
00bbac68_7477,12239.525
00bbac68_7478,12236.772
00bbac68_7479,12239.387
00bbac68_7480,12237.893
00bbac68_7481,12236.667
00bbac68_7482,12237.128
00bbac68_7483,12236.958
00bbac68_7484,12237.029
00bbac68_7485,12237.146
00bbac68_7486,12237.019
00bbac68_7487,12236.239
00bbac68_7488,12233.794
00bbac68_7489,12235.061
00bbac68_7490,12236.271
00bbac68_7491,12234.401
00bbac68_7492,12237.175
00bbac68_7493,12236.21
00bbac68_7494,12235.447
00bbac68_7495,12235.508
00bbac68_7496,12235.706
00bbac68_7497,12236.088
00bbac68_7498,12236.536
00bbac68_7499,12236.661
00bbac68_7500,12235.764
00bbac68_7501,12234.236
00bbac68_7502,12234.24
00bbac68_7503,12234.498
00bbac68_7504,12236.539
00bbac68_7505,12237.37
00bbac68_7506,12237.436
00bbac68_7507,12237.325
00bbac68_7508,12236.552
00bbac68_7509,12236.689
00bbac68_7510,12236.172
00bbac68_7511,12236.482
00bbac68_7512,12236.674
00bbac68_7513,12236.863
00bbac68_7514,12236.738
00bbac68_7515,12236.611
00bbac68_7516,12236.672
00bbac68_7517,12237.248
00bbac68_7518,12237.0
00bbac68_7519,12237.057
00bbac68_7520,12237.386
00bbac68_7521,12236.869
00bbac68_7522,12236.045
00bbac68_7523,12234.119
00bbac68_7524,12232.779
00bbac68_7525,12232.711
00bbac68_7526,12233.416
00bbac68_7527,12234.451
00bbac68_7528,12235.791
00bbac68_7529,12236.818
00bbac68_7530,12232.638
00bbac68_7531,12234.058
00bbac68_7532,12232.469
00bbac68_7533,12233.435
00bbac68_7534,12234.771
00bbac68_7535,12236.686
00bbac68_7536,12236.941
00bbac68_7537,12236.8125
00bbac68_7538,12237.013
00bbac68_7539,12236.951
00bbac68_7540,12238.561
00bbac68_7541,12238.619
00bbac68_7542,12239.708
00bbac68_7543,12236.04
00bbac68_7544,12238.357
00bbac68_7545,12236.695
00bbac68_7546,12236.761
00bbac68_7547,12236.373
00bbac68_7548,12235.972
00bbac68_7549,12235.651
00bbac68_7550,12234.105
00bbac68_7551,12233.654
00bbac68_7552,12230.997
00bbac68_7553,12232.799
00bbac68_7554,12232.401
00bbac68_7555,12233.916
00bbac68_7556,12229.221
00bbac68_7557,12218.147
00bbac68_7558,12198.283
00e12e8b_2083,11603.198
00e12e8b_2084,11605.198
00e12e8b_2085,11604.115
00e12e8b_2086,11605.092
00e12e8b_2087,11603.51
00e12e8b_2088,11604.524
00e12e8b_2089,11601.0625
00e12e8b_2090,11604.25
00e12e8b_2091,11602.729
00e12e8b_2092,11602.557
00e12e8b_2093,11602.388
00e12e8b_2094,11604.107
00e12e8b_2095,11603.396
00e12e8b_2096,11604.672
00e12e8b_2097,11603.768
00e12e8b_2098,11604.131
00e12e8b_2099,11602.565
00e12e8b_2100,11604.121
00e12e8b_2101,11602.252
00e12e8b_2102,11602.725
00e12e8b_2103,11603.5625
00e12e8b_2104,11602.427
00e12e8b_2105,11602.037
00e12e8b_2106,11600.908
00e12e8b_2107,11601.635
00e12e8b_2108,11599.293
00e12e8b_2109,11600.442
00e12e8b_2110,11598.732
00e12e8b_2111,11598.042
00e12e8b_2112,11596.403
00e12e8b_2113,11595.885
00e12e8b_2114,11593.204
00e12e8b_2115,11596.278
00e12e8b_2116,11593.988
00e12e8b_2117,11595.914
00e12e8b_2118,11593.706
00e12e8b_2119,11597.708
00e12e8b_2120,11595.299
00e12e8b_2121,11596.875
00e12e8b_2122,11597.207
00e12e8b_2123,11599.621
00e12e8b_2124,11598.217
00e12e8b_2125,11598.686
00e12e8b_2126,11597.815
00e12e8b_2127,11598.15
00e12e8b_2128,11597.245
00e12e8b_2129,11600.068
00e12e8b_2130,11598.146
00e12e8b_2131,11598.592
00e12e8b_2132,11599.303
00e12e8b_2133,11598.955
00e12e8b_2134,11598.588
00e12e8b_2135,11599.929
00e12e8b_2136,11599.403
00e12e8b_2137,11598.058
00e12e8b_2138,11600.137
00e12e8b_2139,11597.908
00e12e8b_2140,11599.044
00e12e8b_2141,11598.028
00e12e8b_2142,11598.519
00e12e8b_2143,11597.456
00e12e8b_2144,11599.58
00e12e8b_2145,11598.693
00e12e8b_2146,11600.105
00e12e8b_2147,11600.0
00e12e8b_2148,11601.453
00e12e8b_2149,11601.139
00e12e8b_2150,11599.59
00e12e8b_2151,11600.099
00e12e8b_2152,11600.631
00e12e8b_2153,11600.088
00e12e8b_2154,11601.0205
00e12e8b_2155,11600.194
00e12e8b_2156,11601.182
00e12e8b_2157,11600.186
00e12e8b_2158,11602.649
00e12e8b_2159,11601.6045
00e12e8b_2160,11602.688
00e12e8b_2161,11604.169
00e12e8b_2162,11602.989
00e12e8b_2163,11602.854
00e12e8b_2164,11602.183
00e12e8b_2165,11602.632
00e12e8b_2166,11601.589
00e12e8b_2167,11604.072
00e12e8b_2168,11602.188
00e12e8b_2169,11602.936
00e12e8b_2170,11601.666
00e12e8b_2171,11602.139
00e12e8b_2172,11601.3955
00e12e8b_2173,11602.154
00e12e8b_2174,11601.805
00e12e8b_2175,11601.125
00e12e8b_2176,11600.686
00e12e8b_2177,11601.039
00e12e8b_2178,11599.492
00e12e8b_2179,11601.013
00e12e8b_2180,11599.957
00e12e8b_2181,11601.439
00e12e8b_2182,11600.35
00e12e8b_2183,11601.442
00e12e8b_2184,11600.955
00e12e8b_2185,11600.621
00e12e8b_2186,11601.73
00e12e8b_2187,11602.817
00e12e8b_2188,11601.943
00e12e8b_2189,11602.822
00e12e8b_2190,11603.013
00e12e8b_2191,11601.891
00e12e8b_2192,11602.247
00e12e8b_2193,11602.343
00e12e8b_2194,11602.552
00e12e8b_2195,11602.976
00e12e8b_2196,11603.628
00e12e8b_2197,11601.815
00e12e8b_2198,11604.038
00e12e8b_2199,11602.72
00e12e8b_2200,11603.871
00e12e8b_2201,11602.19
00e12e8b_2202,11603.654
00e12e8b_2203,11602.024
00e12e8b_2204,11603.176
00e12e8b_2205,11601.184
00e12e8b_2206,11602.56
00e12e8b_2207,11600.754
00e12e8b_2208,11602.683
00e12e8b_2209,11601.503
00e12e8b_2210,11603.247
00e12e8b_2211,11602.254
00e12e8b_2212,11604.17
00e12e8b_2213,11602.864
00e12e8b_2214,11604.24
00e12e8b_2215,11601.948
00e12e8b_2216,11602.674
00e12e8b_2217,11601.592
00e12e8b_2218,11602.379
00e12e8b_2219,11601.337
00e12e8b_2220,11602.912
00e12e8b_2221,11601.189
00e12e8b_2222,11601.748
00e12e8b_2223,11600.864
00e12e8b_2224,11602.021
00e12e8b_2225,11601.304
00e12e8b_2226,11602.944
00e12e8b_2227,11600.171
00e12e8b_2228,11600.607
00e12e8b_2229,11599.285
00e12e8b_2230,11599.584
00e12e8b_2231,11599.56
00e12e8b_2232,11597.93
00e12e8b_2233,11600.077
00e12e8b_2234,11597.703
00e12e8b_2235,11598.096
00e12e8b_2236,11598.143
00e12e8b_2237,11599.308
00e12e8b_2238,11598.35
00e12e8b_2239,11598.413
00e12e8b_2240,11598.513
00e12e8b_2241,11598.437
00e12e8b_2242,11597.198
00e12e8b_2243,11598.865
00e12e8b_2244,11597.904
00e12e8b_2245,11599.432
00e12e8b_2246,11598.76
00e12e8b_2247,11599.734
00e12e8b_2248,11599.176
00e12e8b_2249,11601.824
00e12e8b_2250,11600.232
00e12e8b_2251,11601.436
00e12e8b_2252,11600.662
00e12e8b_2253,11599.846
00e12e8b_2254,11599.373
00e12e8b_2255,11601.369
00e12e8b_2256,11599.659
00e12e8b_2257,11600.609
00e12e8b_2258,11600.094
00e12e8b_2259,11600.237
00e12e8b_2260,11599.958
00e12e8b_2261,11602.24
00e12e8b_2262,11601.033
00e12e8b_2263,11602.105
00e12e8b_2264,11600.933
00e12e8b_2265,11601.535
00e12e8b_2266,11600.086
00e12e8b_2267,11601.791
00e12e8b_2268,11600.936
00e12e8b_2269,11601.853
00e12e8b_2270,11600.257
00e12e8b_2271,11601.522
00e12e8b_2272,11600.7705
00e12e8b_2273,11602.747
00e12e8b_2274,11602.434
00e12e8b_2275,11604.103
00e12e8b_2276,11603.4375
00e12e8b_2277,11604.502
00e12e8b_2278,11603.133
00e12e8b_2279,11604.26
00e12e8b_2280,11603.061
00e12e8b_2281,11603.788
00e12e8b_2282,11602.64
00e12e8b_2283,11603.784
00e12e8b_2284,11602.607
00e12e8b_2285,11604.08
00e12e8b_2286,11602.9
00e12e8b_2287,11604.029
00e12e8b_2288,11603.24
00e12e8b_2289,11604.502
00e12e8b_2290,11603.473
00e12e8b_2291,11603.0
00e12e8b_2292,11603.258
00e12e8b_2293,11602.896
00e12e8b_2294,11602.068
00e12e8b_2295,11604.25
00e12e8b_2296,11603.576
00e12e8b_2297,11604.357
00e12e8b_2298,11602.677
00e12e8b_2299,11603.676
00e12e8b_2300,11603.058
00e12e8b_2301,11603.647
00e12e8b_2302,11603.061
00e12e8b_2303,11603.075
00e12e8b_2304,11602.25
00e12e8b_2305,11602.856
00e12e8b_2306,11600.98
00e12e8b_2307,11602.307
00e12e8b_2308,11601.078
00e12e8b_2309,11602.592
00e12e8b_2310,11600.841
00e12e8b_2311,11602.4
00e12e8b_2312,11601.635
00e12e8b_2313,11602.04
00e12e8b_2314,11602.38
00e12e8b_2315,11602.347
00e12e8b_2316,11603.592
00e12e8b_2317,11602.092
00e12e8b_2318,11603.098
00e12e8b_2319,11601.269
00e12e8b_2320,11602.938
00e12e8b_2321,11602.08
00e12e8b_2322,11602.467
00e12e8b_2323,11602.745
00e12e8b_2324,11602.849
00e12e8b_2325,11602.061
00e12e8b_2326,11604.354
00e12e8b_2327,11603.452
00e12e8b_2328,11604.631
00e12e8b_2329,11602.707
00e12e8b_2330,11603.175
00e12e8b_2331,11602.057
00e12e8b_2332,11603.631
00e12e8b_2333,11602.409
00e12e8b_2334,11603.31
00e12e8b_2335,11601.275
00e12e8b_2336,11602.612
00e12e8b_2337,11601.774
00e12e8b_2338,11604.027
00e12e8b_2339,11603.545
00e12e8b_2340,11604.482
00e12e8b_2341,11602.831
00e12e8b_2342,11603.528
00e12e8b_2343,11603.663
00e12e8b_2344,11601.24
00e12e8b_2345,11603.67
00e12e8b_2346,11602.667
00e12e8b_2347,11603.888
00e12e8b_2348,11602.197
00e12e8b_2349,11602.831
00e12e8b_2350,11601.964
00e12e8b_2351,11604.041
00e12e8b_2352,11603.183
00e12e8b_2353,11604.235
00e12e8b_2354,11602.696
00e12e8b_2355,11602.969
00e12e8b_2356,11601.674
00e12e8b_2357,11603.342
00e12e8b_2358,11602.312
00e12e8b_2359,11603.28
00e12e8b_2360,11601.241
00e12e8b_2361,11604.178
00e12e8b_2362,11602.192
00e12e8b_2363,11601.943
00e12e8b_2364,11600.762
00e12e8b_2365,11602.346
00e12e8b_2366,11602.119
00e12e8b_2367,11600.627
00e12e8b_2368,11601.648
00e12e8b_2369,11601.055
00e12e8b_2370,11601.742
00e12e8b_2371,11600.08
00e12e8b_2372,11601.651
00e12e8b_2373,11600.231
00e12e8b_2374,11602.054
00e12e8b_2375,11601.176
00e12e8b_2376,11602.998
00e12e8b_2377,11601.934
00e12e8b_2378,11603.356
00e12e8b_2379,11600.852
00e12e8b_2380,11603.695
00e12e8b_2381,11601.968
00e12e8b_2382,11601.519
00e12e8b_2383,11600.452
00e12e8b_2384,11602.256
00e12e8b_2385,11602.111
00e12e8b_2386,11603.65
00e12e8b_2387,11602.146
00e12e8b_2388,11603.317
00e12e8b_2389,11603.361
00e12e8b_2390,11602.967
00e12e8b_2391,11602.986
00e12e8b_2392,11602.966
00e12e8b_2393,11603.657
00e12e8b_2394,11601.205
00e12e8b_2395,11602.838
00e12e8b_2396,11601.615
00e12e8b_2397,11602.389
00e12e8b_2398,11599.22
00e12e8b_2399,11602.193
00e12e8b_2400,11600.748
00e12e8b_2401,11601.152
00e12e8b_2402,11600.094
00e12e8b_2403,11603.066
00e12e8b_2404,11603.241
00e12e8b_2405,11605.033
00e12e8b_2406,11602.521
00e12e8b_2407,11603.068
00e12e8b_2408,11601.79
00e12e8b_2409,11602.084
00e12e8b_2410,11601.426
00e12e8b_2411,11603.471
00e12e8b_2412,11601.136
00e12e8b_2413,11601.812
00e12e8b_2414,11600.586
00e12e8b_2415,11601.599
00e12e8b_2416,11600.809
00e12e8b_2417,11601.83
00e12e8b_2418,11601.889
00e12e8b_2419,11601.236
00e12e8b_2420,11599.467
00e12e8b_2421,11599.874
00e12e8b_2422,11599.916
00e12e8b_2423,11600.286
00e12e8b_2424,11601.9
00e12e8b_2425,11600.391
00e12e8b_2426,11601.138
00e12e8b_2427,11600.097
00e12e8b_2428,11600.893
00e12e8b_2429,11599.961
00e12e8b_2430,11601.265
00e12e8b_2431,11599.792
00e12e8b_2432,11601.6875
00e12e8b_2433,11599.877
00e12e8b_2434,11600.021
00e12e8b_2435,11598.322
00e12e8b_2436,11600.665
00e12e8b_2437,11599.689
00e12e8b_2438,11601.006
00e12e8b_2439,11598.492
00e12e8b_2440,11601.872
00e12e8b_2441,11600.576
00e12e8b_2442,11600.639
00e12e8b_2443,11599.956
00e12e8b_2444,11601.337
00e12e8b_2445,11600.295
00e12e8b_2446,11601.879
00e12e8b_2447,11600.422
00e12e8b_2448,11601.239
00e12e8b_2449,11601.576
00e12e8b_2450,11600.487
00e12e8b_2451,11602.06
00e12e8b_2452,11600.624
00e12e8b_2453,11601.542
00e12e8b_2454,11600.85
00e12e8b_2455,11601.556
00e12e8b_2456,11601.586
00e12e8b_2457,11601.396
00e12e8b_2458,11599.178
00e12e8b_2459,11601.2705
00e12e8b_2460,11600.146
00e12e8b_2461,11601.658
00e12e8b_2462,11599.883
00e12e8b_2463,11600.667
00e12e8b_2464,11599.739
00e12e8b_2465,11602.146
00e12e8b_2466,11600.806
00e12e8b_2467,11602.758
00e12e8b_2468,11601.845
00e12e8b_2469,11602.951
00e12e8b_2470,11601.104
00e12e8b_2471,11602.299
00e12e8b_2472,11601.003
00e12e8b_2473,11601.92
00e12e8b_2474,11599.955
00e12e8b_2475,11601.233
00e12e8b_2476,11599.935
00e12e8b_2477,11598.341
00e12e8b_2478,11600.294
00e12e8b_2479,11599.645
00e12e8b_2480,11601.803
00e12e8b_2481,11600.973
00e12e8b_2482,11601.536
00e12e8b_2483,11600.013
00e12e8b_2484,11601.614
00e12e8b_2485,11600.148
00e12e8b_2486,11601.4
00e12e8b_2487,11598.797
00e12e8b_2488,11602.177
00e12e8b_2489,11600.611
00e12e8b_2490,11600.2705
00e12e8b_2491,11598.509
00e12e8b_2492,11600.221
00e12e8b_2493,11599.248
00e12e8b_2494,11600.326
00e12e8b_2495,11599.504
00e12e8b_2496,11600.294
00e12e8b_2497,11599.824
00e12e8b_2498,11598.42
00e12e8b_2499,11599.366
00e12e8b_2500,11598.034
00e12e8b_2501,11598.791
00e12e8b_2502,11598.216
00e12e8b_2503,11598.885
00e12e8b_2504,11598.739
00e12e8b_2505,11599.122
00e12e8b_2506,11597.939
00e12e8b_2507,11600.025
00e12e8b_2508,11598.604
00e12e8b_2509,11599.151
00e12e8b_2510,11597.716
00e12e8b_2511,11598.22
00e12e8b_2512,11597.582
00e12e8b_2513,11599.657
00e12e8b_2514,11597.993
00e12e8b_2515,11598.959
00e12e8b_2516,11597.318
00e12e8b_2517,11598.545
00e12e8b_2518,11597.9
00e12e8b_2519,11597.107
00e12e8b_2520,11598.661
00e12e8b_2521,11597.948
00e12e8b_2522,11598.479
00e12e8b_2523,11597.505
00e12e8b_2524,11598.085
00e12e8b_2525,11597.637
00e12e8b_2526,11599.568
00e12e8b_2527,11597.349
00e12e8b_2528,11598.49
00e12e8b_2529,11596.436
00e12e8b_2530,11600.604
00e12e8b_2531,11599.303
00e12e8b_2532,11600.186
00e12e8b_2533,11598.756
00e12e8b_2534,11599.683
00e12e8b_2535,11598.467
00e12e8b_2536,11598.407
00e12e8b_2537,11598.591
00e12e8b_2538,11598.159
00e12e8b_2539,11598.424
00e12e8b_2540,11599.164
00e12e8b_2541,11599.123
00e12e8b_2542,11597.986
00e12e8b_2543,11601.024
00e12e8b_2544,11601.191
00e12e8b_2545,11602.315
00e12e8b_2546,11602.058
00e12e8b_2547,11601.388
00e12e8b_2548,11600.53
00e12e8b_2549,11599.014
00e12e8b_2550,11602.474
00e12e8b_2551,11600.26
00e12e8b_2552,11600.601
00e12e8b_2553,11599.06
00e12e8b_2554,11600.072
00e12e8b_2555,11599.568
00e12e8b_2556,11598.021
00e12e8b_2557,11600.509
00e12e8b_2558,11599.447
00e12e8b_2559,11599.251
00e12e8b_2560,11598.705
00e12e8b_2561,11599.467
00e12e8b_2562,11598.14
00e12e8b_2563,11597.904
00e12e8b_2564,11598.854
00e12e8b_2565,11598.729
00e12e8b_2566,11598.678
00e12e8b_2567,11597.148
00e12e8b_2568,11601.918
00e12e8b_2569,11599.754
00e12e8b_2570,11600.239
00e12e8b_2571,11599.93
00e12e8b_2572,11600.389
00e12e8b_2573,11599.888
00e12e8b_2574,11598.17
00e12e8b_2575,11601.775
00e12e8b_2576,11598.954
00e12e8b_2577,11599.627
00e12e8b_2578,11598.137
00e12e8b_2579,11599.932
00e12e8b_2580,11598.969
00e12e8b_2581,11598.404
00e12e8b_2582,11600.177
00e12e8b_2583,11600.231
00e12e8b_2584,11600.391
00e12e8b_2585,11598.441
00e12e8b_2586,11599.4375
00e12e8b_2587,11599.779
00e12e8b_2588,11598.029
00e12e8b_2589,11597.584
00e12e8b_2590,11600.304
00e12e8b_2591,11598.981
00e12e8b_2592,11599.745
00e12e8b_2593,11597.237
00e12e8b_2594,11602.216
00e12e8b_2595,11601.239
00e12e8b_2596,11601.338
00e12e8b_2597,11599.59
00e12e8b_2598,11600.952
00e12e8b_2599,11600.979
00e12e8b_2600,11598.788
00e12e8b_2601,11598.916
00e12e8b_2602,11601.149
00e12e8b_2603,11600.209
00e12e8b_2604,11600.8955
00e12e8b_2605,11600.486
00e12e8b_2606,11600.417
00e12e8b_2607,11600.692
00e12e8b_2608,11600.853
00e12e8b_2609,11602.801
00e12e8b_2610,11601.6875
00e12e8b_2611,11599.475
00e12e8b_2612,11600.895
00e12e8b_2613,11597.932
00e12e8b_2614,11600.383
00e12e8b_2615,11599.489
00e12e8b_2616,11598.331
00e12e8b_2617,11599.495
00e12e8b_2618,11600.005
00e12e8b_2619,11599.517
00e12e8b_2620,11599.014
00e12e8b_2621,11597.826
00e12e8b_2622,11600.895
00e12e8b_2623,11598.445
00e12e8b_2624,11597.875
00e12e8b_2625,11597.848
00e12e8b_2626,11598.085
00e12e8b_2627,11597.252
00e12e8b_2628,11596.495
00e12e8b_2629,11596.143
00e12e8b_2630,11600.06
00e12e8b_2631,11598.62
00e12e8b_2632,11598.441
00e12e8b_2633,11597.213
00e12e8b_2634,11598.822
00e12e8b_2635,11599.973
00e12e8b_2636,11597.307
00e12e8b_2637,11597.2
00e12e8b_2638,11598.814
00e12e8b_2639,11597.263
00e12e8b_2640,11598.178
00e12e8b_2641,11596.834
00e12e8b_2642,11598.454
00e12e8b_2643,11597.312
00e12e8b_2644,11596.317
00e12e8b_2645,11598.224
00e12e8b_2646,11598.227
00e12e8b_2647,11599.135
00e12e8b_2648,11597.381
00e12e8b_2649,11598.427
00e12e8b_2650,11596.961
00e12e8b_2651,11595.466
00e12e8b_2652,11596.551
00e12e8b_2653,11598.138
00e12e8b_2654,11596.88
00e12e8b_2655,11596.134
00e12e8b_2656,11596.494
00e12e8b_2657,11597.859
00e12e8b_2658,11596.566
00e12e8b_2659,11598.167
00e12e8b_2660,11599.669
00e12e8b_2661,11599.114
00e12e8b_2662,11597.836
00e12e8b_2663,11596.036
00e12e8b_2664,11600.3545
00e12e8b_2665,11598.387
00e12e8b_2666,11599.128
00e12e8b_2667,11597.234
00e12e8b_2668,11599.037
00e12e8b_2669,11598.231
00e12e8b_2670,11596.904
00e12e8b_2671,11600.028
00e12e8b_2672,11600.136
00e12e8b_2673,11600.758
00e12e8b_2674,11599.398
00e12e8b_2675,11600.631
00e12e8b_2676,11599.717
00e12e8b_2677,11601.33
00e12e8b_2678,11599.948
00e12e8b_2679,11600.535
00e12e8b_2680,11599.445
00e12e8b_2681,11600.518
00e12e8b_2682,11600.931
00e12e8b_2683,11598.611
00e12e8b_2684,11601.1455
00e12e8b_2685,11599.819
00e12e8b_2686,11600.922
00e12e8b_2687,11598.054
00e12e8b_2688,11601.533
00e12e8b_2689,11599.0205
00e12e8b_2690,11599.292
00e12e8b_2691,11597.158
00e12e8b_2692,11599.084
00e12e8b_2693,11598.643
00e12e8b_2694,11601.039
00e12e8b_2695,11599.4795
00e12e8b_2696,11600.33
00e12e8b_2697,11600.359
00e12e8b_2698,11600.311
00e12e8b_2699,11601.798
00e12e8b_2700,11600.446
00e12e8b_2701,11599.786
00e12e8b_2702,11598.838
00e12e8b_2703,11598.76
00e12e8b_2704,11599.636
00e12e8b_2705,11599.037
00e12e8b_2706,11598.067
00e12e8b_2707,11600.275
00e12e8b_2708,11599.216
00e12e8b_2709,11600.424
00e12e8b_2710,11599.68
00e12e8b_2711,11601.073
00e12e8b_2712,11600.763
00e12e8b_2713,11601.604
00e12e8b_2714,11600.018
00e12e8b_2715,11600.526
00e12e8b_2716,11599.646
00e12e8b_2717,11600.037
00e12e8b_2718,11599.322
00e12e8b_2719,11600.701
00e12e8b_2720,11599.16
00e12e8b_2721,11600.177
00e12e8b_2722,11599.459
00e12e8b_2723,11601.471
00e12e8b_2724,11600.84
00e12e8b_2725,11602.487
00e12e8b_2726,11601.177
00e12e8b_2727,11601.335
00e12e8b_2728,11599.386
00e12e8b_2729,11600.698
00e12e8b_2730,11600.161
00e12e8b_2731,11600.541
00e12e8b_2732,11600.666
00e12e8b_2733,11598.436
00e12e8b_2734,11600.756
00e12e8b_2735,11600.219
00e12e8b_2736,11601.721
00e12e8b_2737,11600.758
00e12e8b_2738,11601.127
00e12e8b_2739,11599.786
00e12e8b_2740,11601.131
00e12e8b_2741,11600.061
00e12e8b_2742,11601.0205
00e12e8b_2743,11600.01
00e12e8b_2744,11601.064
00e12e8b_2745,11600.653
00e12e8b_2746,11602.206
00e12e8b_2747,11600.062
00e12e8b_2748,11601.77
00e12e8b_2749,11598.685
00e12e8b_2750,11600.86
00e12e8b_2751,11599.111
00e12e8b_2752,11598.997
00e12e8b_2753,11599.666
00e12e8b_2754,11598.24
00e12e8b_2755,11598.928
00e12e8b_2756,11597.937
00e12e8b_2757,11600.128
00e12e8b_2758,11598.865
00e12e8b_2759,11600.27
00e12e8b_2760,11599.012
00e12e8b_2761,11600.174
00e12e8b_2762,11599.394
00e12e8b_2763,11599.812
00e12e8b_2764,11600.378
00e12e8b_2765,11598.904
00e12e8b_2766,11597.1045
00e12e8b_2767,11598.638
00e12e8b_2768,11598.916
00e12e8b_2769,11598.813
00e12e8b_2770,11599.247
00e12e8b_2771,11600.072
00e12e8b_2772,11599.107
00e12e8b_2773,11599.923
00e12e8b_2774,11599.775
00e12e8b_2775,11600.565
00e12e8b_2776,11599.622
00e12e8b_2777,11598.234
00e12e8b_2778,11598.957
00e12e8b_2779,11598.117
00e12e8b_2780,11598.573
00e12e8b_2781,11599.275
00e12e8b_2782,11599.452
00e12e8b_2783,11598.196
00e12e8b_2784,11599.862
00e12e8b_2785,11598.193
00e12e8b_2786,11600.252
00e12e8b_2787,11601.217
00e12e8b_2788,11599.641
00e12e8b_2789,11602.498
00e12e8b_2790,11599.257
00e12e8b_2791,11599.994
00e12e8b_2792,11599.404
00e12e8b_2793,11599.708
00e12e8b_2794,11599.843
00e12e8b_2795,11600.196
00e12e8b_2796,11598.325
00e12e8b_2797,11598.795
00e12e8b_2798,11599.748
00e12e8b_2799,11599.842
00e12e8b_2800,11601.261
00e12e8b_2801,11602.477
00e12e8b_2802,11600.972
00e12e8b_2803,11601.99
00e12e8b_2804,11598.026
00e12e8b_2805,11601.72
00e12e8b_2806,11599.7295
00e12e8b_2807,11600.062
00e12e8b_2808,11602.172
00e12e8b_2809,11598.232
00e12e8b_2810,11601.726
00e12e8b_2811,11599.625
00e12e8b_2812,11600.077
00e12e8b_2813,11600.843
00e12e8b_2814,11599.433
00e12e8b_2815,11600.519
00e12e8b_2816,11600.154
00e12e8b_2817,11597.661
00e12e8b_2818,11599.8955
00e12e8b_2819,11596.6
00e12e8b_2820,11598.15
00e12e8b_2821,11598.873
00e12e8b_2822,11596.846
00e12e8b_2823,11600.503
00e12e8b_2824,11597.746
00e12e8b_2825,11599.262
00e12e8b_2826,11598.945
00e12e8b_2827,11598.412
00e12e8b_2828,11600.072
00e12e8b_2829,11596.95
00e12e8b_2830,11599.546
00e12e8b_2831,11597.884
00e12e8b_2832,11599.61
00e12e8b_2833,11597.698
00e12e8b_2834,11599.344
00e12e8b_2835,11598.627
00e12e8b_2836,11597.727
00e12e8b_2837,11600.664
00e12e8b_2838,11598.234
00e12e8b_2839,11600.514
00e12e8b_2840,11598.42
00e12e8b_2841,11598.986
00e12e8b_2842,11597.65
00e12e8b_2843,11598.474
00e12e8b_2844,11597.5625
00e12e8b_2845,11598.367
00e12e8b_2846,11596.592
00e12e8b_2847,11598.791
00e12e8b_2848,11597.071
00e12e8b_2849,11599.026
00e12e8b_2850,11597.893
00e12e8b_2851,11600.738
00e12e8b_2852,11599.707
00e12e8b_2853,11601.198
00e12e8b_2854,11598.561
00e12e8b_2855,11599.57
00e12e8b_2856,11598.503
00e12e8b_2857,11600.328
00e12e8b_2858,11598.606
00e12e8b_2859,11599.742
00e12e8b_2860,11597.672
00e12e8b_2861,11599.373
00e12e8b_2862,11598.765
00e12e8b_2863,11600.6455
00e12e8b_2864,11599.466
00e12e8b_2865,11600.69
00e12e8b_2866,11599.379
00e12e8b_2867,11599.67
00e12e8b_2868,11598.72
00e12e8b_2869,11597.819
00e12e8b_2870,11599.678
00e12e8b_2871,11597.008
00e12e8b_2872,11599.278
00e12e8b_2873,11597.664
00e12e8b_2874,11598.99
00e12e8b_2875,11597.449
00e12e8b_2876,11597.623
00e12e8b_2877,11596.486
00e12e8b_2878,11596.427
00e12e8b_2879,11597.991
00e12e8b_2880,11596.222
00e12e8b_2881,11597.994
00e12e8b_2882,11596.006
00e12e8b_2883,11595.908
00e12e8b_2884,11595.471
00e12e8b_2885,11595.942
00e12e8b_2886,11598.98
00e12e8b_2887,11596.81
00e12e8b_2888,11598.271
00e12e8b_2889,11598.683
00e12e8b_2890,11597.82
00e12e8b_2891,11600.759
00e12e8b_2892,11597.705
00e12e8b_2893,11599.011
00e12e8b_2894,11597.519
00e12e8b_2895,11597.213
00e12e8b_2896,11599.193
00e12e8b_2897,11598.169
00e12e8b_2898,11597.11
00e12e8b_2899,11599.942
00e12e8b_2900,11598.054
00e12e8b_2901,11598.945
00e12e8b_2902,11598.708
00e12e8b_2903,11598.794
00e12e8b_2904,11600.864
00e12e8b_2905,11598.412
00e12e8b_2906,11597.934
00e12e8b_2907,11599.614
00e12e8b_2908,11598.146
00e12e8b_2909,11597.182
00e12e8b_2910,11600.353
00e12e8b_2911,11597.654
00e12e8b_2912,11598.166
00e12e8b_2913,11597.695
00e12e8b_2914,11598.715
00e12e8b_2915,11601.221
00e12e8b_2916,11599.931
00e12e8b_2917,11599.743
00e12e8b_2918,11601.713
00e12e8b_2919,11598.594
00e12e8b_2920,11599.69
00e12e8b_2921,11598.904
00e12e8b_2922,11598.931
00e12e8b_2923,11600.935
00e12e8b_2924,11600.45
00e12e8b_2925,11598.173
00e12e8b_2926,11600.58
00e12e8b_2927,11598.427
00e12e8b_2928,11601.287
00e12e8b_2929,11600.399
00e12e8b_2930,11600.143
00e12e8b_2931,11599.9
00e12e8b_2932,11598.702
00e12e8b_2933,11601.633
00e12e8b_2934,11599.1
00e12e8b_2935,11600.447
00e12e8b_2936,11600.394
00e12e8b_2937,11599.13
00e12e8b_2938,11601.784
00e12e8b_2939,11598.481
00e12e8b_2940,11600.904
00e12e8b_2941,11599.732
00e12e8b_2942,11598.971
00e12e8b_2943,11599.067
00e12e8b_2944,11598.123
00e12e8b_2945,11600.144
00e12e8b_2946,11596.328
00e12e8b_2947,11598.236
00e12e8b_2948,11597.639
00e12e8b_2949,11598.554
00e12e8b_2950,11597.418
00e12e8b_2951,11598.675
00e12e8b_2952,11598.314
00e12e8b_2953,11597.815
00e12e8b_2954,11599.378
00e12e8b_2955,11599.062
00e12e8b_2956,11599.803
00e12e8b_2957,11597.034
00e12e8b_2958,11598.735
00e12e8b_2959,11598.073
00e12e8b_2960,11599.62
00e12e8b_2961,11598.136
00e12e8b_2962,11599.158
00e12e8b_2963,11598.008
00e12e8b_2964,11599.436
00e12e8b_2965,11598.511
00e12e8b_2966,11600.442
00e12e8b_2967,11598.948
00e12e8b_2968,11600.209
00e12e8b_2969,11598.906
00e12e8b_2970,11600.451
00e12e8b_2971,11598.216
00e12e8b_2972,11599.466
00e12e8b_2973,11597.175
00e12e8b_2974,11599.018
00e12e8b_2975,11597.353
00e12e8b_2976,11598.484
00e12e8b_2977,11597.361
00e12e8b_2978,11599.403
00e12e8b_2979,11598.164
00e12e8b_2980,11600.365
00e12e8b_2981,11599.334
00e12e8b_2982,11599.763
00e12e8b_2983,11598.224
00e12e8b_2984,11598.017
00e12e8b_2985,11600.389
00e12e8b_2986,11597.885
00e12e8b_2987,11599.884
00e12e8b_2988,11598.101
00e12e8b_2989,11599.037
00e12e8b_2990,11598.193
00e12e8b_2991,11600.428
00e12e8b_2992,11600.122
00e12e8b_2993,11600.895
00e12e8b_2994,11600.925
00e12e8b_2995,11599.96
00e12e8b_2996,11600.367
00e12e8b_2997,11598.119
00e12e8b_2998,11600.717
00e12e8b_2999,11598.818
00e12e8b_3000,11599.939
00e12e8b_3001,11599.362
00e12e8b_3002,11599.773
00e12e8b_3003,11599.461
00e12e8b_3004,11598.603
00e12e8b_3005,11601.031
00e12e8b_3006,11598.339
00e12e8b_3007,11599.38
00e12e8b_3008,11598.99
00e12e8b_3009,11597.829
00e12e8b_3010,11598.584
00e12e8b_3011,11595.283
00e12e8b_3012,11596.635
00e12e8b_3013,11596.99
00e12e8b_3014,11597.189
00e12e8b_3015,11598.419
00e12e8b_3016,11596.369
00e12e8b_3017,11599.373
00e12e8b_3018,11598.255
00e12e8b_3019,11599.633
00e12e8b_3020,11599.462
00e12e8b_3021,11598.025
00e12e8b_3022,11598.935
00e12e8b_3023,11597.05
00e12e8b_3024,11598.999
00e12e8b_3025,11597.428
00e12e8b_3026,11597.158
00e12e8b_3027,11597.92
00e12e8b_3028,11595.872
00e12e8b_3029,11596.685
00e12e8b_3030,11597.225
00e12e8b_3031,11597.256
00e12e8b_3032,11598.021
00e12e8b_3033,11595.486
00e12e8b_3034,11597.761
00e12e8b_3035,11595.9
00e12e8b_3036,11597.359
00e12e8b_3037,11595.643
00e12e8b_3038,11596.834
00e12e8b_3039,11596.99
00e12e8b_3040,11595.506
00e12e8b_3041,11598.292
00e12e8b_3042,11597.893
00e12e8b_3043,11599.29
00e12e8b_3044,11601.56
00e12e8b_3045,11597.567
00e12e8b_3046,11601.135
00e12e8b_3047,11598.213
00e12e8b_3048,11597.81
00e12e8b_3049,11600.083
00e12e8b_3050,11597.016
00e12e8b_3051,11600.732
00e12e8b_3052,11598.61
00e12e8b_3053,11598.636
00e12e8b_3054,11600.114
00e12e8b_3055,11598.202
00e12e8b_3056,11601.825
00e12e8b_3057,11601.018
00e12e8b_3058,11599.256
00e12e8b_3059,11601.68
00e12e8b_3060,11598.109
00e12e8b_3061,11600.234
00e12e8b_3062,11599.96
00e12e8b_3063,11598.592
00e12e8b_3064,11601.735
00e12e8b_3065,11601.266
00e12e8b_3066,11600.423
00e12e8b_3067,11601.524
00e12e8b_3068,11598.009
00e12e8b_3069,11601.639
00e12e8b_3070,11599.471
00e12e8b_3071,11598.67
00e12e8b_3072,11601.255
00e12e8b_3073,11596.581
00e12e8b_3074,11600.232
00e12e8b_3075,11596.932
00e12e8b_3076,11597.193
00e12e8b_3077,11598.642
00e12e8b_3078,11597.787
00e12e8b_3079,11599.424
00e12e8b_3080,11599.014
00e12e8b_3081,11597.404
00e12e8b_3082,11600.957
00e12e8b_3083,11598.255
00e12e8b_3084,11599.581
00e12e8b_3085,11599.584
00e12e8b_3086,11597.349
00e12e8b_3087,11600.245
00e12e8b_3088,11597.672
00e12e8b_3089,11599.163
00e12e8b_3090,11598.91
00e12e8b_3091,11599.164
00e12e8b_3092,11599.3955
00e12e8b_3093,11600.305
00e12e8b_3094,11599.084
00e12e8b_3095,11600.363
00e12e8b_3096,11600.959
00e12e8b_3097,11600.471
00e12e8b_3098,11601.117
00e12e8b_3099,11600.327
00e12e8b_3100,11599.805
00e12e8b_3101,11601.967
00e12e8b_3102,11598.68
00e12e8b_3103,11601.061
00e12e8b_3104,11599.349
00e12e8b_3105,11599.575
00e12e8b_3106,11601.936
00e12e8b_3107,11601.122
00e12e8b_3108,11603.197
00e12e8b_3109,11601.825
00e12e8b_3110,11599.906
00e12e8b_3111,11601.769
00e12e8b_3112,11600.186
00e12e8b_3113,11601.446
00e12e8b_3114,11600.51
00e12e8b_3115,11601.461
00e12e8b_3116,11601.253
00e12e8b_3117,11601.932
00e12e8b_3118,11601.721
00e12e8b_3119,11601.109
00e12e8b_3120,11603.986
00e12e8b_3121,11601.037
00e12e8b_3122,11603.109
00e12e8b_3123,11600.857
00e12e8b_3124,11600.866
00e12e8b_3125,11601.695
00e12e8b_3126,11600.302
00e12e8b_3127,11602.158
00e12e8b_3128,11601.513
00e12e8b_3129,11599.33
00e12e8b_3130,11601.901
00e12e8b_3131,11600.285
00e12e8b_3132,11601.031
00e12e8b_3133,11599.649
00e12e8b_3134,11600.011
00e12e8b_3135,11600.169
00e12e8b_3136,11600.978
00e12e8b_3137,11598.557
00e12e8b_3138,11599.308
00e12e8b_3139,11599.193
00e12e8b_3140,11598.69
00e12e8b_3141,11600.969
00e12e8b_3142,11600.515
00e12e8b_3143,11601.066
00e12e8b_3144,11601.887
00e12e8b_3145,11598.484
00e12e8b_3146,11602.798
00e12e8b_3147,11601.175
00e12e8b_3148,11600.834
00e12e8b_3149,11601.957
00e12e8b_3150,11599.729
00e12e8b_3151,11601.474
00e12e8b_3152,11600.213
00e12e8b_3153,11601.073
00e12e8b_3154,11601.053
00e12e8b_3155,11601.476
00e12e8b_3156,11599.807
00e12e8b_3157,11601.157
00e12e8b_3158,11602.265
00e12e8b_3159,11602.323
00e12e8b_3160,11603.886
00e12e8b_3161,11602.398
00e12e8b_3162,11602.567
00e12e8b_3163,11602.769
00e12e8b_3164,11598.919
00e12e8b_3165,11602.732
00e12e8b_3166,11600.373
00e12e8b_3167,11600.984
00e12e8b_3168,11602.155
00e12e8b_3169,11600.236
00e12e8b_3170,11603.05
00e12e8b_3171,11602.773
00e12e8b_3172,11601.318
00e12e8b_3173,11603.516
00e12e8b_3174,11601.804
00e12e8b_3175,11602.174
00e12e8b_3176,11600.942
00e12e8b_3177,11602.564
00e12e8b_3178,11602.193
00e12e8b_3179,11603.435
00e12e8b_3180,11603.11
00e12e8b_3181,11602.511
00e12e8b_3182,11603.481
00e12e8b_3183,11600.1455
00e12e8b_3184,11604.549
00e12e8b_3185,11602.296
00e12e8b_3186,11602.09
00e12e8b_3187,11602.146
00e12e8b_3188,11600.865
00e12e8b_3189,11602.578
00e12e8b_3190,11601.211
00e12e8b_3191,11600.244
00e12e8b_3192,11602.846
00e12e8b_3193,11601.682
00e12e8b_3194,11602.072
00e12e8b_3195,11600.81
00e12e8b_3196,11602.354
00e12e8b_3197,11601.752
00e12e8b_3198,11602.568
00e12e8b_3199,11601.037
00e12e8b_3200,11602.116
00e12e8b_3201,11602.408
00e12e8b_3202,11597.964
00e12e8b_3203,11601.442
00e12e8b_3204,11598.549
00e12e8b_3205,11599.654
00e12e8b_3206,11599.864
00e12e8b_3207,11599.481
00e12e8b_3208,11600.912
00e12e8b_3209,11599.408
00e12e8b_3210,11600.959
00e12e8b_3211,11600.262
00e12e8b_3212,11600.857
00e12e8b_3213,11598.137
00e12e8b_3214,11599.295
00e12e8b_3215,11598.364
00e12e8b_3216,11596.936
00e12e8b_3217,11599.512
00e12e8b_3218,11597.508
00e12e8b_3219,11598.442
00e12e8b_3220,11598.022
00e12e8b_3221,11598.414
00e12e8b_3222,11599.507
00e12e8b_3223,11598.303
00e12e8b_3224,11597.656
00e12e8b_3225,11598.619
00e12e8b_3226,11598.537
00e12e8b_3227,11597.781
00e12e8b_3228,11598.979
00e12e8b_3229,11598.862
00e12e8b_3230,11598.366
00e12e8b_3231,11598.455
00e12e8b_3232,11596.966
00e12e8b_3233,11598.083
00e12e8b_3234,11596.908
00e12e8b_3235,11596.86
00e12e8b_3236,11597.883
00e12e8b_3237,11597.008
00e12e8b_3238,11597.281
00e12e8b_3239,11597.1045
00e12e8b_3240,11597.982
00e12e8b_3241,11596.735
00e12e8b_3242,11599.32
00e12e8b_3243,11597.729
00e12e8b_3244,11598.704
00e12e8b_3245,11597.928
00e12e8b_3246,11599.255
00e12e8b_3247,11599.221
00e12e8b_3248,11600.667
00e12e8b_3249,11599.511
00e12e8b_3250,11600.463
00e12e8b_3251,11600.53
00e12e8b_3252,11600.039
00e12e8b_3253,11600.885
00e12e8b_3254,11599.693
00e12e8b_3255,11601.283
00e12e8b_3256,11600.814
00e12e8b_3257,11602.256
00e12e8b_3258,11601.709
00e12e8b_3259,11602.269
00e12e8b_3260,11602.053
00e12e8b_3261,11601.794
00e12e8b_3262,11602.404
00e12e8b_3263,11598.606
00e12e8b_3264,11602.732
00e12e8b_3265,11599.522
00e12e8b_3266,11599.753
00e12e8b_3267,11598.707
00e12e8b_3268,11599.986
00e12e8b_3269,11599.85
00e12e8b_3270,11601.415
00e12e8b_3271,11601.309
00e12e8b_3272,11601.099
00e12e8b_3273,11601.756
00e12e8b_3274,11600.745
00e12e8b_3275,11602.134
00e12e8b_3276,11600.841
00e12e8b_3277,11599.256
00e12e8b_3278,11600.479
00e12e8b_3279,11600.217
00e12e8b_3280,11600.404
00e12e8b_3281,11601.736
00e12e8b_3282,11599.738
00e12e8b_3283,11601.173
00e12e8b_3284,11600.775
00e12e8b_3285,11601.307
00e12e8b_3286,11601.61
00e12e8b_3287,11602.787
00e12e8b_3288,11602.119
00e12e8b_3289,11601.166
00e12e8b_3290,11602.547
00e12e8b_3291,11599.877
00e12e8b_3292,11601.3125
00e12e8b_3293,11600.524
00e12e8b_3294,11601.279
00e12e8b_3295,11600.755
00e12e8b_3296,11601.65
00e12e8b_3297,11599.029
00e12e8b_3298,11602.219
00e12e8b_3299,11601.609
00e12e8b_3300,11602.18
00e12e8b_3301,11603.561
00e12e8b_3302,11601.242
00e12e8b_3303,11602.8
00e12e8b_3304,11601.013
00e12e8b_3305,11602.682
00e12e8b_3306,11601.484
00e12e8b_3307,11602.451
00e12e8b_3308,11600.571
00e12e8b_3309,11601.263
00e12e8b_3310,11600.533
00e12e8b_3311,11602.131
00e12e8b_3312,11602.129
00e12e8b_3313,11603.357
00e12e8b_3314,11601.389
00e12e8b_3315,11601.57
00e12e8b_3316,11600.611
00e12e8b_3317,11598.599
00e12e8b_3318,11601.349
00e12e8b_3319,11600.407
00e12e8b_3320,11601.725
00e12e8b_3321,11600.511
00e12e8b_3322,11601.803
00e12e8b_3323,11601.107
00e12e8b_3324,11602.486
00e12e8b_3325,11599.776
00e12e8b_3326,11601.539
00e12e8b_3327,11600.653
00e12e8b_3328,11601.706
00e12e8b_3329,11599.878
00e12e8b_3330,11600.445
00e12e8b_3331,11597.703
00e12e8b_3332,11599.31
00e12e8b_3333,11598.727
00e12e8b_3334,11600.58
00e12e8b_3335,11599.997
00e12e8b_3336,11601.267
00e12e8b_3337,11601.123
00e12e8b_3338,11601.339
00e12e8b_3339,11601.601
00e12e8b_3340,11600.458
00e12e8b_3341,11600.961
00e12e8b_3342,11599.3545
00e12e8b_3343,11601.041
00e12e8b_3344,11599.5205
00e12e8b_3345,11600.838
00e12e8b_3346,11599.412
00e12e8b_3347,11599.786
00e12e8b_3348,11599.15
00e12e8b_3349,11598.265
00e12e8b_3350,11600.411
00e12e8b_3351,11600.435
00e12e8b_3352,11600.655
00e12e8b_3353,11600.998
00e12e8b_3354,11598.685
00e12e8b_3355,11599.837
00e12e8b_3356,11599.234
00e12e8b_3357,11600.362
00e12e8b_3358,11599.736
00e12e8b_3359,11600.352
00e12e8b_3360,11598.465
00e12e8b_3361,11599.932
00e12e8b_3362,11599.8125
00e12e8b_3363,11601.71
00e12e8b_3364,11602.663
00e12e8b_3365,11600.72
00e12e8b_3366,11601.795
00e12e8b_3367,11601.9
00e12e8b_3368,11600.675
00e12e8b_3369,11599.987
00e12e8b_3370,11601.39
00e12e8b_3371,11599.572
00e12e8b_3372,11600.734
00e12e8b_3373,11599.948
00e12e8b_3374,11600.205
00e12e8b_3375,11599.099
00e12e8b_3376,11601.037
00e12e8b_3377,11600.474
00e12e8b_3378,11601.214
00e12e8b_3379,11600.549
00e12e8b_3380,11600.476
00e12e8b_3381,11598.604
00e12e8b_3382,11599.4795
00e12e8b_3383,11598.944
00e12e8b_3384,11600.705
00e12e8b_3385,11599.735
00e12e8b_3386,11599.826
00e12e8b_3387,11598.209
00e12e8b_3388,11599.886
00e12e8b_3389,11598.732
00e12e8b_3390,11599.482
00e12e8b_3391,11599.45
00e12e8b_3392,11600.482
00e12e8b_3393,11598.163
00e12e8b_3394,11598.537
00e12e8b_3395,11596.712
00e12e8b_3396,11598.519
00e12e8b_3397,11598.362
00e12e8b_3398,11599.003
00e12e8b_3399,11599.399
00e12e8b_3400,11599.477
00e12e8b_3401,11600.159
00e12e8b_3402,11599.065
00e12e8b_3403,11600.79
00e12e8b_3404,11599.041
00e12e8b_3405,11600.042
00e12e8b_3406,11599.336
00e12e8b_3407,11599.655
00e12e8b_3408,11598.359
00e12e8b_3409,11599.523
00e12e8b_3410,11599.075
00e12e8b_3411,11600.037
00e12e8b_3412,11599.539
00e12e8b_3413,11600.482
00e12e8b_3414,11599.564
00e12e8b_3415,11600.594
00e12e8b_3416,11599.869
00e12e8b_3417,11600.369
00e12e8b_3418,11599.676
00e12e8b_3419,11599.821
00e12e8b_3420,11598.244
00e12e8b_3421,11599.188
00e12e8b_3422,11598.279
00e12e8b_3423,11599.414
00e12e8b_3424,11599.223
00e12e8b_3425,11600.092
00e12e8b_3426,11598.8955
00e12e8b_3427,11601.613
00e12e8b_3428,11601.272
00e12e8b_3429,11602.425
00e12e8b_3430,11601.332
00e12e8b_3431,11601.518
00e12e8b_3432,11599.654
00e12e8b_3433,11600.529
00e12e8b_3434,11600.209
00e12e8b_3435,11601.403
00e12e8b_3436,11600.359
00e12e8b_3437,11600.649
00e12e8b_3438,11599.654
00e12e8b_3439,11600.704
00e12e8b_3440,11600.838
00e12e8b_3441,11602.756
00e12e8b_3442,11601.716
00e12e8b_3443,11601.989
00e12e8b_3444,11601.514
00e12e8b_3445,11601.325
00e12e8b_3446,11601.937
00e12e8b_3447,11601.058
00e12e8b_3448,11602.406
00e12e8b_3449,11600.8
00e12e8b_3450,11602.104
00e12e8b_3451,11600.784
00e12e8b_3452,11601.603
00e12e8b_3453,11599.383
00e12e8b_3454,11600.977
00e12e8b_3455,11600.031
00e12e8b_3456,11601.14
00e12e8b_3457,11599.791
00e12e8b_3458,11600.207
00e12e8b_3459,11597.774
00e12e8b_3460,11598.92
00e12e8b_3461,11598.745
00e12e8b_3462,11600.123
00e12e8b_3463,11599.627
00e12e8b_3464,11600.426
00e12e8b_3465,11599.014
00e12e8b_3466,11600.653
00e12e8b_3467,11600.248
00e12e8b_3468,11601.002
00e12e8b_3469,11600.28
00e12e8b_3470,11600.668
00e12e8b_3471,11599.123
00e12e8b_3472,11600.144
00e12e8b_3473,11599.882
00e12e8b_3474,11601.08
00e12e8b_3475,11600.143
00e12e8b_3476,11601.198
00e12e8b_3477,11600.206
00e12e8b_3478,11601.076
00e12e8b_3479,11600.802
00e12e8b_3480,11601.75
00e12e8b_3481,11601.414
00e12e8b_3482,11601.346
00e12e8b_3483,11599.123
00e12e8b_3484,11600.732
00e12e8b_3485,11600.119
00e12e8b_3486,11600.87
00e12e8b_3487,11600.43
00e12e8b_3488,11601.019
00e12e8b_3489,11598.794
00e12e8b_3490,11601.538
00e12e8b_3491,11601.37
00e12e8b_3492,11602.178
00e12e8b_3493,11602.256
00e12e8b_3494,11602.527
00e12e8b_3495,11601.384
00e12e8b_3496,11600.486
00e12e8b_3497,11602.43
00e12e8b_3498,11600.272
00e12e8b_3499,11601.732
00e12e8b_3500,11600.735
00e12e8b_3501,11601.506
00e12e8b_3502,11600.956
00e12e8b_3503,11602.082
00e12e8b_3504,11600.994
00e12e8b_3505,11602.411
00e12e8b_3506,11601.641
00e12e8b_3507,11602.278
00e12e8b_3508,11600.928
00e12e8b_3509,11601.799
00e12e8b_3510,11600.1875
00e12e8b_3511,11601.487
00e12e8b_3512,11601.065
00e12e8b_3513,11599.257
00e12e8b_3514,11601.746
00e12e8b_3515,11600.2705
00e12e8b_3516,11601.1875
00e12e8b_3517,11599.867
00e12e8b_3518,11600.736
00e12e8b_3519,11600.745
00e12e8b_3520,11601.784
00e12e8b_3521,11598.814
00e12e8b_3522,11599.933
00e12e8b_3523,11598.226
00e12e8b_3524,11599.185
00e12e8b_3525,11599.293
00e12e8b_3526,11600.33
00e12e8b_3527,11598.611
00e12e8b_3528,11599.95
00e12e8b_3529,11599.546
00e12e8b_3530,11600.222
00e12e8b_3531,11600.516
00e12e8b_3532,11600.885
00e12e8b_3533,11599.861
00e12e8b_3534,11599.554
00e12e8b_3535,11601.334
00e12e8b_3536,11598.932
00e12e8b_3537,11600.758
00e12e8b_3538,11600.139
00e12e8b_3539,11600.753
00e12e8b_3540,11600.853
00e12e8b_3541,11602.094
00e12e8b_3542,11599.666
00e12e8b_3543,11602.597
00e12e8b_3544,11601.06
00e12e8b_3545,11600.573
00e12e8b_3546,11601.6
00e12e8b_3547,11599.18
00e12e8b_3548,11601.449
00e12e8b_3549,11599.87
00e12e8b_3550,11600.869
00e12e8b_3551,11600.107
00e12e8b_3552,11600.748
00e12e8b_3553,11598.651
00e12e8b_3554,11600.921
00e12e8b_3555,11600.963
00e12e8b_3556,11601.505
00e12e8b_3557,11602.136
00e12e8b_3558,11601.941
00e12e8b_3559,11600.9
00e12e8b_3560,11600.002
00e12e8b_3561,11602.178
00e12e8b_3562,11599.252
00e12e8b_3563,11601.202
00e12e8b_3564,11599.169
00e12e8b_3565,11598.711
00e12e8b_3566,11599.072
00e12e8b_3567,11599.643
00e12e8b_3568,11600.662
00e12e8b_3569,11601.667
00e12e8b_3570,11601.217
00e12e8b_3571,11599.782
00e12e8b_3572,11601.275
00e12e8b_3573,11599.036
00e12e8b_3574,11599.922
00e12e8b_3575,11599.825
00e12e8b_3576,11598.518
00e12e8b_3577,11599.814
00e12e8b_3578,11599.221
00e12e8b_3579,11599.099
00e12e8b_3580,11600.235
00e12e8b_3581,11599.068
00e12e8b_3582,11599.396
00e12e8b_3583,11600.281
00e12e8b_3584,11597.732
00e12e8b_3585,11598.789
00e12e8b_3586,11596.875
00e12e8b_3587,11597.428
00e12e8b_3588,11597.076
00e12e8b_3589,11597.886
00e12e8b_3590,11598.188
00e12e8b_3591,11598.029
00e12e8b_3592,11598.298
00e12e8b_3593,11597.19
00e12e8b_3594,11598.774
00e12e8b_3595,11597.307
00e12e8b_3596,11595.811
00e12e8b_3597,11596.885
00e12e8b_3598,11596.444
00e12e8b_3599,11595.425
00e12e8b_3600,11596.779
00e12e8b_3601,11597.065
00e12e8b_3602,11595.256
00e12e8b_3603,11595.6
00e12e8b_3604,11594.942
00e12e8b_3605,11594.532
00e12e8b_3606,11593.078
00e12e8b_3607,11594.873
00e12e8b_3608,11593.452
00e12e8b_3609,11593.717
00e12e8b_3610,11592.778
00e12e8b_3611,11592.067
00e12e8b_3612,11591.682
00e12e8b_3613,11593.698
00e12e8b_3614,11592.929
00e12e8b_3615,11593.721
00e12e8b_3616,11592.303
00e12e8b_3617,11593.467
00e12e8b_3618,11593.174
00e12e8b_3619,11594.508
00e12e8b_3620,11595.797
00e12e8b_3621,11593.198
00e12e8b_3622,11594.818
00e12e8b_3623,11593.552
00e12e8b_3624,11594.313
00e12e8b_3625,11592.667
00e12e8b_3626,11593.214
00e12e8b_3627,11591.686
00e12e8b_3628,11593.366
00e12e8b_3629,11591.13
00e12e8b_3630,11591.236
00e12e8b_3631,11590.4795
00e12e8b_3632,11590.064
00e12e8b_3633,11589.865
00e12e8b_3634,11588.336
00e12e8b_3635,11589.486
00e12e8b_3636,11588.183
00e12e8b_3637,11588.065
00e12e8b_3638,11588.158
00e12e8b_3639,11590.981
00e12e8b_3640,11588.542
00e12e8b_3641,11589.88
00e12e8b_3642,11589.436
00e12e8b_3643,11588.549
00e12e8b_3644,11587.442
00e12e8b_3645,11589.795
00e12e8b_3646,11588.784
00e12e8b_3647,11589.307
00e12e8b_3648,11589.114
00e12e8b_3649,11588.577
00e12e8b_3650,11588.356
00e12e8b_3651,11590.502
00e12e8b_3652,11591.067
00e12e8b_3653,11593.298
00e12e8b_3654,11593.784
00e12e8b_3655,11594.457
00e12e8b_3656,11594.743
00e12e8b_3657,11597.154
00e12e8b_3658,11596.745
00e12e8b_3659,11597.65
00e12e8b_3660,11595.816
00e12e8b_3661,11597.589
00e12e8b_3662,11596.467
00e12e8b_3663,11595.662
00e12e8b_3664,11595.828
00e12e8b_3665,11595.744
00e12e8b_3666,11596.408
00e12e8b_3667,11595.487
00e12e8b_3668,11596.465
00e12e8b_3669,11595.35
00e12e8b_3670,11597.924
00e12e8b_3671,11597.803
00e12e8b_3672,11598.371
00e12e8b_3673,11596.356
00e12e8b_3674,11597.942
00e12e8b_3675,11597.13
00e12e8b_3676,11598.567
00e12e8b_3677,11598.377
00e12e8b_3678,11599.131
00e12e8b_3679,11597.1045
00e12e8b_3680,11599.264
00e12e8b_3681,11598.918
00e12e8b_3682,11600.675
00e12e8b_3683,11600.951
00e12e8b_3684,11602.482
00e12e8b_3685,11600.455
00e12e8b_3686,11600.896
00e12e8b_3687,11599.361
00e12e8b_3688,11597.341
00e12e8b_3689,11599.828
00e12e8b_3690,11598.538
00e12e8b_3691,11598.637
00e12e8b_3692,11597.3125
00e12e8b_3693,11598.428
00e12e8b_3694,11597.448
00e12e8b_3695,11598.189
00e12e8b_3696,11597.457
00e12e8b_3697,11598.471
00e12e8b_3698,11597.55
00e12e8b_3699,11598.87
00e12e8b_3700,11598.041
00e12e8b_3701,11598.688
00e12e8b_3702,11599.483
00e12e8b_3703,11599.156
00e12e8b_3704,11600.179
00e12e8b_3705,11598.705
00e12e8b_3706,11600.141
00e12e8b_3707,11598.06
00e12e8b_3708,11599.68
00e12e8b_3709,11598.685
00e12e8b_3710,11599.05
00e12e8b_3711,11596.787
00e12e8b_3712,11597.569
00e12e8b_3713,11595.803
00e12e8b_3714,11595.247
00e12e8b_3715,11594.668
00e12e8b_3716,11594.677
00e12e8b_3717,11592.783
00e12e8b_3718,11593.908
00e12e8b_3719,11593.75
00e12e8b_3720,11593.514
00e12e8b_3721,11594.542
00e12e8b_3722,11593.791
00e12e8b_3723,11593.92
00e12e8b_3724,11593.844
00e12e8b_3725,11593.791
00e12e8b_3726,11594.148
00e12e8b_3727,11592.082
00e12e8b_3728,11595.643
00e12e8b_3729,11593.9
00e12e8b_3730,11595.092
00e12e8b_3731,11593.818
00e12e8b_3732,11595.042
00e12e8b_3733,11595.117
00e12e8b_3734,11593.963
00e12e8b_3735,11597.057
00e12e8b_3736,11594.692
00e12e8b_3737,11594.826
00e12e8b_3738,11594.443
00e12e8b_3739,11595.867
00e12e8b_3740,11595.201
00e12e8b_3741,11595.679
00e12e8b_3742,11595.432
00e12e8b_3743,11595.239
00e12e8b_3744,11596.138
00e12e8b_3745,11592.875
00e12e8b_3746,11597.264
00e12e8b_3747,11595.497
00e12e8b_3748,11597.011
00e12e8b_3749,11597.097
00e12e8b_3750,11597.558
00e12e8b_3751,11597.029
00e12e8b_3752,11598.246
00e12e8b_3753,11597.997
00e12e8b_3754,11598.189
00e12e8b_3755,11599.685
00e12e8b_3756,11597.15
00e12e8b_3757,11599.248
00e12e8b_3758,11598.822
00e12e8b_3759,11597.911
00e12e8b_3760,11601.576
00e12e8b_3761,11599.331
00e12e8b_3762,11600.67
00e12e8b_3763,11599.6
00e12e8b_3764,11599.519
00e12e8b_3765,11600.047
00e12e8b_3766,11600.623
00e12e8b_3767,11599.289
00e12e8b_3768,11600.581
00e12e8b_3769,11601.13
00e12e8b_3770,11600.439
00e12e8b_3771,11601.894
00e12e8b_3772,11599.557
00e12e8b_3773,11600.8955
00e12e8b_3774,11600.912
00e12e8b_3775,11599.142
00e12e8b_3776,11600.85
00e12e8b_3777,11598.608
00e12e8b_3778,11599.429
00e12e8b_3779,11597.628
00e12e8b_3780,11599.013
00e12e8b_3781,11597.525
00e12e8b_3782,11599.199
00e12e8b_3783,11599.089
00e12e8b_3784,11600.573
00e12e8b_3785,11600.394
00e12e8b_3786,11602.042
00e12e8b_3787,11601.914
00e12e8b_3788,11601.512
00e12e8b_3789,11601.95
00e12e8b_3790,11599.912
00e12e8b_3791,11601.2
00e12e8b_3792,11600.17
00e12e8b_3793,11601.256
00e12e8b_3794,11600.917
00e12e8b_3795,11601.5
00e12e8b_3796,11599.6
00e12e8b_3797,11601.511
00e12e8b_3798,11601.532
00e12e8b_3799,11602.32
00e12e8b_3800,11601.939
00e12e8b_3801,11602.561
00e12e8b_3802,11599.953
00e12e8b_3803,11600.98
00e12e8b_3804,11600.477
00e12e8b_3805,11600.935
00e12e8b_3806,11600.471
00e12e8b_3807,11601.204
00e12e8b_3808,11598.8545
00e12e8b_3809,11600.533
00e12e8b_3810,11600.4795
00e12e8b_3811,11601.979
00e12e8b_3812,11602.374
00e12e8b_3813,11602.886
00e12e8b_3814,11599.764
00e12e8b_3815,11601.96
00e12e8b_3816,11600.779
00e12e8b_3817,11600.1045
00e12e8b_3818,11599.571
00e12e8b_3819,11600.855
00e12e8b_3820,11600.311
00e12e8b_3821,11600.9795
00e12e8b_3822,11600.443
00e12e8b_3823,11601.572
00e12e8b_3824,11600.181
00e12e8b_3825,11602.158
00e12e8b_3826,11601.088
00e12e8b_3827,11599.158
00e12e8b_3828,11600.629
00e12e8b_3829,11599.957
00e12e8b_3830,11601.299
00e12e8b_3831,11599.425
00e12e8b_3832,11602.078
00e12e8b_3833,11601.094
00e12e8b_3834,11600.591
00e12e8b_3835,11599.558
00e12e8b_3836,11600.848
00e12e8b_3837,11600.924
00e12e8b_3838,11599.117
00e12e8b_3839,11602.271
00e12e8b_3840,11600.562
00e12e8b_3841,11600.455
00e12e8b_3842,11597.861
00e12e8b_3843,11599.096
00e12e8b_3844,11599.264
00e12e8b_3845,11599.013
00e12e8b_3846,11600.17
00e12e8b_3847,11600.357
00e12e8b_3848,11599.9
00e12e8b_3849,11598.864
00e12e8b_3850,11603.045
00e12e8b_3851,11601.319
00e12e8b_3852,11600.964
00e12e8b_3853,11599.808
00e12e8b_3854,11600.12
00e12e8b_3855,11600.291
00e12e8b_3856,11598.136
00e12e8b_3857,11602.415
00e12e8b_3858,11600.3545
00e12e8b_3859,11599.892
00e12e8b_3860,11598.957
00e12e8b_3861,11600.405
00e12e8b_3862,11600.369
00e12e8b_3863,11599.42
00e12e8b_3864,11600.649
00e12e8b_3865,11599.975
00e12e8b_3866,11600.499
00e12e8b_3867,11598.724
00e12e8b_3868,11598.524
00e12e8b_3869,11599.6
00e12e8b_3870,11599.293
00e12e8b_3871,11598.886
00e12e8b_3872,11599.244
00e12e8b_3873,11600.286
00e12e8b_3874,11599.34
00e12e8b_3875,11600.252
00e12e8b_3876,11602.77
00e12e8b_3877,11602.072
00e12e8b_3878,11601.871
00e12e8b_3879,11599.18
00e12e8b_3880,11600.575
00e12e8b_3881,11600.29
00e12e8b_3882,11598.706
00e12e8b_3883,11601.371
00e12e8b_3884,11600.109
00e12e8b_3885,11600.209
00e12e8b_3886,11598.135
00e12e8b_3887,11601.042
00e12e8b_3888,11600.646
00e12e8b_3889,11599.393
00e12e8b_3890,11598.433
00e12e8b_3891,11599.323
00e12e8b_3892,11600.175
00e12e8b_3893,11597.303
00e12e8b_3894,11599.376
00e12e8b_3895,11599.375
00e12e8b_3896,11600.133
00e12e8b_3897,11598.23
00e12e8b_3898,11599.385
00e12e8b_3899,11600.549
00e12e8b_3900,11598.075
00e12e8b_3901,11598.887
00e12e8b_3902,11600.486
00e12e8b_3903,11599.933
00e12e8b_3904,11600.204
00e12e8b_3905,11598.237
00e12e8b_3906,11601.404
00e12e8b_3907,11598.304
00e12e8b_3908,11598.787
00e12e8b_3909,11597.921
00e12e8b_3910,11599.365
00e12e8b_3911,11599.358
00e12e8b_3912,11597.432
00e12e8b_3913,11601.896
00e12e8b_3914,11599.896
00e12e8b_3915,11599.284
00e12e8b_3916,11598.221
00e12e8b_3917,11598.552
00e12e8b_3918,11597.455
00e12e8b_3919,11596.225
00e12e8b_3920,11597.9
00e12e8b_3921,11597.561
00e12e8b_3922,11598.305
00e12e8b_3923,11596.012
00e12e8b_3924,11597.789
00e12e8b_3925,11597.482
00e12e8b_3926,11596.568
00e12e8b_3927,11598.464
00e12e8b_3928,11598.896
00e12e8b_3929,11599.338
00e12e8b_3930,11597.557
00e12e8b_3931,11597.01
00e12e8b_3932,11599.251
00e12e8b_3933,11598.448
00e12e8b_3934,11598.529
00e12e8b_3935,11596.37
00e12e8b_3936,11597.933
00e12e8b_3937,11596.967
00e12e8b_3938,11597.019
00e12e8b_3939,11599.224
00e12e8b_3940,11599.438
00e12e8b_3941,11597.969
00e12e8b_3942,11596.228
00e12e8b_3943,11599.758
00e12e8b_3944,11597.248
00e12e8b_3945,11596.549
00e12e8b_3946,11595.895
00e12e8b_3947,11597.221
00e12e8b_3948,11596.299
00e12e8b_3949,11594.77
00e12e8b_3950,11598.67
00e12e8b_3951,11597.144
00e12e8b_3952,11597.281
00e12e8b_3953,11596.842
00e12e8b_3954,11597.981
00e12e8b_3955,11597.31
00e12e8b_3956,11596.137
00e12e8b_3957,11597.928
00e12e8b_3958,11598.096
00e12e8b_3959,11600.093
00e12e8b_3960,11598.1455
00e12e8b_3961,11601.062
00e12e8b_3962,11599.916
00e12e8b_3963,11599.333
00e12e8b_3964,11598.927
00e12e8b_3965,11600.178
00e12e8b_3966,11602.437
00e12e8b_3967,11599.183
00e12e8b_3968,11601.135
00e12e8b_3969,11600.031
00e12e8b_3970,11600.365
00e12e8b_3971,11597.016
00e12e8b_3972,11598.979
00e12e8b_3973,11600.361
00e12e8b_3974,11598.159
00e12e8b_3975,11599.014
00e12e8b_3976,11600.0625
00e12e8b_3977,11600.4795
00e12e8b_3978,11599.635
00e12e8b_3979,11599.668
00e12e8b_3980,11601.26
00e12e8b_3981,11600.096
00e12e8b_3982,11600.143
00e12e8b_3983,11597.851
00e12e8b_3984,11599.231
00e12e8b_3985,11598.743
00e12e8b_3986,11597.025
00e12e8b_3987,11599.277
00e12e8b_3988,11598.072
00e12e8b_3989,11598.85
00e12e8b_3990,11597.544
00e12e8b_3991,11599.585
00e12e8b_3992,11598.486
00e12e8b_3993,11597.414
00e12e8b_3994,11596.53
00e12e8b_3995,11596.931
00e12e8b_3996,11596.911
00e12e8b_3997,11595.658
00e12e8b_3998,11598.992
00e12e8b_3999,11596.607
00e12e8b_4000,11596.49
00e12e8b_4001,11595.585
00e12e8b_4002,11597.325
00e12e8b_4003,11597.766
00e12e8b_4004,11596.867
00e12e8b_4005,11599.08
00e12e8b_4006,11597.293
00e12e8b_4007,11597.403
00e12e8b_4008,11594.881
00e12e8b_4009,11597.219
00e12e8b_4010,11595.869
00e12e8b_4011,11595.19
00e12e8b_4012,11594.736
00e12e8b_4013,11594.034
00e12e8b_4014,11594.125
00e12e8b_4015,11593.818
00e12e8b_4016,11597.318
00e12e8b_4017,11595.461
00e12e8b_4018,11595.573
00e12e8b_4019,11594.58
00e12e8b_4020,11595.55
00e12e8b_4021,11595.134
00e12e8b_4022,11594.452
00e12e8b_4023,11596.917
00e12e8b_4024,11597.227
00e12e8b_4025,11598.973
00e12e8b_4026,11596.69
00e12e8b_4027,11599.736
00e12e8b_4028,11599.506
00e12e8b_4029,11599.139
00e12e8b_4030,11598.874
00e12e8b_4031,11600.016
00e12e8b_4032,11599.432
00e12e8b_4033,11598.299
00e12e8b_4034,11598.768
00e12e8b_4035,11597.684
00e12e8b_4036,11598.967
00e12e8b_4037,11596.729
00e12e8b_4038,11599.904
00e12e8b_4039,11599.062
00e12e8b_4040,11598.373
00e12e8b_4041,11598.179
00e12e8b_4042,11599.545
00e12e8b_4043,11601.739
00e12e8b_4044,11598.293
00e12e8b_4045,11600.783
00e12e8b_4046,11599.811
00e12e8b_4047,11598.689
00e12e8b_4048,11598.161
00e12e8b_4049,11599.743
00e12e8b_4050,11599.372
00e12e8b_4051,11597.9795
00e12e8b_4052,11599.677
00e12e8b_4053,11599.756
00e12e8b_4054,11601.203
00e12e8b_4055,11598.856
00e12e8b_4056,11601.372
00e12e8b_4057,11600.604
00e12e8b_4058,11598.954
00e12e8b_4059,11597.89
00e12e8b_4060,11599.713
00e12e8b_4061,11599.135
00e12e8b_4062,11598.079
00e12e8b_4063,11599.675
00e12e8b_4064,11599.606
00e12e8b_4065,11601.057
00e12e8b_4066,11599.199
00e12e8b_4067,11602.834
00e12e8b_4068,11602.855
00e12e8b_4069,11601.611
00e12e8b_4070,11600.352
00e12e8b_4071,11600.745
00e12e8b_4072,11602.553
00e12e8b_4073,11599.347
00e12e8b_4074,11602.349
00e12e8b_4075,11601.789
00e12e8b_4076,11600.672
00e12e8b_4077,11599.952
00e12e8b_4078,11601.046
00e12e8b_4079,11601.496
00e12e8b_4080,11599.977
00e12e8b_4081,11604.542
00e12e8b_4082,11602.424
00e12e8b_4083,11601.411
00e12e8b_4084,11600.22
00e12e8b_4085,11601.068
00e12e8b_4086,11601.331
00e12e8b_4087,11600.594
00e12e8b_4088,11602.15
00e12e8b_4089,11601.986
00e12e8b_4090,11600.864
00e12e8b_4091,11599.349
00e12e8b_4092,11603.353
00e12e8b_4093,11601.413
00e12e8b_4094,11600.818
00e12e8b_4095,11599.74
00e12e8b_4096,11601.195
00e12e8b_4097,11600.048
00e12e8b_4098,11597.963
00e12e8b_4099,11599.262
00e12e8b_4100,11598.26
00e12e8b_4101,11599.424
00e12e8b_4102,11597.861
00e12e8b_4103,11598.863
00e12e8b_4104,11598.542
00e12e8b_4105,11598.214
00e12e8b_4106,11599.628
00e12e8b_4107,11599.421
00e12e8b_4108,11598.383
00e12e8b_4109,11597.566
00e12e8b_4110,11598.646
00e12e8b_4111,11596.4375
00e12e8b_4112,11597.3125
00e12e8b_4113,11596.883
00e12e8b_4114,11597.081
00e12e8b_4115,11595.885
00e12e8b_4116,11597.216
00e12e8b_4117,11596.742
00e12e8b_4118,11597.51
00e12e8b_4119,11596.359
00e12e8b_4120,11597.3545
00e12e8b_4121,11598.143
00e12e8b_4122,11595.465
00e12e8b_4123,11596.619
00e12e8b_4124,11596.797
00e12e8b_4125,11597.204
00e12e8b_4126,11594.885
00e12e8b_4127,11596.96
00e12e8b_4128,11596.01
00e12e8b_4129,11595.158
00e12e8b_4130,11597.792
00e12e8b_4131,11598.789
00e12e8b_4132,11600.115
00e12e8b_4133,11597.752
00e12e8b_4134,11599.781
00e12e8b_4135,11598.068
00e12e8b_4136,11597.024
00e12e8b_4137,11596.439
00e12e8b_4138,11597.119
00e12e8b_4139,11598.964
00e12e8b_4140,11596.685
00e12e8b_4141,11596.999
00e12e8b_4142,11596.097
00e12e8b_4143,11596.561
00e12e8b_4144,11598.053
00e12e8b_4145,11598.156
00e12e8b_4146,11596.827
00e12e8b_4147,11596.136
00e12e8b_4148,11596.811
00e12e8b_4149,11596.244
00e12e8b_4150,11596.354
00e12e8b_4151,11597.461
00e12e8b_4152,11598.375
00e12e8b_4153,11596.939
00e12e8b_4154,11598.01
00e12e8b_4155,11597.549
00e12e8b_4156,11598.318
00e12e8b_4157,11596.611
00e12e8b_4158,11597.623
00e12e8b_4159,11596.922
00e12e8b_4160,11594.869
00e12e8b_4161,11598.994
00e12e8b_4162,11595.963
00e12e8b_4163,11595.064
00e12e8b_4164,11594.403
00e12e8b_4165,11595.846
00e12e8b_4166,11595.42
00e12e8b_4167,11596.981
00e12e8b_4168,11597.091
00e12e8b_4169,11597.826
00e12e8b_4170,11595.758
00e12e8b_4171,11597.482
00e12e8b_4172,11596.24
00e12e8b_4173,11594.584
00e12e8b_4174,11595.528
00e12e8b_4175,11595.842
00e12e8b_4176,11596.619
00e12e8b_4177,11595.25
00e12e8b_4178,11596.264
00e12e8b_4179,11595.712
00e12e8b_4180,11595.546
00e12e8b_4181,11596.72
00e12e8b_4182,11596.932
00e12e8b_4183,11595.8
00e12e8b_4184,11597.347
00e12e8b_4185,11597.237
00e12e8b_4186,11597.631
00e12e8b_4187,11596.252
00e12e8b_4188,11596.6875
00e12e8b_4189,11596.404
00e12e8b_4190,11596.076
00e12e8b_4191,11598.447
00e12e8b_4192,11596.189
00e12e8b_4193,11598.014
00e12e8b_4194,11598.693
00e12e8b_4195,11599.682
00e12e8b_4196,11598.12
00e12e8b_4197,11600.915
00e12e8b_4198,11600.234
00e12e8b_4199,11598.486
00e12e8b_4200,11597.528
00e12e8b_4201,11598.765
00e12e8b_4202,11598.868
00e12e8b_4203,11600.135
00e12e8b_4204,11599.119
00e12e8b_4205,11599.771
00e12e8b_4206,11598.768
00e12e8b_4207,11599.69
00e12e8b_4208,11599.893
00e12e8b_4209,11599.806
00e12e8b_4210,11601.139
00e12e8b_4211,11598.911
00e12e8b_4212,11600.098
00e12e8b_4213,11598.958
00e12e8b_4214,11599.419
00e12e8b_4215,11598.37
00e12e8b_4216,11599.278
00e12e8b_4217,11597.738
00e12e8b_4218,11597.021
00e12e8b_4219,11598.943
00e12e8b_4220,11598.175
00e12e8b_4221,11596.397
00e12e8b_4222,11598.239
00e12e8b_4223,11598.607
00e12e8b_4224,11599.398
00e12e8b_4225,11596.732
00e12e8b_4226,11597.614
00e12e8b_4227,11595.787
00e12e8b_4228,11596.988
00e12e8b_4229,11597.361
00e12e8b_4230,11598.0625
00e12e8b_4231,11596.24
00e12e8b_4232,11597.862
00e12e8b_4233,11597.369
00e12e8b_4234,11598.784
00e12e8b_4235,11599.025
00e12e8b_4236,11599.277
00e12e8b_4237,11597.334
00e12e8b_4238,11598.029
00e12e8b_4239,11597.624
00e12e8b_4240,11598.975
00e12e8b_4241,11599.178
00e12e8b_4242,11599.564
00e12e8b_4243,11597.992
00e12e8b_4244,11599.428
00e12e8b_4245,11599.672
00e12e8b_4246,11600.714
00e12e8b_4247,11601.045
00e12e8b_4248,11601.573
00e12e8b_4249,11599.395
00e12e8b_4250,11600.303
00e12e8b_4251,11600.029
00e12e8b_4252,11600.459
00e12e8b_4253,11600.359
00e12e8b_4254,11601.208
00e12e8b_4255,11598.805
00e12e8b_4256,11600.223
00e12e8b_4257,11600.197
00e12e8b_4258,11601.016
00e12e8b_4259,11602.208
00e12e8b_4260,11603.068
00e12e8b_4261,11600.791
00e12e8b_4262,11601.781
00e12e8b_4263,11600.914
00e12e8b_4264,11600.859
00e12e8b_4265,11600.985
00e12e8b_4266,11601.82
00e12e8b_4267,11599.853
00e12e8b_4268,11601.08
00e12e8b_4269,11600.756
00e12e8b_4270,11601.252
00e12e8b_4271,11601.644
00e12e8b_4272,11602.767
00e12e8b_4273,11601.239
00e12e8b_4274,11601.802
00e12e8b_4275,11601.459
00e12e8b_4276,11601.324
00e12e8b_4277,11601.01
00e12e8b_4278,11601.705
00e12e8b_4279,11600.279
00e12e8b_4280,11601.255
00e12e8b_4281,11601.275
00e12e8b_4282,11601.367
00e12e8b_4283,11600.698
00e12e8b_4284,11601.227
00e12e8b_4285,11598.85
00e12e8b_4286,11600.907
00e12e8b_4287,11600.309
00e12e8b_4288,11600.557
00e12e8b_4289,11599.203
00e12e8b_4290,11599.453
00e12e8b_4291,11596.44
00e12e8b_4292,11597.935
00e12e8b_4293,11597.716
00e12e8b_4294,11598.98
00e12e8b_4295,11599.151
00e12e8b_4296,11600.073
00e12e8b_4297,11598.274
00e12e8b_4298,11600.076
00e12e8b_4299,11599.874
00e12e8b_4300,11600.065
00e12e8b_4301,11599.558
00e12e8b_4302,11599.46
00e12e8b_4303,11597.687
00e12e8b_4304,11598.784
00e12e8b_4305,11598.397
00e12e8b_4306,11598.919
00e12e8b_4307,11599.156
00e12e8b_4308,11599.387
00e12e8b_4309,11598.053
00e12e8b_4310,11599.2
00e12e8b_4311,11599.193
00e12e8b_4312,11599.836
00e12e8b_4313,11599.283
00e12e8b_4314,11599.101
00e12e8b_4315,11597.076
00e12e8b_4316,11598.482
00e12e8b_4317,11597.961
00e12e8b_4318,11599.143
00e12e8b_4319,11598.889
00e12e8b_4320,11599.64
00e12e8b_4321,11599.322
00e12e8b_4322,11600.112
00e12e8b_4323,11601.699
00e12e8b_4324,11600.459
00e12e8b_4325,11601.553
00e12e8b_4326,11601.691
00e12e8b_4327,11598.162
00e12e8b_4328,11599.266
00e12e8b_4329,11599.3955
00e12e8b_4330,11599.229
00e12e8b_4331,11600.452
00e12e8b_4332,11597.92
00e12e8b_4333,11598.445
00e12e8b_4334,11597.864
00e12e8b_4335,11598.995
00e12e8b_4336,11598.95
00e12e8b_4337,11599.32
00e12e8b_4338,11597.182
00e12e8b_4339,11597.107
00e12e8b_4340,11596.011
00e12e8b_4341,11596.67
00e12e8b_4342,11596.064
00e12e8b_4343,11596.6875
00e12e8b_4344,11595.073
00e12e8b_4345,11595.651
00e12e8b_4346,11594.653
00e12e8b_4347,11595.131
00e12e8b_4348,11595.369
00e12e8b_4349,11595.584
00e12e8b_4350,11594.728
00e12e8b_4351,11594.869
00e12e8b_4352,11594.716
00e12e8b_4353,11595.768
00e12e8b_4354,11594.451
00e12e8b_4355,11594.989
00e12e8b_4356,11593.572
00e12e8b_4357,11595.127
00e12e8b_4358,11595.222
00e12e8b_4359,11596.518
00e12e8b_4360,11597.134
00e12e8b_4361,11596.005
00e12e8b_4362,11598.053
00e12e8b_4363,11599.078
00e12e8b_4364,11597.764
00e12e8b_4365,11596.8125
00e12e8b_4366,11597.459
00e12e8b_4367,11596.106
00e12e8b_4368,11597.775
00e12e8b_4369,11597.318
00e12e8b_4370,11597.945
00e12e8b_4371,11596.152
00e12e8b_4372,11597.698
00e12e8b_4373,11597.365
00e12e8b_4374,11596.498
00e12e8b_4375,11599.671
00e12e8b_4376,11599.041
00e12e8b_4377,11599.077
00e12e8b_4378,11600.106
00e12e8b_4379,11597.81
00e12e8b_4380,11599.373
00e12e8b_4381,11599.018
00e12e8b_4382,11599.471
00e12e8b_4383,11599.317
00e12e8b_4384,11599.823
00e12e8b_4385,11597.992
00e12e8b_4386,11600.229
00e12e8b_4387,11600.705
00e12e8b_4388,11601.826
00e12e8b_4389,11601.694
00e12e8b_4390,11601.838
00e12e8b_4391,11599.412
00e12e8b_4392,11600.213
00e12e8b_4393,11600.081
00e12e8b_4394,11600.8
00e12e8b_4395,11600.518
00e12e8b_4396,11600.702
00e12e8b_4397,11598.607
00e12e8b_4398,11599.99
00e12e8b_4399,11600.193
00e12e8b_4400,11601.39
00e12e8b_4401,11601.298
00e12e8b_4402,11601.651
00e12e8b_4403,11600.381
00e12e8b_4404,11599.802
00e12e8b_4405,11600.07
00e12e8b_4406,11598.089
00e12e8b_4407,11600.271
00e12e8b_4408,11598.764
00e12e8b_4409,11599.322
00e12e8b_4410,11598.294
00e12e8b_4411,11598.481
00e12e8b_4412,11596.38
00e12e8b_4413,11596.433
00e12e8b_4414,11596.012
00e12e8b_4415,11595.906
00e12e8b_4416,11596.809
00e12e8b_4417,11596.69
00e12e8b_4418,11593.779
00e12e8b_4419,11594.83
00e12e8b_4420,11594.811
00e12e8b_4421,11596.6455
00e12e8b_4422,11596.513
00e12e8b_4423,11597.758
00e12e8b_4424,11595.992
00e12e8b_4425,11597.45
00e12e8b_4426,11597.463
00e12e8b_4427,11598.465
00e12e8b_4428,11598.674
00e12e8b_4429,11598.627
00e12e8b_4430,11596.393
00e12e8b_4431,11598.288
00e12e8b_4432,11596.911
00e12e8b_4433,11596.133
00e12e8b_4434,11596.879
00e12e8b_4435,11596.793
00e12e8b_4436,11597.431
00e12e8b_4437,11597.982
00e12e8b_4438,11596.739
00e12e8b_4439,11597.58
00e12e8b_4440,11597.214
00e12e8b_4441,11597.9375
00e12e8b_4442,11597.5
00e12e8b_4443,11598.21
00e12e8b_4444,11596.622
00e12e8b_4445,11597.5
00e12e8b_4446,11596.833
00e12e8b_4447,11597.91
00e12e8b_4448,11598.271
00e12e8b_4449,11598.796
00e12e8b_4450,11597.428
00e12e8b_4451,11600.233
00e12e8b_4452,11600.457
00e12e8b_4453,11601.235
00e12e8b_4454,11600.549
00e12e8b_4455,11600.575
00e12e8b_4456,11598.519
00e12e8b_4457,11599.926
00e12e8b_4458,11599.704
00e12e8b_4459,11599.126
00e12e8b_4460,11600.437
00e12e8b_4461,11600.123
00e12e8b_4462,11598.881
00e12e8b_4463,11600.338
00e12e8b_4464,11601.536
00e12e8b_4465,11602.537
00e12e8b_4466,11600.286
00e12e8b_4467,11600.669
00e12e8b_4468,11600.49
00e12e8b_4469,11600.722
00e12e8b_4470,11600.541
00e12e8b_4471,11601.589
00e12e8b_4472,11599.877
00e12e8b_4473,11600.843
00e12e8b_4474,11600.564
00e12e8b_4475,11600.874
00e12e8b_4476,11600.951
00e12e8b_4477,11601.351
00e12e8b_4478,11599.592
00e12e8b_4479,11600.529
00e12e8b_4480,11600.467
00e12e8b_4481,11600.382
00e12e8b_4482,11599.248
00e12e8b_4483,11599.209
00e12e8b_4484,11597.012
00e12e8b_4485,11598.851
00e12e8b_4486,11599.084
00e12e8b_4487,11599.553
00e12e8b_4488,11599.578
00e12e8b_4489,11600.314
00e12e8b_4490,11598.522
00e12e8b_4491,11599.732
00e12e8b_4492,11598.979
00e12e8b_4493,11597.4
00e12e8b_4494,11598.951
00e12e8b_4495,11598.258
00e12e8b_4496,11598.456
00e12e8b_4497,11599.421
00e12e8b_4498,11599.994
00e12e8b_4499,11598.704
00e12e8b_4500,11599.793
00e12e8b_4501,11600.264
00e12e8b_4502,11601.572
00e12e8b_4503,11599.793
00e12e8b_4504,11600.901
00e12e8b_4505,11600.508
00e12e8b_4506,11599.989
00e12e8b_4507,11600.244
00e12e8b_4508,11600.601
00e12e8b_4509,11598.382
00e12e8b_4510,11599.964
00e12e8b_4511,11599.6045
00e12e8b_4512,11599.529
00e12e8b_4513,11600.186
00e12e8b_4514,11601.082
00e12e8b_4515,11599.639
00e12e8b_4516,11601.709
00e12e8b_4517,11600.771
00e12e8b_4518,11598.846
00e12e8b_4519,11601.081
00e12e8b_4520,11600.172
00e12e8b_4521,11600.506
00e12e8b_4522,11598.797
00e12e8b_4523,11600.173
00e12e8b_4524,11599.738
00e12e8b_4525,11599.854
00e12e8b_4526,11599.846
00e12e8b_4527,11600.682
00e12e8b_4528,11599.561
00e12e8b_4529,11601.054
00e12e8b_4530,11600.714
00e12e8b_4531,11600.614
00e12e8b_4532,11600.018
00e12e8b_4533,11600.227
00e12e8b_4534,11598.791
00e12e8b_4535,11601.153
00e12e8b_4536,11601.121
00e12e8b_4537,11600.119
00e12e8b_4538,11599.209
00e12e8b_4539,11600.228
00e12e8b_4540,11600.631
00e12e8b_4541,11598.596
00e12e8b_4542,11602.383
00e12e8b_4543,11600.161
00e12e8b_4544,11600.974
00e12e8b_4545,11600.479
00e12e8b_4546,11600.116
00e12e8b_4547,11596.703
00e12e8b_4548,11598.484
00e12e8b_4549,11598.551
00e12e8b_4550,11597.974
00e12e8b_4551,11599.522
00e12e8b_4552,11599.66
00e12e8b_4553,11598.732
00e12e8b_4554,11600.141
00e12e8b_4555,11600.792
00e12e8b_4556,11601.354
00e12e8b_4557,11599.302
00e12e8b_4558,11599.526
00e12e8b_4559,11601.342
00e12e8b_4560,11598.345
00e12e8b_4561,11599.878
00e12e8b_4562,11599.807
00e12e8b_4563,11599.705
00e12e8b_4564,11599.849
00e12e8b_4565,11600.161
00e12e8b_4566,11598.928
00e12e8b_4567,11601.132
00e12e8b_4568,11601.088
00e12e8b_4569,11599.315
00e12e8b_4570,11598.596
00e12e8b_4571,11599.373
00e12e8b_4572,11599.308
00e12e8b_4573,11597.975
00e12e8b_4574,11599.396
00e12e8b_4575,11598.884
00e12e8b_4576,11598.881
00e12e8b_4577,11599.465
00e12e8b_4578,11601.044
00e12e8b_4579,11599.334
00e12e8b_4580,11601.533
00e12e8b_4581,11601.047
00e12e8b_4582,11599.416
00e12e8b_4583,11600.711
00e12e8b_4584,11600.003
00e12e8b_4585,11598.947
00e12e8b_4586,11600.227
00e12e8b_4587,11600.179
00e12e8b_4588,11600.513
00e12e8b_4589,11598.721
00e12e8b_4590,11599.15
00e12e8b_4591,11601.424
00e12e8b_4592,11599.204
00e12e8b_4593,11600.158
00e12e8b_4594,11599.121
00e12e8b_4595,11598.212
00e12e8b_4596,11599.173
00e12e8b_4597,11598.706
00e12e8b_4598,11597.778
00e12e8b_4599,11599.608
00e12e8b_4600,11600.01
00e12e8b_4601,11601.102
00e12e8b_4602,11599.56
00e12e8b_4603,11599.692
00e12e8b_4604,11600.031
00e12e8b_4605,11598.154
00e12e8b_4606,11601.799
00e12e8b_4607,11599.475
00e12e8b_4608,11599.461
00e12e8b_4609,11600.158
00e12e8b_4610,11599.315
00e12e8b_4611,11596.992
00e12e8b_4612,11598.193
00e12e8b_4613,11599.139
00e12e8b_4614,11600.255
00e12e8b_4615,11597.768
00e12e8b_4616,11599.178
00e12e8b_4617,11598.633
00e12e8b_4618,11597.873
00e12e8b_4619,11599.547
00e12e8b_4620,11598.736
00e12e8b_4621,11598.234
00e12e8b_4622,11598.808
00e12e8b_4623,11599.149
00e12e8b_4624,11598.023
00e12e8b_4625,11599.335
00e12e8b_4626,11599.997
00e12e8b_4627,11600.709
00e12e8b_4628,11598.736
00e12e8b_4629,11600.02
00e12e8b_4630,11600.812
00e12e8b_4631,11601.088
00e12e8b_4632,11601.096
00e12e8b_4633,11601.043
00e12e8b_4634,11598.439
00e12e8b_4635,11599.729
00e12e8b_4636,11599.211
00e12e8b_4637,11597.811
00e12e8b_4638,11600.359
00e12e8b_4639,11599.209
00e12e8b_4640,11599.841
00e12e8b_4641,11597.88
00e12e8b_4642,11599.994
00e12e8b_4643,11600.877
00e12e8b_4644,11601.635
00e12e8b_4645,11601.902
00e12e8b_4646,11601.777
00e12e8b_4647,11599.088
00e12e8b_4648,11600.248
00e12e8b_4649,11600.286
00e12e8b_4650,11600.146
00e12e8b_4651,11600.481
00e12e8b_4652,11599.998
00e12e8b_4653,11597.417
00e12e8b_4654,11598.764
00e12e8b_4655,11598.44
00e12e8b_4656,11597.578
00e12e8b_4657,11600.389
00e12e8b_4658,11599.4795
00e12e8b_4659,11599.383
00e12e8b_4660,11597.166
00e12e8b_4661,11598.177
00e12e8b_4662,11598.206
00e12e8b_4663,11599.334
00e12e8b_4664,11599.557
00e12e8b_4665,11600.052
00e12e8b_4666,11597.751
00e12e8b_4667,11598.568
00e12e8b_4668,11598.202
00e12e8b_4669,11597.806
00e12e8b_4670,11598.111
00e12e8b_4671,11597.345
00e12e8b_4672,11594.567
00e12e8b_4673,11594.311
00e12e8b_4674,11591.817
00e12e8b_4675,11591.496
00e12e8b_4676,11592.427
00e12e8b_4677,11592.795
00e12e8b_4678,11591.155
00e12e8b_4679,11592.303
00e12e8b_4680,11591.373
00e12e8b_4681,11591.172
00e12e8b_4682,11592.924
00e12e8b_4683,11592.521
00e12e8b_4684,11591.432
00e12e8b_4685,11592.992
00e12e8b_4686,11591.511
00e12e8b_4687,11592.631
00e12e8b_4688,11591.835
00e12e8b_4689,11593.152
00e12e8b_4690,11593.834
00e12e8b_4691,11595.002
00e12e8b_4692,11594.961
00e12e8b_4693,11596.766
00e12e8b_4694,11596.308
00e12e8b_4695,11596.357
00e12e8b_4696,11595.89
00e12e8b_4697,11595.256
00e12e8b_4698,11596.127
00e12e8b_4699,11594.0625
00e12e8b_4700,11595.303
00e12e8b_4701,11595.0625
00e12e8b_4702,11595.208
00e12e8b_4703,11593.536
00e12e8b_4704,11594.768
00e12e8b_4705,11594.12
00e12e8b_4706,11595.6
00e12e8b_4707,11596.981
00e12e8b_4708,11598.175
00e12e8b_4709,11596.098
00e12e8b_4710,11596.528
00e12e8b_4711,11595.433
00e12e8b_4712,11596.38
00e12e8b_4713,11596.053
00e12e8b_4714,11597.295
00e12e8b_4715,11595.897
00e12e8b_4716,11595.474
00e12e8b_4717,11594.653
00e12e8b_4718,11595.903
00e12e8b_4719,11596.51
00e12e8b_4720,11597.203
00e12e8b_4721,11596.254
00e12e8b_4722,11596.814
00e12e8b_4723,11595.771
00e12e8b_4724,11595.299
00e12e8b_4725,11597.073
00e12e8b_4726,11596.696
00e12e8b_4727,11595.908
00e12e8b_4728,11597.174
00e12e8b_4729,11597.598
00e12e8b_4730,11597.596
00e12e8b_4731,11595.469
00e12e8b_4732,11596.611
00e12e8b_4733,11596.111
00e12e8b_4734,11596.65
00e12e8b_4735,11597.429
00e12e8b_4736,11597.926
00e12e8b_4737,11595.218
00e12e8b_4738,11594.841
00e12e8b_4739,11593.027
00e12e8b_4740,11593.883
00e12e8b_4741,11594.203
00e12e8b_4742,11594.373
00e12e8b_4743,11592.738
00e12e8b_4744,11594.034
00e12e8b_4745,11593.878
00e12e8b_4746,11593.088
00e12e8b_4747,11595.111
00e12e8b_4748,11594.185
00e12e8b_4749,11594.114
00e12e8b_4750,11594.972
00e12e8b_4751,11595.244
00e12e8b_4752,11594.204
00e12e8b_4753,11596.068
00e12e8b_4754,11596.308
00e12e8b_4755,11597.092
00e12e8b_4756,11595.55
00e12e8b_4757,11596.646
00e12e8b_4758,11597.016
00e12e8b_4759,11598.064
00e12e8b_4760,11598.018
00e12e8b_4761,11598.12
00e12e8b_4762,11595.602
00e12e8b_4763,11596.581
00e12e8b_4764,11595.878
00e12e8b_4765,11594.501
00e12e8b_4766,11597.494
00e12e8b_4767,11596.564
00e12e8b_4768,11596.864
00e12e8b_4769,11595.271
00e12e8b_4770,11597.571
00e12e8b_4771,11597.819
00e12e8b_4772,11598.783
00e12e8b_4773,11598.761
00e12e8b_4774,11598.27
00e12e8b_4775,11595.784
00e12e8b_4776,11596.647
00e12e8b_4777,11595.912
00e12e8b_4778,11595.873
00e12e8b_4779,11597.752
00e12e8b_4780,11597.174
00e12e8b_4781,11595.974
00e12e8b_4782,11595.664
00e12e8b_4783,11598.465
00e12e8b_4784,11596.942
00e12e8b_4785,11598.745
00e12e8b_4786,11598.178
00e12e8b_4787,11598.091
00e12e8b_4788,11595.8545
00e12e8b_4789,11596.556
00e12e8b_4790,11596.464
00e12e8b_4791,11596.904
00e12e8b_4792,11597.055
00e12e8b_4793,11597.588
00e12e8b_4794,11596.387
00e12e8b_4795,11595.759
00e12e8b_4796,11597.2
00e12e8b_4797,11596.629
00e12e8b_4798,11597.108
00e12e8b_4799,11596.775
00e12e8b_4800,11597.563
00e12e8b_4801,11594.947
00e12e8b_4802,11596.37
00e12e8b_4803,11594.674
00e12e8b_4804,11594.308
00e12e8b_4805,11594.304
00e12e8b_4806,11595.0625
00e12e8b_4807,11595.609
00e12e8b_4808,11594.739
00e12e8b_4809,11597.683
00e12e8b_4810,11595.445
00e12e8b_4811,11595.975
00e12e8b_4812,11597.388
00e12e8b_4813,11596.439
00e12e8b_4814,11594.982
00e12e8b_4815,11596.137
00e12e8b_4816,11596.8955
00e12e8b_4817,11597.33
00e12e8b_4818,11595.338
00e12e8b_4819,11596.596
00e12e8b_4820,11596.308
00e12e8b_4821,11597.158
00e12e8b_4822,11597.562
00e12e8b_4823,11598.181
00e12e8b_4824,11596.22
00e12e8b_4825,11596.589
00e12e8b_4826,11595.219
00e12e8b_4827,11593.199
00e12e8b_4828,11596.967
00e12e8b_4829,11594.283
00e12e8b_4830,11593.331
00e12e8b_4831,11592.67
00e12e8b_4832,11592.596
00e12e8b_4833,11592.356
00e12e8b_4834,11593.9375
00e12e8b_4835,11595.467
00e12e8b_4836,11596.521
00e12e8b_4837,11594.925
00e12e8b_4838,11595.793
00e12e8b_4839,11594.982
00e12e8b_4840,11595.791
00e12e8b_4841,11595.795
00e12e8b_4842,11596.787
00e12e8b_4843,11594.821
00e12e8b_4844,11595.584
00e12e8b_4845,11594.966
00e12e8b_4846,11595.592
00e12e8b_4847,11595.8955
00e12e8b_4848,11597.245
00e12e8b_4849,11595.783
00e12e8b_4850,11595.757
00e12e8b_4851,11594.826
00e12e8b_4852,11593.854
00e12e8b_4853,11596.17
00e12e8b_4854,11594.214
00e12e8b_4855,11595.781
00e12e8b_4856,11594.906
00e12e8b_4857,11596.018
00e12e8b_4858,11594.173
00e12e8b_4859,11593.8
00e12e8b_4860,11593.599
00e12e8b_4861,11592.388
00e12e8b_4862,11595.049
00e12e8b_4863,11594.427
00e12e8b_4864,11594.523
00e12e8b_4865,11595.533
00e12e8b_4866,11592.51
00e12e8b_4867,11592.724
00e12e8b_4868,11592.741
00e12e8b_4869,11594.602
00e12e8b_4870,11595.191
00e12e8b_4871,11596.367
00e12e8b_4872,11595.676
00e12e8b_4873,11596.412
00e12e8b_4874,11597.448
00e12e8b_4875,11596.249
00e12e8b_4876,11597.279
00e12e8b_4877,11595.216
00e12e8b_4878,11594.018
00e12e8b_4879,11596.484
00e12e8b_4880,11595.714
00e12e8b_4881,11596.502
00e12e8b_4882,11597.832
00e12e8b_4883,11596.272
00e12e8b_4884,11596.898
00e12e8b_4885,11597.899
00e12e8b_4886,11594.942
00e12e8b_4887,11598.948
00e12e8b_4888,11596.119
00e12e8b_4889,11594.977
00e12e8b_4890,11595.317
00e12e8b_4891,11594.359
00e12e8b_4892,11595.471
00e12e8b_4893,11595.825
00e12e8b_4894,11594.38
00e12e8b_4895,11594.803
00e12e8b_4896,11597.096
00e12e8b_4897,11594.044
00e12e8b_4898,11597.202
00e12e8b_4899,11596.465
00e12e8b_4900,11597.467
00e12e8b_4901,11599.327
00e12e8b_4902,11595.209
00e12e8b_4903,11598.518
00e12e8b_4904,11595.761
00e12e8b_4905,11595.909
00e12e8b_4906,11596.664
00e12e8b_4907,11596.087
00e12e8b_4908,11597.302
00e12e8b_4909,11597.264
00e12e8b_4910,11596.285
00e12e8b_4911,11596.901
00e12e8b_4912,11599.469
00e12e8b_4913,11596.977
00e12e8b_4914,11598.619
00e12e8b_4915,11596.828
00e12e8b_4916,11595.889
00e12e8b_4917,11596.436
00e12e8b_4918,11595.429
00e12e8b_4919,11598.42
00e12e8b_4920,11596.736
00e12e8b_4921,11597.637
00e12e8b_4922,11596.947
00e12e8b_4923,11597.779
00e12e8b_4924,11595.464
00e12e8b_4925,11596.637
00e12e8b_4926,11595.272
00e12e8b_4927,11594.536
00e12e8b_4928,11594.769
00e12e8b_4929,11593.689
00e12e8b_4930,11593.979
00e12e8b_4931,11593.528
00e12e8b_4932,11593.204
00e12e8b_4933,11593.33
00e12e8b_4934,11596.639
00e12e8b_4935,11594.311
00e12e8b_4936,11594.904
00e12e8b_4937,11594.727
00e12e8b_4938,11594.14
00e12e8b_4939,11596.191
00e12e8b_4940,11595.419
00e12e8b_4941,11595.615
00e12e8b_4942,11596.353
00e12e8b_4943,11593.836
00e12e8b_4944,11595.331
00e12e8b_4945,11594.822
00e12e8b_4946,11594.575
00e12e8b_4947,11596.256
00e12e8b_4948,11596.489
00e12e8b_4949,11595.986
00e12e8b_4950,11596.705
00e12e8b_4951,11599.2
00e12e8b_4952,11595.903
00e12e8b_4953,11596.86
00e12e8b_4954,11596.257
00e12e8b_4955,11596.497
00e12e8b_4956,11595.919
00e12e8b_4957,11596.381
00e12e8b_4958,11594.22
00e12e8b_4959,11595.1875
00e12e8b_4960,11594.388
00e12e8b_4961,11595.299
00e12e8b_4962,11596.529
00e12e8b_4963,11597.649
00e12e8b_4964,11596.04
00e12e8b_4965,11597.389
00e12e8b_4966,11596.36
00e12e8b_4967,11595.811
00e12e8b_4968,11595.602
00e12e8b_4969,11595.464
00e12e8b_4970,11593.626
00e12e8b_4971,11594.518
00e12e8b_4972,11593.721
00e12e8b_4973,11594.276
00e12e8b_4974,11593.739
00e12e8b_4975,11594.974
00e12e8b_4976,11594.219
00e12e8b_4977,11594.513
00e12e8b_4978,11594.021
00e12e8b_4979,11594.885
00e12e8b_4980,11594.339
00e12e8b_4981,11594.653
00e12e8b_4982,11593.6875
00e12e8b_4983,11596.202
00e12e8b_4984,11596.342
00e12e8b_4985,11595.846
00e12e8b_4986,11595.518
00e12e8b_4987,11596.461
00e12e8b_4988,11596.364
00e12e8b_4989,11594.721
00e12e8b_4990,11597.881
00e12e8b_4991,11596.619
00e12e8b_4992,11596.467
00e12e8b_4993,11595.519
00e12e8b_4994,11595.903
00e12e8b_4995,11592.669
00e12e8b_4996,11592.951
00e12e8b_4997,11592.451
00e12e8b_4998,11592.912
00e12e8b_4999,11595.073
00e12e8b_5000,11594.931
00e12e8b_5001,11594.33
00e12e8b_5002,11595.932
00e12e8b_5003,11597.084
00e12e8b_5004,11597.19
00e12e8b_5005,11595.095
00e12e8b_5006,11596.295
00e12e8b_5007,11595.657
00e12e8b_5008,11595.842
00e12e8b_5009,11596.753
00e12e8b_5010,11596.842
00e12e8b_5011,11594.911
00e12e8b_5012,11595.883
00e12e8b_5013,11595.825
00e12e8b_5014,11596.612
00e12e8b_5015,11597.857
00e12e8b_5016,11597.659
00e12e8b_5017,11595.0625
00e12e8b_5018,11596.076
00e12e8b_5019,11595.541
00e12e8b_5020,11595.5625
00e12e8b_5021,11595.186
00e12e8b_5022,11595.479
00e12e8b_5023,11593.017
00e12e8b_5024,11593.583
00e12e8b_5025,11592.8955
00e12e8b_5026,11593.998
00e12e8b_5027,11594.668
00e12e8b_5028,11595.703
00e12e8b_5029,11594.123
00e12e8b_5030,11593.47
00e12e8b_5031,11593.169
00e12e8b_5032,11594.287
00e12e8b_5033,11593.648
00e12e8b_5034,11594.697
00e12e8b_5035,11594.217
00e12e8b_5036,11594.8
00e12e8b_5037,11593.7705
00e12e8b_5038,11594.955
00e12e8b_5039,11597.01
00e12e8b_5040,11597.943
00e12e8b_5041,11596.76
00e12e8b_5042,11597.8955
00e12e8b_5043,11597.25
00e12e8b_5044,11596.109
00e12e8b_5045,11598.734
00e12e8b_5046,11596.619
00e12e8b_5047,11598.182
00e12e8b_5048,11598.968
00e12e8b_5049,11599.33
00e12e8b_5050,11596.87
00e12e8b_5051,11598.357
00e12e8b_5052,11598.431
00e12e8b_5053,11598.307
00e12e8b_5054,11599.544
00e12e8b_5055,11599.427
00e12e8b_5056,11597.552
00e12e8b_5057,11599.884
00e12e8b_5058,11596.904
00e12e8b_5059,11596.041
00e12e8b_5060,11597.369
00e12e8b_5061,11595.941
00e12e8b_5062,11598.681
00e12e8b_5063,11596.75
00e12e8b_5064,11597.752
00e12e8b_5065,11598.812
00e12e8b_5066,11599.552
00e12e8b_5067,11597.448
00e12e8b_5068,11598.895
00e12e8b_5069,11599.061
00e12e8b_5070,11598.33
00e12e8b_5071,11599.106
00e12e8b_5072,11599.51
00e12e8b_5073,11597.386
00e12e8b_5074,11599.535
00e12e8b_5075,11598.684
00e12e8b_5076,11597.407
00e12e8b_5077,11600.977
00e12e8b_5078,11597.83
00e12e8b_5079,11599.969
00e12e8b_5080,11600.28
00e12e8b_5081,11598.535
00e12e8b_5082,11599.505
00e12e8b_5083,11599.263
00e12e8b_5084,11597.271
00e12e8b_5085,11598.908
00e12e8b_5086,11598.83
00e12e8b_5087,11598.551
00e12e8b_5088,11600.0
00e12e8b_5089,11597.013
00e12e8b_5090,11599.966
00e12e8b_5091,11600.674
00e12e8b_5092,11599.239
00e12e8b_5093,11602.077
00e12e8b_5094,11598.636
00e12e8b_5095,11597.66
00e12e8b_5096,11599.193
00e12e8b_5097,11597.725
00e12e8b_5098,11597.776
00e12e8b_5099,11599.288
00e12e8b_5100,11597.378
00e12e8b_5101,11596.975
00e12e8b_5102,11599.317
00e12e8b_5103,11597.268
00e12e8b_5104,11600.528
00e12e8b_5105,11599.552
00e12e8b_5106,11598.928
00e12e8b_5107,11601.069
00e12e8b_5108,11597.565
00e12e8b_5109,11600.123
00e12e8b_5110,11599.036
00e12e8b_5111,11598.0205
00e12e8b_5112,11600.75
00e12e8b_5113,11599.25
00e12e8b_5114,11599.275
00e12e8b_5115,11600.421
00e12e8b_5116,11598.76
00e12e8b_5117,11599.183
00e12e8b_5118,11601.501
00e12e8b_5119,11598.261
00e12e8b_5120,11601.284
00e12e8b_5121,11599.518
00e12e8b_5122,11597.42
00e12e8b_5123,11600.271
00e12e8b_5124,11596.3125
00e12e8b_5125,11599.495
00e12e8b_5126,11599.164
00e12e8b_5127,11597.016
00e12e8b_5128,11601.338
00e12e8b_5129,11598.129
00e12e8b_5130,11599.252
00e12e8b_5131,11599.976
00e12e8b_5132,11598.323
00e12e8b_5133,11599.64
00e12e8b_5134,11599.171
00e12e8b_5135,11597.436
00e12e8b_5136,11598.525
00e12e8b_5137,11599.165
00e12e8b_5138,11598.992
00e12e8b_5139,11599.707
00e12e8b_5140,11597.624
00e12e8b_5141,11598.852
00e12e8b_5142,11599.83
00e12e8b_5143,11599.74
00e12e8b_5144,11601.224
00e12e8b_5145,11598.526
00e12e8b_5146,11599.557
00e12e8b_5147,11600.211
00e12e8b_5148,11595.709
00e12e8b_5149,11600.998
00e12e8b_5150,11597.893
00e12e8b_5151,11598.437
00e12e8b_5152,11600.197
00e12e8b_5153,11596.68
00e12e8b_5154,11600.815
00e12e8b_5155,11600.239
00e12e8b_5156,11598.93
00e12e8b_5157,11601.831
00e12e8b_5158,11599.523
00e12e8b_5159,11599.984
00e12e8b_5160,11598.756
00e12e8b_5161,11598.362
00e12e8b_5162,11600.658
00e12e8b_5163,11599.104
00e12e8b_5164,11599.732
00e12e8b_5165,11598.611
00e12e8b_5166,11598.158
00e12e8b_5167,11600.539
00e12e8b_5168,11599.892
00e12e8b_5169,11600.831
00e12e8b_5170,11600.016
00e12e8b_5171,11598.932
00e12e8b_5172,11599.409
00e12e8b_5173,11599.858
00e12e8b_5174,11598.164
00e12e8b_5175,11599.753
00e12e8b_5176,11600.147
00e12e8b_5177,11599.666
00e12e8b_5178,11600.522
00e12e8b_5179,11598.017
00e12e8b_5180,11599.3125
00e12e8b_5181,11599.813
00e12e8b_5182,11599.891
00e12e8b_5183,11600.399
00e12e8b_5184,11598.6
00e12e8b_5185,11598.923
00e12e8b_5186,11598.432
00e12e8b_5187,11597.38
00e12e8b_5188,11598.527
00e12e8b_5189,11596.658
00e12e8b_5190,11598.024
00e12e8b_5191,11598.866
00e12e8b_5192,11598.455
00e12e8b_5193,11600.735
00e12e8b_5194,11598.771
00e12e8b_5195,11599.396
00e12e8b_5196,11601.479
00e12e8b_5197,11598.027
00e12e8b_5198,11600.388
00e12e8b_5199,11599.245
00e12e8b_5200,11597.652
00e12e8b_5201,11601.183
00e12e8b_5202,11597.804
00e12e8b_5203,11600.076
00e12e8b_5204,11599.251
00e12e8b_5205,11597.808
00e12e8b_5206,11601.918
00e12e8b_5207,11598.278
00e12e8b_5208,11600.82
00e12e8b_5209,11599.693
00e12e8b_5210,11597.061
00e12e8b_5211,11600.693
00e12e8b_5212,11597.129
00e12e8b_5213,11598.67
00e12e8b_5214,11598.3125
00e12e8b_5215,11595.782
00e12e8b_5216,11599.203
00e12e8b_5217,11595.635
00e12e8b_5218,11597.05
00e12e8b_5219,11597.263
00e12e8b_5220,11596.775
00e12e8b_5221,11598.594
00e12e8b_5222,11597.389
00e12e8b_5223,11595.113
00e12e8b_5224,11595.545
00e12e8b_5225,11596.085
00e12e8b_5226,11596.65
00e12e8b_5227,11597.894
00e12e8b_5228,11595.979
00e12e8b_5229,11596.504
00e12e8b_5230,11598.719
00e12e8b_5231,11596.326
00e12e8b_5232,11598.982
00e12e8b_5233,11597.8
00e12e8b_5234,11597.666
00e12e8b_5235,11599.378
00e12e8b_5236,11595.283
00e12e8b_5237,11598.852
00e12e8b_5238,11596.834
00e12e8b_5239,11596.544
00e12e8b_5240,11597.068
00e12e8b_5241,11595.195
00e12e8b_5242,11598.089
00e12e8b_5243,11595.525
00e12e8b_5244,11595.091
00e12e8b_5245,11597.225
00e12e8b_5246,11597.2705
00e12e8b_5247,11597.529
00e12e8b_5248,11599.533
00e12e8b_5249,11597.349
00e12e8b_5250,11596.867
00e12e8b_5251,11598.399
00e12e8b_5252,11595.592
00e12e8b_5253,11598.561
00e12e8b_5254,11596.803
00e12e8b_5255,11597.057
00e12e8b_5256,11599.472
00e12e8b_5257,11596.534
00e12e8b_5258,11599.568
00e12e8b_5259,11598.6045
00e12e8b_5260,11598.526
00e12e8b_5261,11598.778
00e12e8b_5262,11598.617
00e12e8b_5263,11596.614
00e12e8b_5264,11598.803
00e12e8b_5265,11597.865
00e12e8b_5266,11596.261
00e12e8b_5267,11599.795
00e12e8b_5268,11596.753
00e12e8b_5269,11598.698
00e12e8b_5270,11598.852
00e12e8b_5271,11597.291
00e12e8b_5272,11600.614
00e12e8b_5273,11598.459
00e12e8b_5274,11598.692
00e12e8b_5275,11597.968
00e12e8b_5276,11597.964
00e12e8b_5277,11598.573
00e12e8b_5278,11599.229
00e12e8b_5279,11596.5625
00e12e8b_5280,11598.961
00e12e8b_5281,11598.521
00e12e8b_5282,11597.188
00e12e8b_5283,11601.989
00e12e8b_5284,11598.97
00e12e8b_5285,11599.784
00e12e8b_5286,11599.4795
00e12e8b_5287,11598.278
00e12e8b_5288,11598.907
00e12e8b_5289,11598.992
00e12e8b_5290,11597.119
00e12e8b_5291,11599.247
00e12e8b_5292,11598.281
00e12e8b_5293,11596.064
00e12e8b_5294,11599.865
00e12e8b_5295,11597.201
00e12e8b_5296,11598.35
00e12e8b_5297,11599.08
00e12e8b_5298,11598.796
00e12e8b_5299,11599.141
00e12e8b_5300,11599.324
00e12e8b_5301,11596.982
00e12e8b_5302,11599.658
00e12e8b_5303,11599.559
00e12e8b_5304,11597.57
00e12e8b_5305,11601.644
00e12e8b_5306,11598.154
00e12e8b_5307,11598.781
00e12e8b_5308,11599.242
00e12e8b_5309,11598.423
00e12e8b_5310,11600.724
00e12e8b_5311,11600.041
00e12e8b_5312,11597.584
00e12e8b_5313,11599.345
00e12e8b_5314,11597.209
00e12e8b_5315,11594.564
00e12e8b_5316,11597.971
00e12e8b_5317,11596.461
00e12e8b_5318,11597.492
00e12e8b_5319,11597.377
00e12e8b_5320,11597.863
00e12e8b_5321,11598.507
00e12e8b_5322,11599.545
00e12e8b_5323,11597.459
00e12e8b_5324,11598.536
00e12e8b_5325,11598.617
00e12e8b_5326,11597.498
00e12e8b_5327,11598.34
00e12e8b_5328,11598.6455
00e12e8b_5329,11597.634
00e12e8b_5330,11598.665
00e12e8b_5331,11598.596
00e12e8b_5332,11598.333
00e12e8b_5333,11599.898
00e12e8b_5334,11597.478
00e12e8b_5335,11599.174
00e12e8b_5336,11599.619
00e12e8b_5337,11598.947
00e12e8b_5338,11598.672
00e12e8b_5339,11599.451
00e12e8b_5340,11598.02
00e12e8b_5341,11599.093
00e12e8b_5342,11600.244
00e12e8b_5343,11596.651
00e12e8b_5344,11599.287
00e12e8b_5345,11597.914
00e12e8b_5346,11596.838
00e12e8b_5347,11600.739
00e12e8b_5348,11599.423
00e12e8b_5349,11599.447
00e12e8b_5350,11600.502
00e12e8b_5351,11597.16
00e12e8b_5352,11598.302
00e12e8b_5353,11598.243
00e12e8b_5354,11597.666
00e12e8b_5355,11599.683
00e12e8b_5356,11599.506
00e12e8b_5357,11597.922
00e12e8b_5358,11597.778
00e12e8b_5359,11600.575
00e12e8b_5360,11598.366
00e12e8b_5361,11600.336
00e12e8b_5362,11599.6875
00e12e8b_5363,11596.778
00e12e8b_5364,11600.117
00e12e8b_5365,11598.245
00e12e8b_5366,11598.423
00e12e8b_5367,11600.2
00e12e8b_5368,11597.62
00e12e8b_5369,11599.465
00e12e8b_5370,11599.172
00e12e8b_5371,11597.138
00e12e8b_5372,11600.541
00e12e8b_5373,11598.03
00e12e8b_5374,11599.0
00e12e8b_5375,11599.99
00e12e8b_5376,11600.292
00e12e8b_5377,11597.087
00e12e8b_5378,11598.096
00e12e8b_5379,11596.983
00e12e8b_5380,11596.917
00e12e8b_5381,11598.125
00e12e8b_5382,11598.787
00e12e8b_5383,11596.707
00e12e8b_5384,11598.486
00e12e8b_5385,11598.339
00e12e8b_5386,11596.144
00e12e8b_5387,11600.374
00e12e8b_5388,11598.381
00e12e8b_5389,11597.6875
00e12e8b_5390,11598.834
00e12e8b_5391,11596.372
00e12e8b_5392,11598.313
00e12e8b_5393,11598.403
00e12e8b_5394,11597.189
00e12e8b_5395,11599.859
00e12e8b_5396,11598.081
00e12e8b_5397,11598.357
00e12e8b_5398,11600.987
00e12e8b_5399,11600.241
00e12e8b_5400,11597.6455
00e12e8b_5401,11599.717
00e12e8b_5402,11598.153
00e12e8b_5403,11597.608
00e12e8b_5404,11597.238
00e12e8b_5405,11597.742
00e12e8b_5406,11595.514
00e12e8b_5407,11596.333
00e12e8b_5408,11596.263
00e12e8b_5409,11596.341
00e12e8b_5410,11597.633
00e12e8b_5411,11598.595
00e12e8b_5412,11596.945
00e12e8b_5413,11598.675
00e12e8b_5414,11598.0625
00e12e8b_5415,11597.455
00e12e8b_5416,11598.251
00e12e8b_5417,11598.632
00e12e8b_5418,11597.225
00e12e8b_5419,11598.779
00e12e8b_5420,11598.234
00e12e8b_5421,11597.068
00e12e8b_5422,11597.169
00e12e8b_5423,11597.802
00e12e8b_5424,11598.5205
00e12e8b_5425,11597.126
00e12e8b_5426,11600.143
00e12e8b_5427,11597.511
00e12e8b_5428,11597.736
00e12e8b_5429,11597.514
00e12e8b_5430,11598.236
00e12e8b_5431,11596.638
00e12e8b_5432,11597.376
00e12e8b_5433,11596.995
00e12e8b_5434,11596.795
00e12e8b_5435,11596.983
00e12e8b_5436,11597.418
00e12e8b_5437,11595.122
00e12e8b_5438,11597.104
00e12e8b_5439,11596.568
00e12e8b_5440,11595.525
00e12e8b_5441,11596.58
00e12e8b_5442,11595.123
00e12e8b_5443,11592.929
00e12e8b_5444,11593.418
00e12e8b_5445,11594.346
00e12e8b_5446,11594.861
00e12e8b_5447,11592.594
00e12e8b_5448,11593.931
00e12e8b_5449,11593.586
00e12e8b_5450,11592.752
00e12e8b_5451,11595.409
00e12e8b_5452,11594.747
00e12e8b_5453,11594.959
00e12e8b_5454,11595.342
00e12e8b_5455,11596.286
00e12e8b_5456,11594.707
00e12e8b_5457,11596.835
00e12e8b_5458,11597.013
00e12e8b_5459,11595.065
00e12e8b_5460,11595.049
00e12e8b_5461,11596.416
00e12e8b_5462,11596.404
00e12e8b_5463,11594.731
00e12e8b_5464,11597.283
00e12e8b_5465,11595.802
00e12e8b_5466,11595.319
00e12e8b_5467,11595.88
00e12e8b_5468,11596.094
00e12e8b_5469,11595.107
00e12e8b_5470,11595.51
00e12e8b_5471,11595.888
00e12e8b_5472,11596.442
00e12e8b_5473,11594.197
00e12e8b_5474,11596.7
00e12e8b_5475,11597.039
00e12e8b_5476,11595.89
00e12e8b_5477,11599.058
00e12e8b_5478,11597.631
00e12e8b_5479,11597.392
00e12e8b_5480,11595.002
00e12e8b_5481,11595.143
00e12e8b_5482,11594.144
00e12e8b_5483,11593.328
00e12e8b_5484,11593.695
00e12e8b_5485,11592.098
00e12e8b_5486,11590.188
00e12e8b_5487,11593.013
00e12e8b_5488,11593.308
00e12e8b_5489,11593.3955
00e12e8b_5490,11596.622
00e12e8b_5491,11595.989
00e12e8b_5492,11597.791
00e12e8b_5493,11595.41
00e12e8b_5494,11597.537
00e12e8b_5495,11597.82
00e12e8b_5496,11596.885
00e12e8b_5497,11598.987
00e12e8b_5498,11598.542
00e12e8b_5499,11597.311
00e12e8b_5500,11596.429
00e12e8b_5501,11599.779
00e12e8b_5502,11598.784
00e12e8b_5503,11597.564
00e12e8b_5504,11599.163
00e12e8b_5505,11598.873
00e12e8b_5506,11596.492
00e12e8b_5507,11595.362
00e12e8b_5508,11596.482
00e12e8b_5509,11596.546
00e12e8b_5510,11596.643
00e12e8b_5511,11597.389
00e12e8b_5512,11598.234
00e12e8b_5513,11596.525
00e12e8b_5514,11599.303
00e12e8b_5515,11599.505
00e12e8b_5516,11597.487
00e12e8b_5517,11597.015
00e12e8b_5518,11597.154
00e12e8b_5519,11599.567
00e12e8b_5520,11596.025
00e12e8b_5521,11598.651
00e12e8b_5522,11599.102
00e12e8b_5523,11597.383
00e12e8b_5524,11597.319
00e12e8b_5525,11597.98
00e12e8b_5526,11598.311
00e12e8b_5527,11596.564
00e12e8b_5528,11598.646
00e12e8b_5529,11597.144
00e12e8b_5530,11596.411
00e12e8b_5531,11596.977
00e12e8b_5532,11597.572
00e12e8b_5533,11596.899
00e12e8b_5534,11597.197
00e12e8b_5535,11597.681
00e12e8b_5536,11598.274
00e12e8b_5537,11595.893
00e12e8b_5538,11598.307
00e12e8b_5539,11600.774
00e12e8b_5540,11598.385
00e12e8b_5541,11599.248
00e12e8b_5542,11599.815
00e12e8b_5543,11599.544
00e12e8b_5544,11596.8955
00e12e8b_5545,11598.649
00e12e8b_5546,11598.67
00e12e8b_5547,11597.69
00e12e8b_5548,11598.383
00e12e8b_5549,11598.023
00e12e8b_5550,11599.466
00e12e8b_5551,11597.697
00e12e8b_5552,11600.061
00e12e8b_5553,11600.826
00e12e8b_5554,11598.723
00e12e8b_5555,11597.589
00e12e8b_5556,11597.863
00e12e8b_5557,11600.731
00e12e8b_5558,11596.903
00e12e8b_5559,11599.182
00e12e8b_5560,11599.024
00e12e8b_5561,11597.411
00e12e8b_5562,11599.167
00e12e8b_5563,11598.659
00e12e8b_5564,11597.632
00e12e8b_5565,11596.7295
00e12e8b_5566,11600.784
00e12e8b_5567,11599.549
00e12e8b_5568,11599.415
00e12e8b_5569,11597.581
00e12e8b_5570,11597.801
00e12e8b_5571,11596.975
00e12e8b_5572,11594.303
00e12e8b_5573,11599.877
00e12e8b_5574,11598.347
00e12e8b_5575,11597.83
00e12e8b_5576,11597.035
00e12e8b_5577,11598.564
00e12e8b_5578,11599.075
00e12e8b_5579,11596.35
00e12e8b_5580,11600.781
00e12e8b_5581,11598.957
00e12e8b_5582,11597.38
00e12e8b_5583,11596.745
00e12e8b_5584,11597.778
00e12e8b_5585,11598.239
00e12e8b_5586,11595.606
00e12e8b_5587,11599.99
00e12e8b_5588,11598.326
00e12e8b_5589,11597.37
00e12e8b_5590,11597.815
00e12e8b_5591,11598.87
00e12e8b_5592,11598.927
00e12e8b_5593,11596.533
00e12e8b_5594,11597.908
00e12e8b_5595,11597.127
00e12e8b_5596,11598.1
00e12e8b_5597,11596.649
00e12e8b_5598,11595.6455
00e12e8b_5599,11598.958
00e12e8b_5600,11596.57
00e12e8b_5601,11595.7
00e12e8b_5602,11598.694
00e12e8b_5603,11598.83
00e12e8b_5604,11599.713
00e12e8b_5605,11598.143
00e12e8b_5606,11599.2295
00e12e8b_5607,11598.93
00e12e8b_5608,11596.681
00e12e8b_5609,11596.136
00e12e8b_5610,11597.12
00e12e8b_5611,11599.514
00e12e8b_5612,11596.038
00e12e8b_5613,11596.17
00e12e8b_5614,11599.275
00e12e8b_5615,11598.642
00e12e8b_5616,11598.472
00e12e8b_5617,11598.736
00e12e8b_5618,11598.631
00e12e8b_5619,11598.651
00e12e8b_5620,11595.921
00e12e8b_5621,11599.033
00e12e8b_5622,11597.033
00e12e8b_5623,11596.986
00e12e8b_5624,11598.489
00e12e8b_5625,11597.876
00e12e8b_5626,11598.516
00e12e8b_5627,11597.01
00e12e8b_5628,11596.513
00e12e8b_5629,11600.067
00e12e8b_5630,11598.875
00e12e8b_5631,11596.981
00e12e8b_5632,11595.783
00e12e8b_5633,11596.364
00e12e8b_5634,11596.456
00e12e8b_5635,11592.825
00e12e8b_5636,11593.65
00e12e8b_5637,11595.192
00e12e8b_5638,11594.247
00e12e8b_5639,11594.881
00e12e8b_5640,11593.349
00e12e8b_5641,11594.827
00e12e8b_5642,11596.92
00e12e8b_5643,11594.093
00e12e8b_5644,11596.133
00e12e8b_5645,11593.522
00e12e8b_5646,11593.506
00e12e8b_5647,11596.01
00e12e8b_5648,11593.049
00e12e8b_5649,11593.307
00e12e8b_5650,11596.32
00e12e8b_5651,11594.705
00e12e8b_5652,11593.75
00e12e8b_5653,11593.294
00e12e8b_5654,11594.393
00e12e8b_5655,11597.197
00e12e8b_5656,11593.964
00e12e8b_5657,11593.848
00e12e8b_5658,11596.783
00e12e8b_5659,11594.517
00e12e8b_5660,11594.279
00e12e8b_5661,11593.463
00e12e8b_5662,11593.307
00e12e8b_5663,11595.146
00e12e8b_5664,11592.281
00e12e8b_5665,11592.801
00e12e8b_5666,11594.059
00e12e8b_5667,11595.735
00e12e8b_5668,11596.159
00e12e8b_5669,11596.167
00e12e8b_5670,11594.698
00e12e8b_5671,11595.475
00e12e8b_5672,11594.935
00e12e8b_5673,11593.703
00e12e8b_5674,11595.542
00e12e8b_5675,11596.157
00e12e8b_5676,11596.491
00e12e8b_5677,11595.912
00e12e8b_5678,11595.862
00e12e8b_5679,11595.437
00e12e8b_5680,11599.346
00e12e8b_5681,11597.856
00e12e8b_5682,11596.309
00e12e8b_5683,11595.625
00e12e8b_5684,11595.98
00e12e8b_5685,11597.704
00e12e8b_5686,11595.061
00e12e8b_5687,11595.466
00e12e8b_5688,11599.333
00e12e8b_5689,11597.428
00e12e8b_5690,11595.299
00e12e8b_5691,11598.253
00e12e8b_5692,11594.896
00e12e8b_5693,11596.981
00e12e8b_5694,11599.578
00e12e8b_5695,11596.209
00e12e8b_5696,11597.309
00e12e8b_5697,11598.489
00e12e8b_5698,11596.467
00e12e8b_5699,11596.157
00e12e8b_5700,11594.244
00e12e8b_5701,11596.404
00e12e8b_5702,11598.572
00e12e8b_5703,11595.492
00e12e8b_5704,11596.978
00e12e8b_5705,11598.072
00e12e8b_5706,11597.981
00e12e8b_5707,11598.954
00e12e8b_5708,11597.236
00e12e8b_5709,11595.689
00e12e8b_5710,11599.729
00e12e8b_5711,11597.6455
00e12e8b_5712,11595.651
00e12e8b_5713,11599.403
00e12e8b_5714,11595.619
00e12e8b_5715,11596.947
00e12e8b_5716,11599.143
00e12e8b_5717,11596.431
00e12e8b_5718,11596.662
00e12e8b_5719,11600.131
00e12e8b_5720,11598.333
00e12e8b_5721,11597.284
00e12e8b_5722,11598.089
00e12e8b_5723,11598.076
00e12e8b_5724,11599.139
00e12e8b_5725,11597.214
00e12e8b_5726,11597.667
00e12e8b_5727,11597.989
00e12e8b_5728,11597.987
00e12e8b_5729,11597.776
00e12e8b_5730,11599.126
00e12e8b_5731,11597.865
00e12e8b_5732,11599.958
00e12e8b_5733,11602.027
00e12e8b_5734,11598.369
00e12e8b_5735,11598.115
00e12e8b_5736,11598.787
00e12e8b_5737,11598.8955
00e12e8b_5738,11599.681
00e12e8b_5739,11599.443
00e12e8b_5740,11597.558
00e12e8b_5741,11599.61
00e12e8b_5742,11599.151
00e12e8b_5743,11596.966
00e12e8b_5744,11601.627
00e12e8b_5745,11598.24
00e12e8b_5746,11599.734
00e12e8b_5747,11601.083
00e12e8b_5748,11597.023
00e12e8b_5749,11598.251
00e12e8b_5750,11598.549
00e12e8b_5751,11599.138
00e12e8b_5752,11599.07
00e12e8b_5753,11599.472
00e12e8b_5754,11597.189
00e12e8b_5755,11598.189
00e12e8b_5756,11600.16
00e12e8b_5757,11596.956
00e12e8b_5758,11598.404
00e12e8b_5759,11598.966
00e12e8b_5760,11599.166
00e12e8b_5761,11598.572
00e12e8b_5762,11598.307
00e12e8b_5763,11594.666
00e12e8b_5764,11597.195
00e12e8b_5765,11599.437
00e12e8b_5766,11596.062
00e12e8b_5767,11598.395
00e12e8b_5768,11596.387
00e12e8b_5769,11597.286
00e12e8b_5770,11600.084
00e12e8b_5771,11596.885
00e12e8b_5772,11596.528
00e12e8b_5773,11599.521
00e12e8b_5774,11597.295
00e12e8b_5775,11596.137
00e12e8b_5776,11598.267
00e12e8b_5777,11598.078
00e12e8b_5778,11599.186
00e12e8b_5779,11597.455
00e12e8b_5780,11597.566
00e12e8b_5781,11598.948
00e12e8b_5782,11599.008
00e12e8b_5783,11599.005
00e12e8b_5784,11599.27
00e12e8b_5785,11596.764
00e12e8b_5786,11597.861
00e12e8b_5787,11599.919
00e12e8b_5788,11596.491
00e12e8b_5789,11598.242
00e12e8b_5790,11598.478
00e12e8b_5791,11598.044
00e12e8b_5792,11599.043
00e12e8b_5793,11597.432
00e12e8b_5794,11596.729
00e12e8b_5795,11601.389
00e12e8b_5796,11599.81
00e12e8b_5797,11598.432
00e12e8b_5798,11599.572
00e12e8b_5799,11598.689
00e12e8b_5800,11598.961
00e12e8b_5801,11599.281
00e12e8b_5802,11597.881
00e12e8b_5803,11600.242
00e12e8b_5804,11599.409
00e12e8b_5805,11596.346
00e12e8b_5806,11600.708
00e12e8b_5807,11597.13
00e12e8b_5808,11599.05
00e12e8b_5809,11601.541
00e12e8b_5810,11597.745
00e12e8b_5811,11598.674
00e12e8b_5812,11599.424
00e12e8b_5813,11598.238
00e12e8b_5814,11599.424
00e12e8b_5815,11597.453
00e12e8b_5816,11598.899
00e12e8b_5817,11600.808
00e12e8b_5818,11597.139
00e12e8b_5819,11598.109
00e12e8b_5820,11599.373
00e12e8b_5821,11598.391
00e12e8b_5822,11599.9
00e12e8b_5823,11597.847
00e12e8b_5824,11598.716
00e12e8b_5825,11600.059
00e12e8b_5826,11596.233
00e12e8b_5827,11596.048
00e12e8b_5828,11597.674
00e12e8b_5829,11596.979
00e12e8b_5830,11597.971
00e12e8b_5831,11595.349
00e12e8b_5832,11597.4
00e12e8b_5833,11599.092
00e12e8b_5834,11596.229
00e12e8b_5835,11598.384
00e12e8b_5836,11599.042
00e12e8b_5837,11598.428
00e12e8b_5838,11598.568
00e12e8b_5839,11596.479
00e12e8b_5840,11597.956
00e12e8b_5841,11598.231
00e12e8b_5842,11596.05
00e12e8b_5843,11598.222
00e12e8b_5844,11597.979
00e12e8b_5845,11598.885
00e12e8b_5846,11599.052
00e12e8b_5847,11597.65
00e12e8b_5848,11599.609
00e12e8b_5849,11598.884
00e12e8b_5850,11596.739
00e12e8b_5851,11598.403
00e12e8b_5852,11597.623
00e12e8b_5853,11598.808
00e12e8b_5854,11597.115
00e12e8b_5855,11596.226
00e12e8b_5856,11599.818
00e12e8b_5857,11598.456
00e12e8b_5858,11597.821
00e12e8b_5859,11597.804
00e12e8b_5860,11599.084
00e12e8b_5861,11601.702
00e12e8b_5862,11597.134
00e12e8b_5863,11596.568
00e12e8b_5864,11599.863
00e12e8b_5865,11598.294
00e12e8b_5866,11597.794
00e12e8b_5867,11597.428
00e12e8b_5868,11597.76
00e12e8b_5869,11599.746
00e12e8b_5870,11596.3125
00e12e8b_5871,11598.378
00e12e8b_5872,11600.153
00e12e8b_5873,11599.067
00e12e8b_5874,11600.013
00e12e8b_5875,11597.308
00e12e8b_5876,11597.803
00e12e8b_5877,11599.852
00e12e8b_5878,11596.638
00e12e8b_5879,11598.025
00e12e8b_5880,11599.674
00e12e8b_5881,11598.101
00e12e8b_5882,11598.502
00e12e8b_5883,11595.929
00e12e8b_5884,11597.481
00e12e8b_5885,11598.954
00e12e8b_5886,11595.849
00e12e8b_5887,11596.526
00e12e8b_5888,11597.084
00e12e8b_5889,11594.756
00e12e8b_5890,11593.458
00e12e8b_5891,11590.878
00e12e8b_5892,11590.043
00e12e8b_5893,11594.299
00e12e8b_5894,11592.256
00e12e8b_5895,11591.805
00e12e8b_5896,11592.114
00e12e8b_5897,11593.276
00e12e8b_5898,11596.285
00e12e8b_5899,11593.686
00e12e8b_5900,11594.747
00e12e8b_5901,11596.092
00e12e8b_5902,11594.459
00e12e8b_5903,11594.797
00e12e8b_5904,11593.412
00e12e8b_5905,11594.842
00e12e8b_5906,11596.516
00e12e8b_5907,11593.817
00e12e8b_5908,11595.597
00e12e8b_5909,11597.189
00e12e8b_5910,11596.592
00e12e8b_5911,11597.773
00e12e8b_5912,11596.088
00e12e8b_5913,11597.332
00e12e8b_5914,11598.839
00e12e8b_5915,11595.107
00e12e8b_5916,11596.4
00e12e8b_5917,11597.437
00e12e8b_5918,11595.824
00e12e8b_5919,11596.113
00e12e8b_5920,11593.196
00e12e8b_5921,11594.346
00e12e8b_5922,11596.784
00e12e8b_5923,11593.729
00e12e8b_5924,11594.313
00e12e8b_5925,11594.334
00e12e8b_5926,11592.867
00e12e8b_5927,11592.603
00e12e8b_5928,11590.778
00e12e8b_5929,11590.197
00e12e8b_5930,11593.1
00e12e8b_5931,11590.824
00e12e8b_5932,11587.934
00e12e8b_5933,11587.561
00e12e8b_5934,11589.341
00e12e8b_5935,11591.313
00e12e8b_5936,11590.381
00e12e8b_5937,11591.143
00e12e8b_5938,11594.013
00e12e8b_5939,11591.841
00e12e8b_5940,11590.023
00e12e8b_5941,11591.459
00e12e8b_5942,11591.19
00e12e8b_5943,11592.0
00e12e8b_5944,11591.534
00e12e8b_5945,11590.373
00e12e8b_5946,11592.928
00e12e8b_5947,11592.43
00e12e8b_5948,11590.237
00e12e8b_5949,11593.502
00e12e8b_5950,11591.312
00e12e8b_5951,11593.07
00e12e8b_5952,11591.68
00e12e8b_5953,11589.198
00e12e8b_5954,11589.734
00e12e8b_5955,11589.879
00e12e8b_5956,11589.409
00e12e8b_5957,11590.772
00e12e8b_5958,11589.775
00e12e8b_5959,11590.109
00e12e8b_5960,11590.871
00e12e8b_5961,11589.233
00e12e8b_5962,11593.451
00e12e8b_5963,11590.228
00e12e8b_5964,11589.576
00e12e8b_5965,11588.568
00e12e8b_5966,11587.308
00e12e8b_5967,11588.432
00e12e8b_5968,11586.281
00e12e8b_5969,11586.756
00e12e8b_5970,11588.336
00e12e8b_5971,11585.807
00e12e8b_5972,11587.972
00e12e8b_5973,11585.128
00e12e8b_5974,11587.217
00e12e8b_5975,11585.973
00e12e8b_5976,11585.615
00e12e8b_5977,11587.612
00e12e8b_5978,11585.386
00e12e8b_5979,11587.977
00e12e8b_5980,11585.183
00e12e8b_5981,11587.804
00e12e8b_5982,11586.697
00e12e8b_5983,11585.139
00e12e8b_5984,11587.622
00e12e8b_5985,11587.44
00e12e8b_5986,11589.092
00e12e8b_5987,11589.023
00e12e8b_5988,11589.193
00e12e8b_5989,11589.661
00e12e8b_5990,11588.619
00e12e8b_5991,11587.612
00e12e8b_5992,11587.981
00e12e8b_5993,11588.329
00e12e8b_5994,11588.037
00e12e8b_5995,11586.906
00e12e8b_5996,11588.098
00e12e8b_5997,11587.222
00e12e8b_5998,11587.627
00e12e8b_5999,11587.162
00e12e8b_6000,11588.802
00e12e8b_6001,11588.366
00e12e8b_6002,11588.139
00e12e8b_6003,11588.477
00e12e8b_6004,11588.303
00e12e8b_6005,11588.979
00e12e8b_6006,11590.029
00e12e8b_6007,11590.829
00e12e8b_6008,11590.119
00e12e8b_6009,11591.725
00e12e8b_6010,11591.916
00e12e8b_6011,11593.443
00e12e8b_6012,11591.525
00e12e8b_6013,11592.625
00e12e8b_6014,11593.004
00e12e8b_6015,11591.372
00e12e8b_6016,11595.229
00e12e8b_6017,11591.99
00e12e8b_6018,11591.514
00e12e8b_6019,11589.51
00e12e8b_6020,11590.089
00e12e8b_6021,11590.4
00e12e8b_6022,11590.5
00e12e8b_6023,11591.12
00e12e8b_6024,11592.15
00e12e8b_6025,11589.974
00e12e8b_6026,11591.428
00e12e8b_6027,11591.26
00e12e8b_6028,11591.285
00e12e8b_6029,11591.141
00e12e8b_6030,11592.682
00e12e8b_6031,11590.869
00e12e8b_6032,11591.656
00e12e8b_6033,11591.456
00e12e8b_6034,11590.516
00e12e8b_6035,11592.287
00e12e8b_6036,11591.861
00e12e8b_6037,11593.722
00e12e8b_6038,11591.508
00e12e8b_6039,11593.3
00e12e8b_6040,11592.98
00e12e8b_6041,11592.3955
00e12e8b_6042,11592.549
00e12e8b_6043,11593.034
00e12e8b_6044,11590.943
00e12e8b_6045,11591.833
00e12e8b_6046,11591.525
00e12e8b_6047,11591.453
00e12e8b_6048,11591.623
00e12e8b_6049,11592.154
00e12e8b_6050,11590.863
00e12e8b_6051,11593.913
00e12e8b_6052,11593.511
00e12e8b_6053,11593.2705
00e12e8b_6054,11592.673
00e12e8b_6055,11592.391
00e12e8b_6056,11593.484
00e12e8b_6057,11594.118
00e12e8b_6058,11594.457
00e12e8b_6059,11595.323
00e12e8b_6060,11593.533
00e12e8b_6061,11594.179
00e12e8b_6062,11596.916
00e12e8b_6063,11593.849
00e12e8b_6064,11595.854
00e12e8b_6065,11595.826
00e12e8b_6066,11594.311
00e12e8b_6067,11596.435
00e12e8b_6068,11595.275
00e12e8b_6069,11594.87
00e12e8b_6070,11595.412
00e12e8b_6071,11596.018
00e12e8b_6072,11597.031
00e12e8b_6073,11594.442
00e12e8b_6074,11595.346
00e12e8b_6075,11594.114
00e12e8b_6076,11593.592
00e12e8b_6077,11594.51
00e12e8b_6078,11594.391
00e12e8b_6079,11592.9375
00e12e8b_6080,11593.79
00e12e8b_6081,11595.222
00e12e8b_6082,11591.77
00e12e8b_6083,11593.409
00e12e8b_6084,11592.795
00e12e8b_6085,11593.021
00e12e8b_6086,11592.984
00e12e8b_6087,11592.746
00e12e8b_6088,11593.217
00e12e8b_6089,11593.6
00e12e8b_6090,11595.4
00e12e8b_6091,11595.92
00e12e8b_6092,11594.141
00e12e8b_6093,11595.183
00e12e8b_6094,11594.807
00e12e8b_6095,11593.433
00e12e8b_6096,11595.307
00e12e8b_6097,11595.489
00e12e8b_6098,11594.086
00e12e8b_6099,11593.451
00e12e8b_6100,11596.217
00e12e8b_6101,11595.205
00e12e8b_6102,11595.482
00e12e8b_6103,11596.983
00e12e8b_6104,11597.153
00e12e8b_6105,11594.3545
00e12e8b_6106,11595.195
00e12e8b_6107,11594.833
00e12e8b_6108,11593.75
00e12e8b_6109,11596.047
00e12e8b_6110,11595.82
00e12e8b_6111,11594.565
00e12e8b_6112,11594.611
00e12e8b_6113,11595.742
00e12e8b_6114,11596.493
00e12e8b_6115,11596.949
00e12e8b_6116,11598.445
00e12e8b_6117,11599.151
00e12e8b_6118,11596.686
00e12e8b_6119,11597.826
00e12e8b_6120,11597.885
00e12e8b_6121,11596.528
00e12e8b_6122,11596.847
00e12e8b_6123,11596.791
00e12e8b_6124,11597.111
00e12e8b_6125,11595.849
00e12e8b_6126,11596.89
00e12e8b_6127,11597.644
00e12e8b_6128,11595.461
00e12e8b_6129,11597.299
00e12e8b_6130,11598.359
00e12e8b_6131,11595.102
00e12e8b_6132,11595.303
00e12e8b_6133,11595.597
00e12e8b_6134,11596.252
00e12e8b_6135,11594.567
00e12e8b_6136,11595.878
00e12e8b_6137,11594.802
00e12e8b_6138,11592.8125
00e12e8b_6139,11595.724
00e12e8b_6140,11594.387
00e12e8b_6141,11595.6045
00e12e8b_6142,11594.701
00e12e8b_6143,11595.567
00e12e8b_6144,11595.459
00e12e8b_6145,11594.516
00e12e8b_6146,11594.169
00e12e8b_6147,11593.711
00e12e8b_6148,11592.118
00e12e8b_6149,11594.748
00e12e8b_6150,11594.369
00e12e8b_6151,11594.096
00e12e8b_6152,11594.384
00e12e8b_6153,11594.739
00e12e8b_6154,11596.066
00e12e8b_6155,11594.201
00e12e8b_6156,11596.686
00e12e8b_6157,11594.425
00e12e8b_6158,11594.3955
00e12e8b_6159,11595.161
00e12e8b_6160,11595.517
00e12e8b_6161,11594.099
00e12e8b_6162,11595.62
00e12e8b_6163,11595.545
00e12e8b_6164,11594.486
00e12e8b_6165,11594.1455
00e12e8b_6166,11594.428
00e12e8b_6167,11594.904
00e12e8b_6168,11593.053
00e12e8b_6169,11595.674
00e12e8b_6170,11593.473
00e12e8b_6171,11592.705
00e12e8b_6172,11595.088
00e12e8b_6173,11594.785
00e12e8b_6174,11594.962
00e12e8b_6175,11595.141
00e12e8b_6176,11595.908
00e12e8b_6177,11597.136
00e12e8b_6178,11594.946
00e12e8b_6179,11598.525
00e12e8b_6180,11597.959
00e12e8b_6181,11595.977
00e12e8b_6182,11598.394
00e12e8b_6183,11596.439
00e12e8b_6184,11597.086
00e12e8b_6185,11595.484
00e12e8b_6186,11596.422
00e12e8b_6187,11596.46
00e12e8b_6188,11595.597
00e12e8b_6189,11596.564
00e12e8b_6190,11596.799
00e12e8b_6191,11595.85
00e12e8b_6192,11598.295
00e12e8b_6193,11599.275
00e12e8b_6194,11597.919
00e12e8b_6195,11597.442
00e12e8b_6196,11597.932
00e12e8b_6197,11598.357
00e12e8b_6198,11595.215
00e12e8b_6199,11599.729
00e12e8b_6200,11597.6455
00e12e8b_6201,11597.404
00e12e8b_6202,11597.934
00e12e8b_6203,11598.315
00e12e8b_6204,11596.271
00e12e8b_6205,11599.338
00e12e8b_6206,11599.441
00e12e8b_6207,11597.963
00e12e8b_6208,11598.089
00e12e8b_6209,11598.42
00e12e8b_6210,11598.311
00e12e8b_6211,11596.821
00e12e8b_6212,11597.753
00e12e8b_6213,11598.355
00e12e8b_6214,11595.44
00e12e8b_6215,11597.258
00e12e8b_6216,11599.347
00e12e8b_6217,11597.31
00e12e8b_6218,11599.311
00e12e8b_6219,11600.183
00e12e8b_6220,11600.0205
00e12e8b_6221,11597.24
00e12e8b_6222,11598.328
00e12e8b_6223,11598.626
00e12e8b_6224,11597.021
00e12e8b_6225,11598.592
00e12e8b_6226,11598.116
00e12e8b_6227,11595.559
00e12e8b_6228,11597.174
00e12e8b_6229,11598.979
00e12e8b_6230,11598.429
00e12e8b_6231,11599.983
00e12e8b_6232,11599.852
00e12e8b_6233,11596.211
00e12e8b_6234,11597.023
00e12e8b_6235,11597.115
00e12e8b_6236,11596.414
00e12e8b_6237,11598.584
00e12e8b_6238,11599.202
00e12e8b_6239,11595.648
00e12e8b_6240,11597.555
00e12e8b_6241,11599.049
00e12e8b_6242,11595.406
00e12e8b_6243,11601.515
00e12e8b_6244,11597.947
00e12e8b_6245,11598.07
00e12e8b_6246,11599.648
00e12e8b_6247,11594.537
00e12e8b_6248,11598.464
00e12e8b_6249,11597.506
00e12e8b_6250,11597.031
00e12e8b_6251,11597.905
00e12e8b_6252,11598.68
00e12e8b_6253,11598.05
00e12e8b_6254,11596.469
00e12e8b_6255,11600.733
00e12e8b_6256,11598.643
00e12e8b_6257,11599.394
00e12e8b_6258,11599.386
00e12e8b_6259,11597.01
00e12e8b_6260,11598.404
00e12e8b_6261,11597.9375
00e12e8b_6262,11598.379
00e12e8b_6263,11598.473
00e12e8b_6264,11599.711
00e12e8b_6265,11599.397
00e12e8b_6266,11599.252
00e12e8b_6267,11599.68
00e12e8b_6268,11598.624
00e12e8b_6269,11599.483
00e12e8b_6270,11599.464
00e12e8b_6271,11597.472
00e12e8b_6272,11598.699
00e12e8b_6273,11598.026
00e12e8b_6274,11598.7295
00e12e8b_6275,11599.045
00e12e8b_6276,11597.225
00e12e8b_6277,11595.459
00e12e8b_6278,11597.486
00e12e8b_6279,11594.904
00e12e8b_6280,11596.408
00e12e8b_6281,11596.889
00e12e8b_6282,11597.68
00e12e8b_6283,11596.537
00e12e8b_6284,11594.491
00e12e8b_6285,11598.007
00e12e8b_6286,11594.552
00e12e8b_6287,11596.587
00e12e8b_6288,11595.735
00e12e8b_6289,11592.62
00e12e8b_6290,11594.95
00e12e8b_6291,11591.114
00e12e8b_6292,11592.154
00e12e8b_6293,11597.364
00e12e8b_6294,11595.99
00e12e8b_6295,11597.248
00e12e8b_6296,11596.872
00e12e8b_6297,11593.567
00e12e8b_6298,11597.328
00e12e8b_6299,11594.1875
00e12e8b_6300,11593.433
00e12e8b_6301,11595.634
00e12e8b_6302,11592.855
00e12e8b_6303,11591.924
00e12e8b_6304,11594.189
00e12e8b_6305,11591.633
00e12e8b_6306,11594.652
00e12e8b_6307,11596.331
00e12e8b_6308,11596.169
00e12e8b_6309,11595.445
00e12e8b_6310,11594.218
00e12e8b_6311,11596.636
00e12e8b_6312,11594.2
00e12e8b_6313,11594.155
00e12e8b_6314,11595.794
00e12e8b_6315,11593.909
00e12e8b_6316,11593.407
00e12e8b_6317,11594.445
00e12e8b_6318,11594.581
00e12e8b_6319,11595.1045
00e12e8b_6320,11594.12
00e12e8b_6321,11593.635
00e12e8b_6322,11594.774
00e12e8b_6323,11593.557
00e12e8b_6324,11594.094
00e12e8b_6325,11593.916
00e12e8b_6326,11595.287
00e12e8b_6327,11595.2295
00e12e8b_6328,11593.967
00e12e8b_6329,11594.057
00e12e8b_6330,11595.514
00e12e8b_6331,11597.619
00e12e8b_6332,11595.584
00e12e8b_6333,11594.506
00e12e8b_6334,11595.183
00e12e8b_6335,11593.971
00e12e8b_6336,11597.584
00e12e8b_6337,11596.539
00e12e8b_6338,11597.225
00e12e8b_6339,11598.096
00e12e8b_6340,11598.127
00e12e8b_6341,11596.162
00e12e8b_6342,11595.311
00e12e8b_6343,11596.871
00e12e8b_6344,11598.404
00e12e8b_6345,11597.385
00e12e8b_6346,11597.21
00e12e8b_6347,11595.566
00e12e8b_6348,11593.848
00e12e8b_6349,11594.265
00e12e8b_6350,11595.464
00e12e8b_6351,11596.487
00e12e8b_6352,11597.167
00e12e8b_6353,11594.56
00e12e8b_6354,11591.984
00e12e8b_6355,11593.275
00e12e8b_6356,11593.556
00e12e8b_6357,11594.02
00e12e8b_6358,11596.209
00e12e8b_6359,11599.232
00e12e8b_6360,11596.876
00e12e8b_6361,11598.613
00e12e8b_6362,11598.39
00e12e8b_6363,11598.853
00e12e8b_6364,11599.4
00e12e8b_6365,11598.471
00e12e8b_6366,11595.719
00e12e8b_6367,11594.177
00e12e8b_6368,11596.773
00e12e8b_6369,11597.375
00e12e8b_6370,11597.318
00e12e8b_6371,11600.207
00e12e8b_6372,11601.796
00e12e8b_6373,11601.009
00e12e8b_6374,11600.122
00e12e8b_6375,11601.264
00e12e8b_6376,11600.209
00e12e8b_6377,11599.689
00e12e8b_6378,11596.101
00e12e8b_6379,11593.849
00e12e8b_6380,11594.275
00e12e8b_6381,11593.029
00e12e8b_6382,11591.175
00e12e8b_6383,11588.748
